Date,Close,High,Low,Open,Volume
2000-01-03,35.5203857421875,36.148896589100204,34.13004356568365,35.76798092430463,53228400
2000-01-04,34.32050323486328,35.691799701517084,34.206228529308795,34.606189998749485,54119000
2000-01-05,34.68234634399414,35.463222895396534,33.33009670619975,33.863378253498944,64059600
2000-01-06,33.52057647705078,34.70141496658325,33.02538614273072,34.18717885017395,54976600
2000-01-07,33.958621978759766,34.206217091336256,32.70160063798683,33.10156197368731,62013600
2000-01-10,34.20621871948242,34.64427163181433,33.939577816323876,34.56808851662617,44963600
2000-01-11,33.330116271972656,34.815687168666294,33.1206126839774,33.97767281668527,46743600
2000-01-12,32.2445068359375,33.17775009344544,31.8254996590972,33.063475408852625,66532400
2000-01-13,32.85397720336914,33.10157239388728,30.930353030882017,31.806459089638526,83144000
2000-01-14,34.20621871948242,34.720454747002485,32.22545772459035,32.66351063692225,73416400
2000-01-18,35.13945007324219,35.50131974879319,34.05384104658918,34.072886818986596,81483600
2000-01-19,32.60637283325195,33.97766888698685,32.301640376866416,33.67293643060131,97568200
2000-01-20,32.3016471862793,33.425348356085,32.263555621201135,32.62542548944366,56349800
2000-01-21,31.61598014831543,32.68254333404173,31.46361397892596,32.606360249347,68416200
2000-01-24,30.85416603088379,32.20641651742252,30.720845560379967,31.630281627031017,63597600
2000-01-25,31.330305099487305,31.65408332847897,30.33992463433634,30.777977532383883,59823200
2000-01-26,30.282791137695312,31.539812656618516,30.206608015336332,31.216034386592842,49365000
2000-01-27,30.092336654663086,30.835122179683253,29.635237870035294,30.439922188807138,63654800
2000-01-28,29.939958572387695,30.54942337793248,29.6352261696153,29.901867022041145,58225400
2000-01-31,29.825698852539062,29.92092777607846,28.911501186560855,29.74951571370755,73194200
2000-02-01,31.36840057373047,31.46362947650439,29.76855500712855,30.01615015434075,70196600
2000-02-02,30.720842361450195,31.6731313373166,30.625613463863555,31.216032628900727,49915600
2000-02-03,31.57790756225586,31.749319605718043,30.511343736268927,31.10176299708312,49186000
2000-02-04,32.473045349121094,32.91109816028226,31.735021591186523,31.806443245180194,55365400
2000-02-07,32.49209976196289,32.568282879810404,31.76836014241155,32.54923710034852,40005800
2000-02-08,33.501522064208984,33.52056784139159,32.43495854198289,32.43495854198289,56229000
2000-02-09,31.69217300415039,33.34915560713181,31.654081450058865,33.34915560713181,55090000
2000-02-10,32.3016471862793,32.47305922913102,31.23508336409083,31.658852025585354,54527800
2000-02-11,30.45421028137207,31.95882729965124,30.20661507583246,31.95882729965124,115559000
2000-02-14,30.35896873474121,31.006525156937702,30.187556740630377,30.849397495669436,81028600
2000-02-15,30.035200119018555,30.47325313280259,29.901879636562544,30.397069999970586,71027600
2000-02-16,29.749509811401367,30.53038682949833,29.597143563967812,30.244700115560416,65202600
2000-02-17,30.35896873474121,30.378014511864638,29.601899094085024,30.016144746519544,80343400
2000-02-18,28.9686279296875,30.492290148211495,28.91149059649285,30.473244370479946,79063000
2000-02-22,28.58771324157715,29.597139491945963,28.28298078863562,28.987674586062905,66296200
2000-02-23,28.721038818359375,29.17813757939427,28.054436458516815,28.492489437841925,75847200
2000-02-24,28.873403549194336,29.21622760188926,28.035389198162314,28.72103730355215,69733200
2000-02-25,27.825876235961914,28.859109491130248,27.57828117020729,28.854348047558044,65301400
2000-02-28,27.902076721191406,28.073488796611695,26.854558482511866,27.5021152118774,76131800
2000-02-29,27.235464096069336,27.95920370141943,27.083097863364053,27.95920370141943,58437400
2000-03-01,27.673513412475586,28.673416684433583,27.102140114213874,27.311643656909837,106889800
2000-03-02,28.454395294189453,29.063860253636616,27.76874721481139,27.978250794621356,106932600
2000-03-03,29.29240608215332,30.13042030036837,28.606758085431917,28.8733989730458,101435200
2000-03-06,27.61637306213379,29.673316710899616,27.464006865928912,29.254309671336205,93609400
2000-03-07,28.302032470703125,29.711420359553752,28.016345736476648,29.292413149354918,135061000
2000-03-08,29.12101173400879,29.311469626317542,27.730669120154868,28.58772963554427,94290000
2000-03-09,30.473241806030273,30.47324180603027,28.949579715728756,29.0448085963726,88198800
2000-03-10,30.77797508239746,31.23507372223505,30.32087644255988,30.339922219219776,85589000
2000-03-13,29.863788604736328,30.549436812498133,29.711422336344818,29.749513903442693,61831800
2000-03-14,28.9876708984375,30.24469210691114,28.9876708984375,30.054234348051494,73489200
2000-03-15,29.06385612487793,29.444771670420238,28.549620138395817,28.816261020275434,53208000
2000-03-16,29.06385612487793,29.463817447697352,28.41629969745601,29.23526812037197,77300800
2000-03-17,30.282791137695312,30.320882698874804,28.797220251695165,29.025769618772113,81161600
2000-03-20,29.673328399658203,30.397068116723037,29.406687451265896,30.092335604274687,47773000
2000-03-21,31.311260223388672,31.42553489573681,29.406682350919777,29.482865465818534,81648800
2000-03-22,31.463611602783203,32.187350852726155,30.81605543178161,31.330291214635814,93975800
2000-03-23,34.091941833496094,34.396674274465894,32.49209651840466,32.5492338510865,148224000
2000-03-24,34.03480911254883,35.04423546003908,33.38725258774376,34.32049581466871,112196800
2000-03-27,31.71123504638672,32.98730276296805,31.673143472757427,32.83969791515454,111434000
2000-03-28,31.787391662597656,32.73968020851131,31.196972764131196,31.577888182496658,81114400
2000-03-29,32.66349792480469,33.19677952357701,32.034987469108735,32.05403324049346,64363800
2000-03-30,31.5017147064209,33.10155995148701,31.235073832243213,32.35877465913489,64178400
2000-03-31,32.3778190612793,32.98728389066808,31.730262680053713,32.3016359576057,64281400
2000-04-03,27.692564010620117,29.4066842038497,27.425923091673294,28.778173466332188,260118200
2000-04-04,26.98786735534668,28.035385142604316,25.88321223423863,27.902064696953342,181244400
2000-04-05,26.321266174316406,26.968822650384972,26.168899944653216,26.89263953555338,82887600
2000-04-06,26.206995010375977,26.816460010617277,25.983207080599875,26.778368448102196,66421400
2000-04-07,27.140235900878906,27.23546479877673,25.902260228207236,26.51172517475329,82613600
2000-04-10,26.226045608520508,27.00692278350187,26.206999823764864,27.00692278350187,60685400
2000-04-11,25.559438705444336,26.226041056182453,25.445164016746375,25.940354334437547,71961800
2000-04-12,24.18813133239746,25.06423687672052,23.99767360537071,25.02614533131517,153003800
2000-04-13,24.150049209594727,25.064246656014717,24.073866089059727,24.64523949307222,94316200
2000-04-14,22.58830451965332,24.226242284147574,22.321663488224026,24.111967556392162,151217800
2000-04-17,23.121570587158203,23.159662136725185,22.24546494711761,22.626380442787436,119772200
2000-04-18,24.550012588500977,24.969019785511854,23.12157896232753,23.312036779150656,91794600
2000-04-19,23.978626251220703,24.835685966315964,23.80721430820165,24.816640194869404,53715400
2000-04-20,24.054821014404297,24.34050772478915,23.616768058480865,23.959592110942683,52387400
2000-04-24,20.30280303955078,20.721810231736633,19.807612721512957,20.493260854180715,313645800
2000-04-25,21.14081573486328,21.17890729474592,20.60753389650637,20.9503579354501,159517400
2000-04-26,20.721813201904297,21.674102411550635,20.53135535997503,21.331278296077954,107091200
2000-04-27,21.27413558959961,21.312227148399252,20.531350193006606,20.550395972406427,77669800
2000-04-28,21.255090713500977,21.636006317685585,20.797991988479453,21.55982319684866,78082600
2000-05-01,22.378787994384766,22.550199987533247,21.845506237922834,22.207376001236288,107811000
2000-05-02,21.293190002441406,22.397845655519763,21.178915279709162,22.188341997177318,97716200
2000-05-03,21.50267791748047,21.578861010190764,20.96939626850841,21.445540597947748,55354800
2000-05-04,21.4645938873291,21.712189025337334,21.121769850086935,21.42650232763553,43317200
2000-05-05,21.67409324645996,21.88359678399165,21.29317772367508,21.40745238051054,36402200
2000-05-08,21.27413558959961,21.750280074595125,21.236044030799967,21.61695961879638,36187600
2000-05-09,20.6646671295166,21.464589728078536,20.56943824873542,21.38840662345359,60778400
2000-05-10,20.169485092163086,20.68372125598594,20.03616460524605,20.645629688295358,67740000
2000-05-11,20.683719635009766,20.75990276442048,20.036163035018667,20.302803987956178,58390800
2000-05-12,20.969396591186523,21.255083193246286,20.79798462995067,20.85512195036262,37886000
2000-05-15,21.14081573486328,21.1598615148046,20.72180857615428,21.02654105521537,33899600
2000-05-16,21.17890167236328,21.521725620297218,21.04558124816675,21.1979474472485,48410600
2000-05-17,20.626577377319336,21.06463026714237,20.493256932590587,20.988447155868798,53242000
2000-05-18,20.169485092163086,20.74085860752181,20.074256172936632,20.74085860752181,53640400
2000-05-19,19.82664680480957,20.09328758796743,19.655234872779516,19.921875655937377,66578000
2000-05-22,19.560012817382812,19.883791023707552,19.026731065789125,19.84569947002229,69955000
2000-05-23,19.255287170410156,19.97902694536128,19.217195603307466,19.464790789474957,57963200
2000-05-24,19.979019165039062,20.283751583190277,19.198142343526573,19.236233895795475,85482400
2000-05-25,18.741044998168945,19.73142542490145,18.626770333545963,19.67428809258996,94348800
2000-05-26,18.722002029418945,19.083871855013005,18.398223764413736,18.912459832363187,55822000
2000-05-30,19.31241798400879,19.54096730926333,18.893410887708797,19.02673132744061,68536400
2000-05-31,19.06482696533203,19.41241247194273,18.912460715858845,19.39336669075858,54968200
2000-06-01,19.674287796020508,20.11234067047208,19.44573847021969,19.617150464570305,94507200
2000-06-02,20.20757484436035,20.34089531929958,19.807613419542662,20.112345933689472,80463200
2000-06-05,20.37898826599121,20.83608706821905,20.11234729802497,20.11710874388151,64400000
2000-06-06,21.216989517211914,21.29317260344966,20.664662141988263,20.77893677134488,99019000
2000-06-07,21.483631134033203,21.55981422316098,20.45515943080821,21.102715688394316,76310600
2000-06-08,20.969396591186523,21.978822585131017,20.79798462995067,21.80741062389516,94765600
2000-06-09,20.969396591186523,21.236037419775634,20.817030403421317,21.216991646304987,35710200
2000-06-12,20.37898826599121,21.02654490248065,20.22662199858193,21.02654490248065,49260600
2000-06-13,20.683719635009766,20.721811199715123,20.150437729134744,20.340895552661536,44289200
2000-06-14,21.483631134033203,21.635997312288758,21.178898777522093,21.274127638931816,79992400
2000-06-15,22.055015563964844,22.150244473999233,21.521733667772256,21.57887101379289,65592600
2000-06-16,22.112150192260742,22.283562209255013,21.788371937938233,22.131195971926772,68710600
2000-06-19,22.454971313476562,22.49306286786753,21.94073532919847,22.112147323957835,46604800
2000-06-20,22.83588218688965,22.93111105339044,22.474012494186642,22.51210404078696,62275000
2000-06-21,24.588098526000977,25.045197181790304,23.445351886527654,23.46439766385221,160399600
2000-06-22,24.340492248535156,24.98804838034282,24.16908033129195,24.797590694517037,87315200
2000-06-23,23.673908233642578,24.39764798656166,23.464404620955474,24.35955642061855,49811600
2000-06-26,24.226226806640625,24.416684564554465,23.616761981316333,23.616761981316333,48287000
2000-06-27,24.016725540161133,24.416686869537326,23.88340509703573,24.150045983286528,31071200
2000-06-28,24.054821014404297,24.39764506686612,23.959592110942683,24.07386679509662,37459200
2000-06-29,23.521528244018555,24.054809856028694,23.483436700303546,23.84530636559614,38449000
2000-06-30,24.378599166870117,24.378599166870117,23.3691727951169,23.483447478711604,52356400
2000-07-03,24.378599166870117,24.397644947469235,24.188141360878944,24.28337026387453,15734800
2000-07-05,23.921497344970703,24.34050446407051,23.8453142324071,24.34050446407051,34824400
2000-07-06,24.664289474487305,24.892838875023095,23.921503922745988,24.035778623013883,47873200
2000-07-07,24.988056182861328,25.25469702627601,24.55000336868007,24.764268332138293,54153200
2000-07-10,24.207195281982422,24.778568892100026,24.188149494978504,24.588111022060826,52689800
2000-07-11,24.111963272094727,24.53097053274724,23.921505426343582,24.016734349219153,37164800
2000-07-12,24.473827362060547,24.683330942591805,23.521538359645742,23.845316620466775,58370200
2000-07-13,24.35955047607422,24.37859625439797,23.578673564800535,24.016726466246748,80843200
2000-07-14,24.054821014404297,24.3024161634045,23.902454768865713,24.226233040635208,51180600
2000-07-17,23.826265335083008,24.24527239932907,23.616761802959974,23.845311110730556,53992800
2000-07-18,23.921497344970703,24.22622979522511,23.5977191165754,23.6548564509981,70617200
2000-07-19,22.2835636138916,23.616768274551784,22.18833470955873,23.178715314620582,139924600
2000-07-20,22.797800064086914,22.93112053229795,22.28356397241578,22.378792878280805,54690600
2000-07-21,22.035972595214844,22.854941326065525,21.902652104146128,22.778758188311972,56100600
2000-07-24,21.50267791748047,21.978822246919805,21.33126595888231,21.959776473742235,56165600
2000-07-25,21.02653694152832,21.636001780413203,20.836079179376796,21.578864451767743,64188600
2000-07-26,20.6646671295166,21.178903085734987,20.493255144110474,21.045582652641333,85404600
2000-07-27,21.14081573486328,21.3693650941591,20.569442336623734,20.683717016271643,74337600
2000-07-28,21.236045837402344,21.883602392085464,21.21700005638225,21.616961457804177,75645600
2000-07-31,21.27413558959961,21.674096956995843,21.102723575001225,21.388410265998534,70283800
2000-08-01,20.931312561035156,21.350319727862065,20.778946318552645,21.31222816724144,47163600
2000-08-02,21.14081573486328,21.464593993865694,20.874174815684825,20.893220595626143,48269200
2000-08-03,21.4074649810791,21.44555655577853,20.759908211188808,20.778953998538523,54543400
2000-08-04,21.064632415771484,21.293181772904628,20.77894571935505,21.15986131457696,38107400
2000-08-07,21.331270217895508,21.674094203540257,21.255087109974454,21.388407548836298,52741800
2000-08-08,22.58830451965332,22.75971661128644,21.331282514343776,21.350328302303012,138038800
2000-08-09,22.626388549804688,22.816846365880483,22.283564480868254,22.47402229694405,63945600
2000-08-10,22.131189346313477,22.569242147488357,21.864548510815723,22.493059051631857,48986000
2000-08-11,22.07406234741211,22.150245478895847,21.826467170089973,22.07406234741211,35629600
2000-08-14,21.997879028320312,22.35974889978186,21.75028385310978,22.035970593737318,53427000
2000-08-15,21.82646942138672,22.245476687765873,21.78837785171589,21.940744130399217,40714200
2000-08-16,21.636009216308594,22.016924871525298,21.50268873698275,21.902650174960286,44976200
2000-08-17,21.807409286499023,21.940729692617357,21.502676929657117,21.674088880380687,36112800
2000-08-18,21.636009216308594,21.76932969563444,21.331276692135233,21.674100781830266,54438800
2000-08-21,21.5217342376709,21.57887158520454,21.350322195069978,21.540780020182112,34119600
2000-08-22,21.71218490600586,22.07405465443929,21.397929598155777,21.57886447237249,54428200
2000-08-23,21.55982208251953,21.674096757868575,21.445547407170487,21.57886786174437,36726800
2000-08-24,21.67409324645996,21.69313902259921,21.312223499814323,21.521727037346007,42405400
2000-08-25,21.5217342376709,21.845512540361522,21.502688455159685,21.540780020182112,52729400
2000-08-28,21.731237411499023,21.978832579202344,21.369367551009557,21.38841333314058,56421600
2000-08-29,21.616954803466797,22.169282283026742,21.59790902830956,21.693137904095757,59400200
2000-08-30,21.331270217895508,21.616956872599467,21.236041332994187,21.54077376467841,53498800
2000-08-31,21.27413558959961,21.94073786859333,21.236044030799967,21.597913839396558,72575400
2000-09-01,21.388412475585938,21.521732945157712,21.236046224646767,21.33127513148375,37629800
2000-09-05,21.369359970092773,21.540771948462503,21.274131093220703,21.331268419343946,50755200
2000-09-06,21.15985870361328,21.54077425183314,21.121767148791296,21.35031647772321,62960800
2000-09-07,21.350318908691406,21.95978385523746,21.159861112895765,21.331273129111842,111711200
2000-09-08,21.121763229370117,21.597907576290094,21.08367168161652,21.4455413852757,56709600
2000-09-11,20.969396591186523,21.236037419775634,20.740847309538715,21.06462545853978,48495200
2000-09-12,20.75989532470703,21.12176505972486,20.607529120488998,20.950353079979575,46781200
2000-09-13,20.797998428344727,20.95036471719707,20.4742200645335,20.588494781172756,40744800
2000-09-14,20.055208206176758,20.950359949472396,20.01711664263226,20.931314167700148,78503000
2000-09-15,19.560012817382812,19.998065684763343,19.29337194158597,19.94092835423545,99915200
2000-09-18,19.198144912719727,19.69333515848432,18.950549789837428,19.5790604863848,69037800
2000-09-19,19.807607650756836,20.03615696980403,19.312417459487914,19.388600565836978,79311200
2000-09-20,19.57906150817871,19.80761086430531,19.25528325366603,19.76951930495088,67791400
2000-09-21,19.560012817382812,19.84569947002229,19.369555048956496,19.50287548685492,48952200
2000-09-22,19.274324417114258,19.35050751757716,18.588676512948137,18.62676806317959,84476600
2000-09-25,18.66486358642578,19.35051163653938,18.417268457218093,19.27432851986009,53484200
2000-09-26,19.102920532226562,20.074255474543165,18.417272337650132,18.569638603111564,155704800
2000-09-27,18.474409103393555,19.369560884692007,18.226813929842923,19.33146931953037,106155600
2000-09-28,18.68391227722168,18.855324316462248,18.474408673705433,18.531546020118956,52360400
2000-09-29,18.37917709350586,18.683909563449998,17.864941050475124,18.588680666592456,74053600
2000-10-02,18.01730728149414,18.53154332441205,17.75066637035152,18.436314427575397,58562400
2000-10-03,17.236427307128906,18.226807660687694,17.21738153109893,18.150624556567788,85374000
2000-10-04,16.893604278564453,17.236428266179065,16.607917622218945,17.179290934909965,136453400
2000-10-05,16.87456512451172,17.445938661459067,16.836473555381893,16.91265669364154,81099400
2000-10-06,16.93169403076172,17.29356375695348,16.684098954946307,17.007877131012616,61794000
2000-10-09,16.5126953125,16.988839929354096,16.150825403690888,16.95074836000577,58323600
2000-10-10,16.626964569091797,16.931697023966333,16.398415227935896,16.436506784795213,62066200
2000-10-11,16.988832473754883,17.35070222375639,16.45555073691056,16.45555073691056,101205800
2000-10-12,16.56982421875,17.33165521731322,16.398412244073274,17.160243242636493,90219600
2000-10-13,16.37936782836914,16.722191806172216,15.884177638209144,16.41745938145837,104521200
2000-10-16,15.35090160369873,16.39841970320671,15.103306416542301,16.30319078506962,119759000
2000-10-17,15.369945526123047,15.979410528398065,15.312808182159765,15.807998496508215,81276600
2000-10-18,15.769903182983398,16.227001825968426,14.760477013058134,15.122346772087946,110536400
2000-10-19,18.855318069458008,18.950546948596685,17.674479968138414,17.80780039893256,256993200
2000-10-20,19.86475372314453,20.150440497686397,18.62677770012977,18.683915055038145,160378600
2000-10-23,18.931503295898438,20.188524641501353,18.493450402733785,19.69333441444566,185170400
2000-10-24,18.741044998168945,19.179097879223708,18.34108367198851,19.08386899203789,94427400
2000-10-25,18.66486358642578,19.331465857369558,18.417268457218093,18.874367157293825,167603800
2000-10-26,19.63619613647461,19.82665390695448,18.531541067691364,18.588678398835324,114826600
2000-10-27,20.626577377319336,21.08367604496076,19.69333426421809,19.712380042036486,124292400
2000-10-30,21.04557991027832,21.36935806274414,20.5313440210679,20.569435568416818,110057600
2000-10-31,20.988447189331055,21.17890496781863,20.721806299448446,21.02653874502857,104474000
2000-11-01,21.216989517211914,21.350309918127966,20.855119857582626,20.874165629142063,81309400
2000-11-02,21.42650604248047,21.588395199245877,21.217002427842882,21.445551825629337,77985200
2000-11-03,20.797998428344727,21.21700572268867,20.740861070025097,21.10273100604941,68711000
2000-11-06,21.17890167236328,21.36935942121547,20.797986174658906,20.931306598855436,74851400
2000-11-07,21.483631134033203,21.902638124235978,21.178898777522093,21.25508186664987,104331200
2000-11-08,21.15985870361328,22.055010241929953,20.72180582316044,21.674094693710092,206149400
2000-11-09,21.597919464111328,21.731239954630535,20.855133874075754,20.87417965843564,91058600
2000-11-10,20.531356811523438,21.426508731877426,20.359944741668418,21.312234018640748,93744400
2000-11-13,20.24565887451172,20.75989480076931,19.626671185497955,20.321841974698028,83364800
2000-11-14,20.969396591186523,21.274128966716937,20.512298027890907,20.721801536068064,84218600
2000-11-15,21.350318908691406,21.597914043225742,20.931311757940996,21.045586435418382,60422200
2000-11-16,21.007492065429688,21.788368923709488,21.007492065429688,21.159858281679405,92128600
2000-11-17,21.04557991027832,21.33126651539522,20.659902993370505,21.15985455232508,106525600
2000-11-20,20.47421646118164,20.87417789902798,19.979026109562366,20.759903202500457,80157200
2000-11-21,20.645626068115234,21.102724800250627,20.531351385081386,20.531351385081386,59487600
2000-11-22,20.797998428344727,21.178914150475585,20.11235012850919,20.13139591461573,76343200
2000-11-24,21.312225341796875,21.464591564079605,20.874172452734026,21.026538675016756,34439200
2000-11-27,21.540775299072266,22.016919757495614,21.52172952073533,21.76932463911547,85307600
2000-11-28,20.41707992553711,21.255094400092737,20.359942574999227,21.140819699016973,127446200
2000-11-29,19.82664680480957,20.4551572222531,19.274319468268285,20.359928371125292,98280400
2000-11-30,17.48403549194336,18.912469764160953,17.369760750165952,18.89342397386472,197200800
2000-12-01,17.25547981262207,18.47440995391105,17.08406776150331,17.6935328321478,109809800
2000-12-04,17.198339462280273,17.979216447832314,16.817423859571964,17.445934604040676,80407200
2000-12-05,18.245861053466797,18.43631889327334,17.750670669969786,18.0363574296796,101734400
2000-12-06,17.274526596069336,18.302998962318227,17.08406875046769,18.28395317775806,90560800
2000-12-07,16.18890953063965,16.455550393497244,15.922268667782054,16.284138410231645,145308400
2000-12-08,16.588882446289062,17.026935599290955,16.284149818113832,16.646019814071916,120939800
2000-12-11,17.69352912902832,17.903032703214876,16.760285934924564,16.912652170696607,95576200
2000-12-12,17.788753509521484,18.283943650043497,17.293563368999475,17.61734153780233,63106000
2000-12-13,17.445938110351562,18.43631887644139,17.312617622608702,18.43631887644139,98360400
2000-12-14,16.91265106201172,17.898270085051255,16.874559505565745,17.65543641270818,71201400
2000-12-15,14.989022254943848,15.846081977272277,14.550969507975985,15.555633960260975,116899800
2000-12-18,14.570021629333496,15.236623926100387,14.322426490534363,14.93189144757838,107187400
2000-12-19,13.655820846557617,14.62715538376046,13.56059197036126,14.455743406607018,120271800
2000-12-20,12.646395683288574,13.408226748546921,12.608304130025656,13.046356992549207,149037800
2000-12-21,13.236821174621582,13.751057392916232,12.284531881483339,12.417852382522693,163173000
2000-12-22,14.151016235351562,14.36051984045098,13.636780113743901,13.636780113743901,109551800
2000-12-26,14.284330368041992,14.798566261291503,13.979597986857096,14.284330368041992,66941600
2000-12-27,14.151016235351562,14.265290929042155,13.712963242870963,14.055787323942736,69003800
2000-12-28,13.579641342163086,14.093877409818631,13.37013775904416,13.751053364714934,77619200
2000-12-29,13.217767715454102,13.960552932893165,13.103493066617323,13.389179688709271,99977600
2001-01-02,13.217767715454102,13.712957860413479,13.065401517005064,13.446317013127661,82413200
2001-01-03,14.608107566833496,14.893794155493865,13.14158307837694,13.160628850954296,135962200
2001-01-04,14.760479927062988,15.388990685247606,14.284335413286763,14.570022121552498,112397000
2001-01-05,14.969979286193848,15.198528588273142,14.49383490686198,14.7795215344611,93414600
2001-01-08,14.912849426269531,15.160444627471964,14.227201176785876,14.912849426269533,79817600
2001-01-09,15.78895378112793,16.03654895501775,15.160442955099917,15.236626085527554,114965400
2001-01-10,16.11273193359375,16.398418670004986,15.465175331061614,15.541358460771278,90230200
2001-01-11,16.76028823852539,16.988837623596194,15.941319608688355,16.150823211669923,101854800
2001-01-12,16.303186416625977,16.760285101204275,15.998453960240443,16.72219354415608,73712000
2001-01-16,16.017501831054688,16.303188546234022,15.579448867779707,16.26509698421011,68462400
2001-01-17,16.13178062438965,16.722199986085137,16.01750590922278,16.341284268862243,72844200
2001-01-18,16.91265106201172,17.122154622464567,16.036545263754356,16.36032349354512,109788800
2001-01-19,18.58868408203125,18.722004562127786,17.941127464419505,18.283951556096312,209348800
2001-01-22,18.322044372558594,18.58868535095342,17.979220257479536,18.512502214269183,76673000
2001-01-23,18.455366134643555,18.569640847551565,17.96017571204218,18.207770923342867,70295200
2001-01-24,19.17910385131836,19.331470118260313,18.512501433447316,18.588684566918293,110455000
2001-01-25,18.83627700805664,19.502879328867543,18.760093885678252,19.1219637169756,85657400
2001-01-26,19.50287437438965,19.598103253170848,18.588677138090134,18.588677138090134,93080000
2001-01-29,19.655237197875977,19.6933287428331,19.35050483821898,19.369550610697544,84983800
2001-01-30,19.31241798400879,19.73142508030878,19.16005176717243,19.655241971890604,57276800
2001-01-31,18.607725143432617,19.42669359908011,18.588679365394302,19.198144262620346,81898800
2001-02-01,19.007688522338867,19.083871642668882,18.398223559698742,18.531544020276268,71792800
2001-02-02,18.531543731689453,19.312420702911723,18.512497951903544,19.045779785908998,71100000
2001-02-05,18.874364852905273,18.912456406594288,18.360128878103616,18.512495092859663,51399200
2001-02-06,19.06482696533203,19.445742589014987,18.79818602875396,18.912460715858845,96442000
2001-02-07,19.712387084960938,19.82666179269984,18.836280992296004,18.893418346165458,126061800
2001-02-08,18.969594955444336,19.655242965882085,18.893411843173475,19.4266936290695,88041200
2001-02-09,18.01730728149414,18.76009267682001,17.82684948782084,18.68390955935069,100575200
2001-02-12,17.903030395507812,18.11253394268929,17.426885970095373,17.92207617252431,71289400
2001-02-13,17.73162841796875,18.607734655591265,17.712582630194348,18.169681536780008,76070600
2001-02-14,17.788753509521484,17.979211255876105,17.1792887211867,17.560204213895943,61728400
2001-02-15,17.922077178955078,18.341084296847757,17.636390507664615,17.97921451321317,65627800
2001-02-16,17.464981079101562,17.75066779250017,17.10311124212999,17.36975217463536,66958400
2001-02-20,17.02692413330078,17.750663637848245,16.874557921817107,17.48402276775181,60730800
2001-02-21,17.141204833984375,17.693532545301647,16.81742652045356,16.83647230360243,63947200
2001-02-22,16.817428588867188,17.31261901164244,16.417467093548716,17.160252727711594,100816400
2001-02-23,17.293569564819336,17.52211894232796,16.550784087916302,16.588875650834407,92620600
2001-02-26,18.15062141418457,18.264896050580276,17.484019368542956,17.560202459473423,87936800
2001-02-27,18.09348487854004,18.64581231167442,17.879219926031013,18.09348487854004,99148600
2001-02-28,17.979209899902344,18.30774948758594,17.731614848314706,18.150621858693786,84608400
2001-03-01,18.088726043701172,18.13157904038275,17.14119867263075,17.845892395838902,81781600
2001-03-02,17.274526596069336,17.712579640953123,17.198343457828678,17.522121795351474,79800800
2001-03-05,17.503080368041992,17.864950364769737,17.23643931782155,17.44594300013761,49383600
2001-03-06,18.112531661987305,18.283943633551853,17.788753493476488,17.864936591949622,66781800
2001-03-07,18.493446350097656,18.62676676662771,18.07443932671748,18.245851290827552,59743600
2001-03-08,18.05539321899414,18.46487734790593,17.807798164303293,18.37917136743602,54626000
2001-03-09,17.274526596069336,17.731625425513286,16.72219884382456,17.655442287272628,103794400
2001-03-12,15.827037811279297,16.76028071471213,15.73180894358207,16.665051847014904,114376000
2001-03-13,16.5126953125,16.684107374567475,15.846092848904268,15.903230202926759,91035600
2001-03-14,16.45555877685547,16.83647448928268,15.903230993836015,15.998459921942818,90686200
2001-03-15,16.36033058166504,17.088831914317762,16.303193222241294,16.855521030004144,71638400
2001-03-16,16.626964569091797,16.798376574958723,15.993692436305654,15.99845388091307,112848800
2001-03-19,16.550779342651367,16.912649086621883,16.188909598680855,16.607916670646713,61036400
2001-03-20,16.055593490600586,17.103111452620787,16.036547709472945,16.626966924429787,91822800
2001-03-21,15.25566577911377,16.227000304375697,15.16043690408809,15.922267904293522,124988600
2001-03-22,16.45555877685547,16.47460456247683,15.388994782059282,15.408040567680642,126363200
2001-03-23,17.236427307128906,17.36974773933874,16.569825146079722,16.74123713034951,99519600
2001-03-26,17.084064483642578,17.522117419120594,16.931698245215443,17.407842740300243,63118600
2001-03-27,17.75067138671875,17.845900310467243,17.026931566230218,17.08406892047931,95135600
2001-03-28,16.93169403076172,17.655433483145234,16.874556705573546,17.484021507580717,78681600
2001-03-29,16.87456512451172,17.426892876894154,16.626969925167867,16.87456512451172,86985000
2001-03-30,16.665058135986328,17.122156873430527,16.41746298653739,16.988836408342635,91201600
2001-04-02,17.00788116455078,17.350705196982936,16.646011352539062,16.703148691277754,75924000
2001-04-03,16.26509666442871,16.855515864191347,16.074638858053667,16.855515864191347,94187600
2001-04-04,15.827037811279297,16.76028071471213,15.56039698172706,16.265090602686545,104046600
2001-04-05,17.293569564819336,17.484027379409856,16.303188928948625,16.37937205478483,113364000
2001-04-06,17.12215805053711,17.42689056311619,16.77933397388564,17.179295396645685,92622000
2001-04-09,17.41546630859375,17.497743077013908,16.961414281677598,17.23872086540979,56295600
2001-04-10,18.18644142150879,18.311381739365007,17.607449024148206,17.65925416994657,109199400
2001-04-11,18.296140670776367,18.741049868334493,18.192531568095212,18.482027692862758,109879600
2001-04-12,18.948261260986328,18.98787679959625,18.085867986610126,18.14986267589135,87520000
2001-04-16,18.52468490600586,18.76542380739091,18.320513571140697,18.710571876380087,65857400
2001-04-17,18.734954833984375,18.92693664342457,18.296140432011935,18.44241189933608,85149200
2001-04-18,19.93864631652832,20.20681006272395,19.19814629500955,19.31699177655614,156696400
2001-04-19,20.733999252319336,21.02654216871928,20.036161559323084,20.054444765059195,159375600
2001-04-20,21.02653694152832,21.666474557372673,20.8741707318071,21.422690016773036,192919600
2001-04-23,20.797998428344727,20.86503996742777,20.386609913428416,20.755336053460077,92171200
2001-04-24,20.58467674255371,21.309939094832757,20.459735329282154,20.782750963712694,89176600
2001-04-25,21.236812591552734,21.267285382196363,20.493264410238737,20.590778735253284,76744000
2001-04-26,21.066158294677734,21.636008944701178,20.797994513744445,21.352607607780644,118737600
2001-04-27,20.45363426208496,21.233748261379656,20.17632673347508,21.188037948156552,121572400
2001-04-30,20.645626068115234,21.044824883537675,20.62429488694589,20.883317036837738,74368200
2001-05-01,21.383073806762695,21.422690510153885,20.59991156375576,20.618197090291655,83702800
2001-05-02,21.258129119873047,21.681706895056983,21.13318774197972,21.635996578146663,92864400
2001-05-03,20.88331413269043,21.38612313310088,20.764468664856473,21.102721865591285,66273400
2001-05-04,21.55982208251953,21.651242752768454,20.70961821893174,20.721807796626546,119538400
2001-05-07,21.751798629760742,21.986443887859625,21.54458049757384,21.584197198899613,109356200
2001-05-08,21.95901870727539,21.971208283769045,21.559819958035153,21.86455239560455,75084000
2001-05-09,21.453166961669922,21.72742665743627,21.288611144210112,21.709141127768973,76676600
2001-05-10,21.331270217895508,21.709137782205236,21.319080641637264,21.675617028726055,64334600
2001-05-11,21.148435592651367,21.33127462444746,20.919886221675146,21.31908504567113,51128800
2001-05-14,20.94121742248535,21.087487718086443,20.81323033260329,21.066156536439433,44968000
2001-05-15,20.804086685180664,21.117963112108598,20.721809933411823,20.947311331708338,61385600
2001-05-16,21.075305938720703,21.294711439114863,20.5176447701886,20.63039433464288,91893800
2001-05-17,20.77361488342285,21.373938306893365,20.58468221303996,21.057016213921763,106984800
2001-05-18,20.74922752380371,21.087480666034075,20.493253429642163,20.6273364265403,90605400
2001-05-21,20.962543487548828,21.328221462220505,20.645621491202238,20.73704214733209,103491600
2001-05-22,21.425737380981445,21.437926957725114,21.081390556437935,21.163667293302655,83455600
2001-05-23,21.239852905273438,21.818845081692476,21.181955315078554,21.450119060243736,93637400
2001-05-24,21.855411529541016,21.87369473243443,21.108815637430894,21.31298814441168,80781600
2001-05-25,21.608583450317383,21.910267984940116,21.44097963945778,21.837132833348903,52747600
2001-05-29,21.434873580932617,21.864547334408286,21.346503240426532,21.57505251569909,71210800
2001-05-30,21.084442138671875,21.508020122046723,20.9198863118686,21.19719167422128,86501800
2001-05-31,21.081396102905273,21.44707420172827,20.843705106177858,21.17586244136754,70682600
2001-06-01,21.434873580932617,21.544577419057322,20.93511268499716,21.209372280308923,57587600
2001-06-04,21.568967819213867,21.642102974478085,21.270331245678918,21.498880640188684,43736600
2001-06-05,22.123584747314453,22.269857408048754,21.483646797067667,21.562877918503958,89454200
2001-06-06,22.05043601989746,22.391737135117236,21.803603526926345,22.211943815294546,80022800
2001-06-07,22.45269203186035,22.46792958773876,21.96512046777115,21.977310047488956,66960000
2001-06-08,22.303375244140625,22.47402472178094,21.95598033613013,22.45878716488101,51867000
2001-06-11,21.97730255126953,22.199755911700393,21.79141559259508,22.199755911700393,47345600
2001-06-12,21.965116500854492,22.065678771671315,21.578104970713703,21.642098508981448,66714600
2001-06-13,21.541542053222656,22.03216158435578,21.52630449762739,21.955978456228582,55302400
2001-06-14,20.99606704711914,21.498876073214593,20.84370081647956,21.39831380301067,71972400
2001-06-15,20.727903366088867,20.813230417951235,20.234238210255295,20.572491466990968,108354400
2001-06-18,20.380504608154297,20.70961619904181,20.11538887515379,20.706568223684336,56846800
2001-06-19,20.51459503173828,20.980835458039746,20.371370362236558,20.785806813376713,63457400
2001-06-20,21.151485443115234,21.206335065083096,20.447551737174123,20.459741317030748,64108400
2001-06-21,21.28250503540039,21.498867037911673,21.002151846829058,21.07224130643349,69603800
2001-06-22,20.974733352661133,21.51715669670599,20.898550246476766,21.331269731622225,51092000
2001-06-25,20.98082733154297,21.273370185226995,20.651715749301967,21.05701043901039,49215600
2001-06-26,21.37393569946289,21.395266879804698,20.630387713392526,20.666956447517464,63077000
2001-06-27,21.67867088317871,21.797516377772002,21.13624737966584,21.288613636828984,69199800
2001-06-28,22.16624641418457,23.205385590255908,21.492787715803953,21.80361623808731,128975600
2001-06-29,22.24547004699707,22.370411474183552,21.75789856574636,22.12357659545334,94283800
2001-07-02,21.514108657836914,22.29117726858827,21.37697999708027,21.95597206735345,72810200
2001-07-03,21.47449493408203,21.57505719499398,21.30993914120538,21.422690978433074,28037400
2001-07-05,20.877222061157227,21.550680537333367,20.8558908813661,21.398314303132675,49242600
2001-07-06,20.130630493164062,20.84370583314078,20.011784990655396,20.813233044663512,67467800
2001-07-09,20.017887115478516,20.389661294335713,19.81981044191561,20.173299082108628,66476600
2001-07-10,19.649150848388672,20.18852630170917,19.609534139014926,20.0818704013265,66562600
2001-07-11,20.264713287353516,20.34089642001274,19.563827536918776,19.566875513204064,73822600
2001-07-12,21.818843841552734,21.955974844579057,21.431834637294475,21.544584160424268,128078000
2001-07-13,21.739606857299805,21.94073134391567,21.617715765328,21.757892381034413,58934600
2001-07-16,21.690866470336914,21.98950544005581,21.376992265636833,21.773143249025924,55990800
2001-07-17,21.885889053344727,21.943788974956412,21.373938337041505,21.5324005462131,63241000
2001-07-18,21.504968643188477,21.788369911254907,21.29165686074022,21.514110244589965,57590800
2001-07-19,22.114423751831055,22.24545873876867,21.703035596304186,21.703035596304186,76549400
2001-07-20,21.081396102905273,21.148437630171905,20.703528424131555,20.730953235327185,124203600
2001-07-23,20.444501876831055,21.099677202965275,20.2190004825771,21.099677202965275,79999400
2001-07-24,20.209856033325195,20.718758667909125,20.020921076956867,20.4170741927561,67530200
2001-07-25,20.56334686279297,20.57553411492723,19.993496341165944,20.191572899747197,74065400
2001-07-26,20.292133331298828,20.514589049362343,19.95997606691228,20.45364348752464,77974000
2001-07-27,19.950836181640625,20.18852714815172,19.822849095815318,20.12758158107044,65396000
2001-07-30,20.0513973236084,20.380506622093492,19.972166230952624,20.00568698842529,42196400
2001-07-31,20.170242309570312,20.5359203322931,20.06663206401355,20.115390373669477,59031600
2001-08-01,20.25556755065918,20.35917547397264,20.039207777042044,20.356129823233466,55679000
2001-08-02,20.554210662841797,20.58163780276428,20.191580489966523,20.48107549792346,54198400
2001-08-03,20.3835506439209,20.526775248081822,20.112338986012514,20.508492047524694,43260400
2001-08-06,20.151952743530273,20.45363949300381,20.014824093714086,20.273846168324496,27831600
2001-08-07,20.21900177001953,20.432315924047415,20.109297879359378,20.124535434977286,31347800
2001-08-08,19.764955520629883,20.490218231242928,19.65220362793968,20.26776474759685,54996400
2001-08-09,19.810657501220703,19.975213305502024,19.59429773770011,19.801515899581315,45536200
2001-08-10,19.966075897216797,20.069686174444865,19.16767809440435,19.737526481921652,51756400
2001-08-13,20.0605411529541,20.109297144284962,19.731429493003976,19.880747767918123,32675400
2001-08-14,19.71314811706543,20.13977179928559,19.64001063589223,20.03616385501061,36481200
2001-08-15,19.259090423583984,19.82284613456624,19.259090423583984,19.71923589609672,39503000
2001-08-16,19.69180679321289,19.719231590837687,19.106720032187102,19.149382378441345,43905600
2001-08-17,18.856849670410156,19.542496714574664,18.741050981134816,19.4358407918621,52234200
2001-08-20,19.106718063354492,19.12195444795217,18.619145618997457,18.789796148891664,48371200
2001-08-21,18.52164077758789,19.25909402408821,18.500309595815697,19.106727775736978,47111800
2001-08-22,18.485071182250977,18.634390600791455,18.003594494587773,18.628295812028366,78107200
2001-08-23,18.015777587890625,18.75018256120348,17.979210028576034,18.488112534115103,51813200
2001-08-24,18.90864372253418,18.97873202960857,18.04929851411009,18.16204916788526,63399000
2001-08-27,18.987876892089844,19.307845690207056,18.762374397129374,18.862936650445526,44562800
2001-08-28,18.509449005126953,19.182907421739504,18.460691860993514,18.997020446461377,47422800
2001-08-29,18.360137939453125,18.68010691586395,18.1437780867095,18.603923770886965,48170000
2001-08-30,17.351470947265625,18.180343853760903,17.22348383447808,17.99140999859063,97632000
2001-08-31,17.384986877441406,17.69276731774592,17.156437528932198,17.3240401520132,57900800
2001-09-04,17.095491409301758,18.00359520919133,17.08634980702532,17.427649854070697,67189200
2001-09-05,17.595258712768555,17.7933341813949,16.879136491684903,17.119875495632865,89470600
2001-09-06,17.071109771728516,17.793325258955935,17.034542207966364,17.235665552351033,112356800
2001-09-07,16.88218116760254,17.47945659578002,16.854755195774885,17.098540966208322,89863800
2001-09-10,17.546497344970703,17.659248040863467,16.668867447641624,16.735907805016193,84471800
2001-09-17,16.123394012451172,16.790757664822888,16.08987325668812,16.461647220660826,127502000
2001-09-18,16.553064346313477,16.760282477210485,16.202621611350686,16.27575790091629,83182600
2001-09-19,16.415939331054688,16.668867862211453,15.419463923749694,16.595731551255813,126950200
2001-09-20,15.46822738647461,16.03198343484314,15.440801403986814,15.952752302117199,117983200
2001-09-21,15.148252487182617,15.4194642296114,14.474793932674391,14.602781026307738,184976600
2001-09-24,15.849138259887695,15.983221316099765,15.19701083636938,15.434702998535167,85580200
2001-09-25,15.63277530670166,16.15082073250071,15.285380480713508,15.928366171340963,84940600
2001-09-26,15.318902015686035,15.785142341342294,15.09949425657148,15.696769642536468,58524400
2001-09-27,15.224432945251465,15.443840681559864,14.627157621369756,15.267095302319865,81191200
2001-09-28,15.59316349029541,15.721151761382778,14.925799647188603,15.120828286500416,116641200
2001-10-01,15.782093048095703,15.998452797412694,15.36156196336007,15.523069781517545,69999600
2001-10-02,16.16604995727539,16.318416123060196,15.711999434215167,15.733330604428112,80860800
2001-10-03,17.13510513305664,17.348418075682186,15.967980480665567,15.992358471629107,97199200
2001-10-04,17.199100494384766,17.79637702968497,17.129012164532945,17.345371943092324,101778000
2001-10-05,17.58915901184082,17.67448373373995,16.74200193205971,17.113775927412473,80844400
2001-10-08,17.686670303344727,17.872557269401625,17.290518381604517,17.308801583208833,60605800
2001-10-09,16.62620735168457,17.543451760819284,16.513455477957947,17.522120576592595,99477600
2001-10-10,16.915706634521484,16.988842972253316,16.15082829649194,16.333667397127545,86349200
2001-10-11,17.162534713745117,17.32099575699602,16.635347615746557,16.99188409121439,83742600
2001-10-12,17.180818557739258,17.260048495712866,16.62315752857936,16.973600366162465,63307000
2001-10-15,17.692768096923828,17.826849968801085,17.019308436853443,17.03454599072812,68437000
2001-10-16,17.811609268188477,17.951785895209948,17.433740575280734,17.634863915669502,66169000
2001-10-17,17.074161529541016,18.070636939748592,17.058925137099024,18.015784996987644,73710600
2001-10-18,17.293569564819336,17.546498100577427,16.912653935638293,17.168629284946444,78348000
2001-10-19,17.644010543823242,17.67753013918014,16.952267694846558,17.49164430825469,91219600
2001-10-22,18.332706451416016,18.338801240678073,17.51297647629552,17.644011539274267,72323600
2001-10-23,18.41497802734375,18.722757223186232,18.101104044336036,18.42716760167421,80325000
2001-10-24,18.686195373535156,18.777614884029674,18.168149930783354,18.436314835701136,79141400
2001-10-25,19.064056396484375,19.076244807117085,18.15290615075868,18.469828076442546,75318200
2001-10-26,18.954362869262695,19.39013046339443,18.917795292559017,18.990930445966377,64509400
2001-10-29,18.174243927001953,18.95435945161288,18.1437711456538,18.92388550780263,55129400
2001-10-30,17.942649841308594,18.1437732438665,17.732383673319262,17.95483825778011,57395600
2001-10-31,17.720186233520508,18.50639507500473,17.70494868638135,18.070627730950083,64700000
2001-11-01,18.844655990600586,18.969596256797473,18.162054746342534,18.30832735490378,109671200
2001-11-02,18.71058464050293,19.20425119391138,18.43937161328158,18.872092568401232,83360000
2001-11-05,19.280424118041992,19.512020290985628,18.81723060969256,18.85075136843252,66401600
2001-11-06,19.740562438964844,19.78932073383753,18.94216395981233,19.106719717622447,68612000
2001-11-07,19.57906150817871,19.822848418016797,19.512019991727026,19.569919905921534,58899000
2001-11-08,19.6308650970459,20.13062616026409,19.39926893206507,19.643054674798076,74227800
2001-11-09,19.871606826782227,20.0056898760263,19.475454793709506,19.60648870439269,48013600
2001-11-12,20.048351287841797,20.246427876185148,19.39622392924021,19.71619165663382,57752800
2001-11-13,20.69133758544922,20.706572815767313,20.295184398386578,20.356132294432488,60159600
2001-11-14,20.09711265563965,20.825423333475925,20.048356651959327,20.791904888716058,88625600
2001-11-15,20.148910522460938,20.43231179524471,19.944738013091563,20.142814571475768,77922000
2001-11-16,20.036155700683594,20.298225755918374,19.792368845838855,20.222042654394862,59249000
2001-11-19,20.27689552307129,20.407930556779913,20.020919081092735,20.188522842205114,56005000
2001-11-20,19.92950439453125,20.660862801884782,19.816752541443336,20.249472099362976,65921800
2001-11-21,19.518112182617188,19.685713616530276,19.344413635962386,19.612578487639542,50785200
2001-11-23,19.71923828125,19.7497110639243,19.387079835266697,19.61867600599295,15754600
2001-11-26,19.85027313232422,20.02397054917437,19.624771752975175,19.804562796326966,41983600
2001-11-27,19.42364501953125,19.828938534845584,19.121959411358834,19.74361382898192,90819000
2001-11-28,19.137197494506836,19.53944539517635,19.115866316152047,19.249948174733863,54536600
2001-11-29,19.75885581970215,19.777141352164488,19.182912695480958,19.23471666678749,54034400
2001-11-30,19.566869735717773,19.83198779606367,19.48154502432112,19.704000728968694,48234200
2001-12-03,19.737520217895508,19.877699194055655,19.441930525065157,19.451073289249816,47211800
2001-12-04,20.112342834472656,20.136721989829585,19.53335068182875,19.807610367283676,51005800
2001-12-05,20.752269744873047,20.773600913472162,19.868545585195534,20.261650542170383,74243000
2001-12-06,20.91988754272461,21.02654345759707,20.584682242443485,20.715717316408103,56026200
2001-12-07,20.67000961303711,20.97778781739882,20.27995231746692,20.797996727222664,42334800
2001-12-10,20.43535804748535,20.858935981386004,20.374412485383857,20.575534700258128,38367400
2001-12-11,20.51459503173828,20.761427651562624,20.438411894762883,20.618205306985736,54334000
2001-12-12,20.706565856933594,20.715709781960875,20.188521701726703,20.465829304460982,47884200
2001-12-13,20.194618225097656,20.79494151724073,20.133672665711423,20.45668831532178,53227800
2001-12-14,20.551156997680664,20.706568871917266,20.091010351104437,20.118435155408285,43000600
2001-12-17,21.020450592041016,21.06006498330791,20.465837489681157,20.468883140984616,57079800
2001-12-18,21.10881233215332,21.148429032117857,20.904642182066148,21.00215645710209,47255200
2001-12-19,21.175859451293945,21.297752908664894,20.858937392099204,20.910743680805776,56996200
2001-12-20,20.34394645690918,21.10272988407229,20.301284084292774,21.07225709290699,78585000
2001-12-21,20.581632614135742,20.72790290709768,20.41707679086027,20.724857256149082,84307600
2001-12-24,20.499357223510742,20.730954608060713,20.478026038415667,20.636488263343207,11701600
2001-12-26,20.624286651611328,21.047864454927055,20.535913986361674,20.545055585366217,29328000
2001-12-27,20.676101684570312,20.93817184622556,20.49631060792934,20.715718401401148,32406600
2001-12-28,20.68218994140625,20.980826407569506,20.630383663667708,20.79189379732201,28787200
2001-12-31,20.188520431518555,20.868074670519444,20.188520431518555,20.673043805911682,43006200
2002-01-02,20.429262161254883,20.450593338123056,19.96302192047624,20.310416700857342,48124000
2002-01-03,21.09662628173828,21.102719907120417,20.444496769505278,20.450592719811254,67590800
2002-01-04,20.99606704711914,21.303847483989863,20.925977558058296,21.102722943582013,52731400
2002-01-07,20.8924560546875,21.337365153264408,20.82846251909672,21.255088414626005,58508800
2002-01-08,21.1423397064209,21.288612327266417,20.721809699492233,20.932075865418785,47736400
2002-01-09,20.93816566467285,21.520205740793525,20.889409683253678,21.245946079923154,76304000
2002-01-10,21.11186981201172,21.270332033364497,20.761426929134164,20.868085177128236,50296600
2002-01-11,20.907690048217773,21.428782170690315,20.75227587399567,21.184995321907557,72993200
2002-01-14,20.86503028869629,21.038727684417363,20.642574587196112,20.81322633249898,50997800
2002-01-15,21.19413948059082,21.215470655725337,20.874169528649336,20.922927828913217,60717400
2002-01-16,20.68218994140625,21.282510848875926,20.676093991119913,20.980826407569506,61955400
2002-01-17,21.28860855102539,21.33127090684516,20.84369946538779,20.883313845813568,78958000
2002-01-18,20.142824172973633,20.67610621709508,19.93560591426086,20.447556769614458,107140400
2002-01-22,19.64304542541504,20.304314013858566,19.579051916042097,20.298220390313915,76837200
2002-01-23,19.42364501953125,19.71923467732834,19.271278809082176,19.518112488495973,80403000
2002-01-24,19.685714721679688,19.862460090934896,19.441929007588,19.533348505064637,83886000
2002-01-25,19.441925048828125,19.761893806075374,19.35355238219494,19.56077165005641,48981200
2002-01-28,19.448030471801758,19.624775901729535,19.17072390886799,19.572971928279078,41622000
2002-01-29,18.99092674255371,19.655243595844333,18.890365635613392,19.472404585518984,58666000
2002-01-30,19.152429580688477,19.1676671296282,18.68923738695757,19.030537326403103,66100000
2002-01-31,19.41450309753418,19.444977038421392,18.92997848081635,19.216427712846226,69566200
2002-02-01,19.094532012939453,19.655239671780183,19.036633275803418,19.548583797460687,63462200
2002-02-04,18.625247955322266,19.103677832889343,18.512497268640512,19.01530630141559,70308400
2002-02-05,18.634387969970703,18.963498379478803,18.436311431752227,18.527730925367702,66772600
2002-02-06,18.405838012695312,18.859888652214813,18.360127686251012,18.774563949478132,66103000
2002-02-07,18.222997665405273,18.774563739329587,18.20776127758168,18.375363868564953,63314000
2002-02-08,18.482027053833008,18.485073867426088,17.92741398291072,18.320518034305255,61283000
2002-02-11,18.628299713134766,18.66182047712058,18.15901134225809,18.286998445699545,50899600
2002-02-12,18.32660675048828,18.542966480225438,18.290039187178508,18.433263790296113,44973800
2002-02-13,18.838552474975586,18.856836833191267,18.268703345561747,18.36316962352214,54168600
2002-02-14,18.795896530151367,19.195096435224453,18.686192668454215,18.893410815557285,57267000
2002-02-15,18.354036331176758,18.911697303260016,18.34489472916297,18.801993429246124,50179800
2002-02-19,17.957881927490234,18.326607883349812,17.85731966909474,18.25651956498111,52262600
2002-02-20,18.253477096557617,18.393653766657224,17.91827065125507,18.10111084754616,50492000
2002-02-21,17.689716339111328,18.36622266784264,17.677526763602568,18.19862007321388,59398400
2002-02-22,17.67144203186035,17.90303827077324,17.415466629660582,17.68972524186302,71347800
2002-02-25,18.00359535217285,18.250427915294143,17.640962959498918,17.656199350901367,51832200
2002-02-26,17.842077255249023,18.283939355499232,17.644001943041385,18.009679800182123,63276200
2002-02-27,17.793333053588867,18.32966298186985,17.671440733497665,18.000551276452555,65750000
2002-02-28,17.778091430664062,18.19252775451307,17.71714470731061,17.91217329207201,68068000
2002-03-01,18.701435089111328,18.716671483158372,17.933508972024285,17.994455710674817,62115600
2002-03-04,19.28956413269043,19.350510856068095,18.549064175437632,18.661816020548034,74464200
2002-03-05,19.2225341796875,19.466320042587547,18.997031529965774,19.19815501216615,55926400
2002-03-06,19.39012336730957,19.41145454278547,18.951307957606776,19.170715662458175,49835400
2002-03-07,19.112823486328125,19.46631315304128,18.850753340539317,19.402318442178185,58079200
2002-03-08,19.487638473510742,19.716186625837928,19.249946395655954,19.390124192197675,57701800
2002-03-11,19.60648536682129,19.807609906450384,19.198144986251908,19.353558029419204,43718200
2002-03-12,19.05797576904297,19.137205728096923,18.7928575883484,19.051880977967656,66407200
2002-03-13,18.92388343811035,19.204237878191982,18.8781742710873,18.91778981247685,44387400
2002-03-14,18.655723571777344,18.96655085377175,18.603918443547173,18.936076907029825,51819600
2002-03-15,19.04273223876953,19.048825865099502,18.579538752731033,18.58868035468809,69086800
2002-03-18,18.93607521057129,19.19509850359217,18.649627111632938,19.11891538725581,52296800
2002-03-19,18.963499069213867,19.198143180920553,18.74104453375578,18.948262680134103,36376400
2002-03-20,18.314424514770508,18.899511574511,18.314424514770508,18.710577732156057,55235200
2002-03-21,18.698383331298828,18.768471655353256,18.23214305445493,18.347940548564655,46123400
2002-03-22,18.42108154296875,18.631346568720996,18.350993201051335,18.603920594713106,41341400
2002-03-25,18.049306869506836,18.52164203907336,18.02492887259064,18.430222516328595,47752400
2002-03-26,18.00359535217285,18.5643019955408,17.768951204696233,18.009688978764114,69357200
2002-03-27,18.113298416137695,18.247381452967364,17.85427626992757,17.918269812526,47318400
2002-03-28,18.378414154052734,18.482023231725027,18.18033760005917,18.268710287992423,43901200
2002-04-01,18.399751663208008,18.405846453693137,18.040167161822342,18.232148993485435,47010000
2002-04-02,17.455074310302734,18.006640461591896,17.403270351943917,17.948741714756387,76509400
2002-04-03,17.16558074951172,17.55563794267843,16.912652239124963,17.503832817826027,76931400
2002-04-04,17.202146530151367,17.36060753899637,16.88827132538865,17.058921910866808,61763800
2002-04-05,17.025407791137695,17.46117544466408,17.01626618633136,17.336235141640167,50166000
2002-04-08,17.436796188354492,17.464222163260416,16.53478699281659,16.546976573321974,73389600
2002-04-09,16.720678329467773,17.500794245615914,16.699347139325603,17.47032144897358,63413000
2002-04-10,17.15643310546875,17.40326675670364,16.778565597671662,16.796848796862676,75636400
2002-04-11,16.696287155151367,17.202142852665062,16.60791448714637,17.0314923036687,58165800
2002-04-12,17.043685913085938,17.14424701646603,16.71762228665692,16.80599497558569,52297600
2002-04-15,16.970548629760742,17.293565424457178,16.882177108419636,17.065016101666995,47388800
2002-04-16,17.616588592529297,17.7049601458417,17.174726176117737,17.186915756734066,51921600
2002-04-17,17.256996154785156,17.759803917811983,17.19300146725001,17.65924283019136,55158600
2002-04-18,17.177770614624023,17.46421990718432,16.05330811366713,17.305758868471912,74794800
2002-04-19,17.430696487426758,17.668387428006188,17.3270874072451,17.50383162493025,104268600
2002-04-22,16.94007110595703,17.278324194919037,16.760278975898924,17.223472279819163,51465200
2002-04-23,16.4525089263916,17.010168821990526,16.242242747959605,16.973601245835418,68281400
2002-04-24,16.15691566467285,16.58658839996426,16.150820875790306,16.409843009756813,61220400
2002-04-25,16.373281478881836,16.59268930974258,16.114259249364327,16.120354040495187,57290400
2002-04-26,15.693723678588867,16.59268478199077,15.681534099653396,16.476886107028264,62776600
2002-04-29,15.919225692749023,16.123395901831643,15.675438772254529,15.684581537373495,70246000
2002-04-30,15.925321578979492,16.242243690616487,15.821712471808258,15.876564420455521,77384000
2002-05-01,16.07463264465332,16.208714470027708,15.437741939816929,15.894840498432663,76413000
2002-05-02,15.60534954071045,16.476884592635766,15.587066336449885,16.04111706667311,79009200
2002-05-03,15.10253620147705,15.748568480102797,15.087298653486107,15.620580284241433,71628000
2002-05-06,14.816091537475586,15.40117845164102,14.73990842423533,15.065972055906661,66299400
2002-05-07,15.075115203857422,15.324995728651702,14.733814010877163,14.986742511257422,88385400
2002-05-08,16.75113868713379,16.75113868713379,15.608392303983024,15.623628689932687,101242000
2002-05-09,15.882665634155273,16.76029600499746,15.815625240610004,16.5774568772008,83288200
2002-05-10,15.251862525939941,16.050261409783015,15.233579318557066,16.007599042606547,64408800
2002-05-13,16.05634880065918,16.12339029673524,15.160436015420094,15.3737489154661,64819000
2002-05-14,16.723726272583008,16.790766657552275,16.449466453509306,16.57745475656459,64832400
2002-05-15,16.684101104736328,17.199098510304882,16.4128894188907,16.60487118174963,70412000
2002-05-16,16.985790252685547,17.07416179520901,16.653631777448084,16.67191498367806,53406400
2002-05-17,17.074161529541016,17.186913391028646,16.84256534202097,17.129013472301963,54646200
2002-05-20,16.458600997924805,16.92788930366056,16.303187942109545,16.912652911908033,52115800
2002-05-21,15.903985977172852,16.63839112733156,15.885702774343809,16.440315734424058,63120000
2002-05-22,16.361085891723633,16.370228656295588,15.800378100565315,15.806472889459247,54169400
2002-05-23,16.705432891845703,16.71152768036882,16.15386673635526,16.364132871785575,51412800
2002-05-24,16.230052947998047,16.61401656102999,16.163012586367888,16.498217881905504,35982000
2002-05-28,15.943598747253418,16.361081801181978,15.769901375821032,16.33060902679314,49602000
2002-05-29,15.86132526397705,16.065496628930656,15.708959024817881,15.739432970127007,45393200
2002-05-30,16.041122436523438,16.260530260795115,15.67239630264882,15.736389863907224,63213000
2002-05-31,15.513930320739746,16.278808324710496,15.504788718439336,16.12034846001339,66468000
2002-06-03,15.059882164001465,15.736388801525727,14.98369902599062,15.538313340174996,88439000
2002-06-04,15.2305269241333,15.611442466941142,15.00502557376977,15.084255495190527,88008400
2002-06-05,15.742483139038086,15.769909114431245,15.337189460964069,15.367662250306513,66969400
2002-06-06,15.8156099319458,15.888745047288458,15.236617983584896,15.693716523092442,78703400
2002-06-07,15.839984893798828,16.028918595255412,15.193952740054035,15.203094337112127,97834400
2002-06-10,16.095964431762695,16.24223583660436,15.681528203480411,15.73942810042272,71825400
2002-06-11,16.01978874206543,16.510408293181154,15.974078398342446,16.22396013824247,74368200
2002-06-12,16.924837112426758,16.997972234585067,15.998450373701585,16.022829522728895,136198600
2002-06-13,16.52259635925293,16.90655879398781,16.516501569817493,16.71153018190265,79771600
2002-06-14,16.836475372314453,16.927894915599214,16.150827053984905,16.196537406858567,109433600
2002-06-17,16.96750259399414,17.199098740211245,16.8730351177616,16.961407805611845,94486600
2002-06-18,17.061967849731445,17.153387338644226,16.866938134265816,16.92179006010586,77518400
2002-06-19,16.565258026123047,17.04673474665015,16.553068447764847,16.903511269558926,81247000
2002-06-20,16.48602867126465,16.790761187646343,16.425083097958147,16.568306590183184,86401200
2002-06-21,15.93140697479248,16.62314955264272,15.931406974792479,16.27270804566683,116820000
2002-06-24,16.50430679321289,16.650578206211218,15.800374528350455,15.873510816080547,104523200
2002-06-25,16.135583877563477,16.760285183737647,16.089873543895724,16.66886567886422,84025200
2002-06-26,16.495174407958984,16.574404365003875,15.556597530486753,15.556597530486753,112131400
2002-06-27,16.73590850830078,16.742003297856805,16.108160296039504,16.63839420032889,95812400
2002-06-28,16.668861389160156,17.001019729274127,16.455548491043167,16.623151067255883,89555600
2002-07-01,16.047210693359375,16.574397689829638,16.02283270195683,16.49211978922972,66473800
2002-07-02,15.675436019897461,16.12643988368367,15.641916428554055,15.961885252443908,82814200
2002-07-03,15.797325134277344,16.004543226110883,15.37374735206109,15.614486188523829,80936600
2002-07-05,16.71457290649414,16.72981045758628,16.166054778573365,16.1782443544623,35673600
2002-07-08,16.126447677612305,16.738960818265266,16.02283971572106,16.580499736167546,63199400
2002-07-09,16.214815139770508,16.678008653378303,16.14167999483685,16.245289085544673,85277200
2002-07-10,15.919225692749023,16.516501090543716,15.88570493305792,16.361086870605366,90673400
2002-07-11,16.123394012451172,16.172151158344146,15.617538187888297,15.858277104312004,129550600
2002-07-12,15.803431510925293,16.37328110016046,15.687632807042538,16.26357718726759,95733800
2002-07-15,15.785139083862305,15.803423447502675,14.627156123263031,15.660198838474576,136965600
2002-07-16,15.617546081542969,16.089881389077593,15.431659005602775,15.635830456417667,97154600
2002-07-17,15.846086502075195,16.24223843213468,15.593158024925707,16.004547506591383,98034800
2002-07-18,15.574881553649902,16.07159595914877,15.437751667167086,15.86437772234418,91053600
2002-07-19,15.10253620147705,15.507829636371012,14.873986931153338,15.197002489235361,112543400
2002-07-22,14.477837562561035,15.233575028879091,13.987219315724303,14.916653015579518,180069800
2002-07-23,13.10654067993164,14.26147681373446,13.094352266781987,14.167010508899606,168061600
2002-07-24,14.087780952453613,14.127396496241781,12.61897064391057,12.722579722882829,202307800
2002-07-25,13.051692008972168,13.929320669521106,12.932845371381282,13.850090740255947,163411400
2002-07-26,13.819624900817871,13.837909277892082,13.310721944778154,13.329006321852365,123538000
2002-07-29,14.703340530395508,14.718576920214392,14.18529513931922,14.276714640694557,112148600
2002-07-30,14.657628059387207,14.880083735634132,14.42298513300299,14.490025470914826,122690600
2002-07-31,14.621054649353027,14.627149434446082,14.127388681429663,14.50830403128503,93875600
2002-08-01,13.941510200500488,14.654584211352441,13.86532708465076,14.499171166502315,92002800
2002-08-02,13.53316879272461,13.97198312606174,13.347281802138776,13.868374040938265,85947600
2002-08-05,13.405177116394043,13.76476023410351,13.350325198234932,13.496596592505322,78941600
2002-08-06,13.917133331298828,14.398611260532391,13.664205949615367,13.682490318908815,88715800
2002-08-07,14.349854469299316,14.4138480197581,13.761720610407119,14.322428495893794,86349400
2002-08-08,14.904462814331055,14.931888778995033,14.142631754178245,14.355944683513421,88748000
2002-08-09,14.663721084594727,14.977596211153205,14.523544475625469,14.672863846022615,69049400
2002-08-12,14.770387649536133,14.85571239489317,14.505269483669675,14.508317460268124,56866600
2002-08-13,14.340707778930664,15.145201163518426,14.298044264628789,14.624109016109795,100122800
2002-08-14,15.148252487182617,15.154347276755002,14.386421227568176,14.398610806712947,96706000
2002-08-15,15.166536331176758,15.462127221668398,14.855709048512418,15.224435086417898,98745600
2002-08-16,15.236620903015137,15.306709219673575,14.907509333528287,15.062923517717717,69334000
2002-08-19,15.846086502075195,15.86132289121941,15.19091130671614,15.248811212910928,79848200
2002-08-20,15.553547859191895,15.754671272782208,15.465175150767983,15.657156960887649,70317600
2002-08-21,15.93140697479248,15.961880907439298,15.587060254345952,15.712000472043734,81203400
2002-08-22,16.220909118652344,16.287950633544458,16.02892733848264,16.105110455419272,72517600
2002-08-23,15.913125991821289,16.105106563130946,15.797327356574474,16.047207826738454,57929200
2002-08-26,15.876558303833008,16.044162061496387,15.596205040945005,15.998451734413301,55652400
2002-08-27,15.492607116699219,15.983226842091826,15.434708334884112,15.946659251601377,65470200
2002-08-28,15.047687530517578,15.437744664046887,15.023308378441019,15.382892734336584,68875000
2002-08-29,15.413366317749023,15.541353375803325,14.785617115847929,14.898367785437946,94275600
2002-08-30,14.956269264221191,15.382893998462283,14.931890110141218,15.279284918546495,58138400
2002-09-03,14.328522682189941,14.785621444717412,14.322427892527434,14.785621444717412,74452600
2002-09-04,14.691154479980469,14.809999976541961,14.368138753420986,14.459558276740418,80232000
2002-09-05,13.99026870727539,14.480888207004389,13.981127104473202,14.474793417648861,90438800
2002-09-06,14.57231330871582,14.709443215628482,14.465657360262998,14.550982119025255,69918400
2002-09-09,14.840476989746094,14.916660135317212,14.20968063741425,14.398614512941107,81653200
2002-09-10,15.17263126373291,15.181772866630363,14.73381572525963,14.791715643509422,83950000
2002-09-11,14.8038969039917,15.571821339896363,14.788659357775009,15.306704542680192,77443200
2002-09-12,14.36813735961914,14.718579025425585,14.32852181045417,14.672869849431107,63726800
2002-09-13,14.599729537963867,14.706385415174102,14.276712768829917,14.291950319112988,59549200
2002-09-16,14.56011962890625,14.666776709814222,14.337665025817953,14.505267681573539,50166200
2002-09-17,14.410798072814941,14.901417511252449,14.38641891843844,14.831328023651036,73343400
2002-09-18,14.550971031188965,14.70029040770424,14.218812693088484,14.237097054231713,83951800
2002-09-19,14.383374214172363,14.572308038442294,14.197487203415172,14.224913174878727,77777600
2002-09-20,14.462604522705078,14.627160355697619,14.41384736801791,14.53878764955767,130619200
2002-09-23,13.783048629760742,14.234052518089731,13.65506155822478,14.200531762460203,89783800
2002-09-24,13.907989501953125,14.163964818781924,13.600210224110715,13.661156949538924,104142200
2002-09-25,14.173107147216797,14.310236995843718,13.728198004971375,14.139587550852136,107116600
2002-09-26,14.078639030456543,14.474790971932828,14.00245592007795,14.355945505736145,100852200
2002-09-27,13.789141654968262,14.352896152672812,13.77085729174611,14.029880539648067,81011600
2002-09-30,13.328997611999512,13.725149556705805,13.137015846790776,13.673344436745724,115577000
2002-10-01,14.087780952453613,14.093875740918103,13.161394030167783,13.505742022408233,110636600
2002-10-02,13.89885139465332,14.264530676704915,13.761721518576175,14.04816968891102,103488600
2002-10-03,13.652015686035156,14.197487136770832,13.591068953906426,13.804381935125866,105221400
2002-10-04,13.338139533996582,13.886657713889415,13.31376037990879,13.831805779653926,107120400
2002-10-07,13.423463821411133,13.731244238438498,13.313759956429577,13.350328686398102,89790000
2002-10-08,13.709920883178711,14.011605521552317,13.44785064784799,13.636784543973265,115667600
2002-10-09,13.405177116394043,13.850086085940852,13.350325198234932,13.478312232298382,123142600
2002-10-10,14.133487701416016,14.206622819523735,13.179675054092948,13.408224332487624,118515000
2002-10-11,14.892271995544434,14.90141475797738,14.325469548099283,14.432126585096789,108828800
2002-10-14,15.020262718200684,15.032452295174295,14.578400433834585,14.703340691659008,76216200
2002-10-15,15.934459686279297,15.958837677182164,15.434698666919365,15.620584480247524,133374200
2002-10-16,15.361567497253418,15.620589694680461,15.321951941042109,15.355472706877647,95437400
2002-10-17,15.471269607543945,15.998456708145458,15.251861829272883,15.931415184237684,182602400
2002-10-18,16.1965274810791,16.21176386854543,15.584014707760868,16.02892373156396,152817200
2002-10-21,16.00150489807129,16.14777753780805,15.65106318037088,15.836950212676578,112378600
2002-10-22,15.745526313781738,15.82475740769954,15.550497717156585,15.672391171278372,87159000
2002-10-23,16.211767196655273,16.23005040038348,15.672390599893502,15.672390599893502,110866600
2002-10-24,15.611441612243652,16.263568799834005,15.510880518928147,16.260521987141622,95833400
2002-10-25,16.053306579589844,16.089874150425263,15.59011308664676,15.617539055388855,75425800
2002-10-28,15.83084774017334,16.303182707621414,15.696764745892114,16.2727099339003,79906600
2002-10-29,15.867419242858887,15.995407481697914,15.495645266305162,15.891798397861404,90517200
2002-10-30,16.18433952331543,16.269664231622272,15.7333356669676,15.907033058856225,94451200
2002-10-31,16.294044494628906,16.476883499881318,16.105109538411096,16.20871861804401,105973800
2002-11-01,16.15082359313965,16.223959909573132,15.81561828543677,15.977126149380226,105097800
2002-11-04,17.095491409301758,17.445934221085718,16.918747178005134,17.29356798334698,139964200
2002-11-05,17.272239685058594,17.308807262728056,16.937034371086792,16.997979946381783,76658200
2002-11-06,17.378894805908203,17.400225988773972,16.921796037420666,17.366706388886534,115407000
2002-11-07,17.068065643310547,17.253952641559877,16.912652590449227,17.125965558316693,73699600
2002-11-08,16.790756225585938,17.23261847625124,16.763330260718107,17.06501587426425,64522200
2002-11-11,16.412891387939453,16.790759008227127,16.400701809875425,16.78161740591018,58341200
2002-11-12,16.610971450805664,16.891326012455586,16.425085564368317,16.486031146826477,81398600
2002-11-13,16.869979858398438,17.043677171710602,16.489064493685543,16.528680017104886,107370200
2002-11-14,17.36670684814453,17.369753661864948,17.02540558834204,17.061974327760936,78337000
2002-11-15,17.27528190612793,17.34537022905375,16.964454672416462,17.247855939551567,77533600
2002-11-18,17.01931381225586,17.378898342981493,16.98579420554628,17.3545203415143,58086400
2002-11-19,16.717626571655273,17.004074727768206,16.55002391475449,16.92789159622582,76403400
2002-11-20,17.25395393371582,17.33927982473019,16.738956423942657,16.76333441961659,76435400
2002-11-21,17.62571907043457,17.674476199659303,17.30270236278219,17.363649064928516,82922200
2002-11-22,17.741527557373047,17.76590555431537,17.38498990708536,17.506883379183883,70002000
2002-11-25,17.74457550048828,17.869515794233532,17.543452072448062,17.692771527149645,61583000
2002-11-26,17.33928108215332,17.750669524605602,17.302712342297138,17.564782498954813,68650400
2002-11-27,17.698863983154297,17.860371834571023,17.491645792204196,17.552591361632395,55191800
2002-11-29,17.576967239379883,17.866463289990588,17.576967239379883,17.80551656947328,28393000
2002-12-02,17.580015182495117,17.967025545829127,17.372797016891678,17.872559227293085,63735000
2002-12-03,17.281370162963867,17.4763986682564,17.18995069641569,17.45506749814388,58457400
2002-12-04,17.229581832885742,17.503840480977757,17.010173984442016,17.104641510846985,83892000
2002-12-05,16.86389923095703,17.397181189265712,16.851709650061853,17.354518818595004,68435800
2002-12-06,16.90351104736328,16.98578895650632,16.522595447142994,16.72067086178025,71670200
2002-12-09,16.312328338623047,16.827326944002344,16.30623354988022,16.7602854302933,63862800
2002-12-10,16.458600997924805,16.601825637815345,16.2970931529161,16.321472309689884,63730200
2002-12-11,16.656681060791016,16.763336987821255,16.3275705127674,16.409847277926488,69186200
2002-12-12,16.507349014282227,16.778561752228867,16.36107764196874,16.760277394766607,55242000
2002-12-13,15.998446464538574,16.379361856551398,15.995399652885542,16.3580306875956,65245400
2002-12-16,16.601829528808594,16.623160714753986,16.050263183383226,16.150825484950744,60140400
2002-12-17,16.565258026123047,16.757239816647065,16.38851262731569,16.583541231198172,49549800
2002-12-18,16.312328338623047,16.577446417856756,16.086826967448783,16.40679582044378,62709400
2002-12-19,16.18433952331543,16.684100521904593,16.114251203997384,16.22700187746885,82686600
2002-12-20,16.16301918029785,16.370237464337265,16.135593196749614,16.300149098039043,98294600
2002-12-23,16.45555877685547,16.540883524451164,16.120353414904525,16.166062602918288,48798400
2002-12-24,16.40070152282715,16.525641789641334,16.30928201387128,16.31537680279662,18386000
2002-12-26,16.269664764404297,16.66581670339565,16.20262325570382,16.464693339756224,37228000
2002-12-27,16.14167594909668,16.45554995589729,16.120344773632283,16.236142251164193,40891600
2002-12-30,16.07463264465332,16.22395201861763,15.928361245391697,16.15386254999688,48019600
2002-12-31,15.754663467407227,16.147768496360133,15.62058048313458,16.071585405282207,58208800
2003-01-02,16.370227813720703,16.37936941536002,15.757714929721045,15.937507124220687,67025200
2003-01-03,16.391550064086914,16.39459687548641,16.114243728275696,16.33060337394415,55546800
2003-01-06,16.690204620361328,16.830381337192797,16.394613626747585,16.46165517065073,59456200
2003-01-07,17.00407600402832,17.068069560336074,16.662775874591215,16.73591103538224,80517400
2003-01-08,16.52869415283203,16.92789305248009,16.489078595532533,16.87304110005384,64566000
2003-01-09,17.007116317749023,17.040635906572533,16.61705804024651,16.674957942452906,61808000
2003-01-10,17.040647506713867,17.15644622749284,16.72982125811469,16.790766851981076,67730200
2003-01-13,17.183862686157227,17.293566554257456,16.99492889246352,17.223478230184984,60817800
2003-01-14,17.360605239868164,17.36974683990137,17.122913176848083,17.165576689414046,54206400
2003-01-15,17.14729881286621,17.46726772213738,17.12291965360708,17.369753410025446,59622600
2003-01-16,16.866945266723633,17.263098490301854,16.793810109651787,17.162536196250112,81371000
2003-01-17,15.681537628173828,16.150826060624482,15.635828440574084,16.13254168810709,155876000
2003-01-21,15.6419095993042,15.89178999362239,15.629720028249292,15.806464158699523,86159200
2003-01-22,15.54135513305664,15.967981033066549,15.513929165735119,15.721147327172838,86948000
2003-01-23,15.93140697479248,16.010638037212537,15.681526539396915,15.830845903212152,71374800
2003-01-24,15.19091796875,15.861329847264903,15.145208781271418,15.855235056441929,103027000
2003-01-27,14.983696937561035,15.419464519242709,14.752100741771448,15.029407278981399,114838600
2003-01-28,14.877038955688477,15.145203852313532,14.797809025699904,15.142155876662756,86151200
2003-01-29,15.209196090698242,15.248811633535542,14.605825996740476,14.849611717158462,106884000
2003-01-30,14.70029354095459,15.288426085645414,14.685055988856586,15.285379272703024,87877400
2003-01-31,14.462604522705078,14.733816268306342,14.331569451521638,14.45955770911437,106858400
2003-02-03,14.797809600830078,14.962364256042235,14.462603176405132,14.605827813543383,80129800
2003-02-04,14.419943809509277,14.608877660257209,14.285861909375647,14.566215290326618,81854800
2003-02-05,14.310237884521484,14.788667815304626,14.240149549195658,14.575355995818306,101072000
2003-02-06,14.450418472290039,14.5113652211481,14.188349428386712,14.279768970442527,83312000
2003-02-07,14.194437026977539,14.611920127046892,14.142631909836753,14.59058895012479,75208000
2003-02-10,14.438223838806152,14.480886195907715,14.182248533734725,14.261478459428766,74081400
2003-02-11,14.15178108215332,14.526602028915068,14.017699160840504,14.41385129593696,84292000
2003-02-12,14.15178108215332,14.352904545353834,14.096929122874764,14.185301853097169,71315200
2003-02-13,14.319375991821289,14.358990366860755,14.057305941747996,14.142630641786054,73558200
2003-02-14,14.718573570251465,14.779520278117499,14.252333405630575,14.398604807031997,90446400
2003-02-18,15.21224308013916,15.230527445305922,14.870943067593762,15.005026087225973,57415500
2003-02-19,14.998244285583496,15.21224194019047,14.778131079473745,15.175556794572095,46902700
2003-02-20,14.75978946685791,15.206130311050119,14.735333089288403,15.14498761782654,50897200
2003-02-21,15.059386253356934,15.163328474195035,14.490762397689444,14.851502977880518,56853200
2003-02-24,14.716989517211914,14.979902274332998,14.576362143095933,14.943217125911403,62403700
2003-02-25,14.790363311767578,14.83927723944031,14.29510848210614,14.39293750365163,68113000
2003-02-26,14.435737609863281,14.961562061385315,14.417394448942717,14.716992413444826,57096000
2003-02-27,14.41739559173584,14.802592671999703,14.246196241507366,14.61305132559686,75434300
2003-02-28,14.490764617919922,14.71699108451177,14.399049987798936,14.515220997405542,56585400
2003-03-03,14.392932891845703,14.747559045393153,14.30733267119656,14.686416363843664,50653500
2003-03-04,14.105568885803223,14.466309583898246,14.099454498320235,14.417395650234523,56605700
2003-03-05,14.331787109375,14.399042994947818,14.093330819545958,14.105559586449889,55415900
2003-03-06,14.227845191955566,14.368472515410016,14.142244988209857,14.166702522479895,54607600
2003-03-07,14.405159950256348,14.545788462360164,14.001619899974946,14.032191822692996,66167600
2003-03-10,14.032196998596191,14.344022561942738,13.995510677802448,14.252309092358457,48413600
2003-03-11,13.940476417541504,14.221732259344643,13.916020046975754,14.099446907917272,53990700
2003-03-12,14.301225662231445,14.33179760187339,13.787628738249275,13.946599325786636,72379500
2003-03-13,15.083844184875488,15.126643718173097,14.331792243846548,14.502990377036983,80701300
2003-03-14,15.200016021728516,15.261157549140872,14.833161026254961,15.08995940646646,75451400
2003-03-17,15.854238510131836,15.866467280820814,14.875959012809208,14.99213000195496,100983800
2003-03-18,15.921502113342285,15.921502113342285,15.591332166510652,15.829787461755561,78108800
2003-03-19,16.092702865600586,16.159959976464858,15.738076477207883,15.88481831038413,73652100
2003-03-20,16.049888610839844,16.214973459296328,15.695262547229262,15.909261295280333,71798500
2003-03-21,16.24554443359375,16.38617175109554,15.91537589832001,16.355601000751452,85586800
2003-03-24,15.462925910949707,15.854237211342378,15.395668843869842,15.62189525208448,61105200
2003-03-25,15.585217475891113,15.744188058366214,15.303962637343005,15.652474574761406,63595100
2003-03-26,15.43847370147705,15.66470135399306,15.432359314522555,15.566872328921223,51673600
2003-03-27,15.310075759887695,15.444588780312223,15.034934165610112,15.248933053803773,60043300
2003-03-28,15.083844184875488,15.346756936503446,15.041044651577879,15.083844184875488,39584600
2003-03-31,14.802590370178223,15.108302698347453,14.680306138630518,14.827047916207752,71384000
2003-04-01,14.888195037841797,15.102193964371825,14.827052320804597,14.955450977002418,49803200
2003-04-02,15.72584342956543,15.897042771552652,15.346760755008159,15.346760755008159,68282500
2003-04-03,15.73195743560791,15.9520707033733,15.652472736803784,15.890927999416238,57394300
2003-04-04,15.340643882751465,15.774754805259814,15.242816036377754,15.750298426766346,55740600
2003-04-07,15.38955307006836,16.159947997835495,15.38955307006836,16.03766264439961,65627100
2003-04-08,15.640237808227539,15.793093924870186,15.40789702405855,15.475152922365574,54132100
2003-04-09,15.022700309753418,15.695267516781719,15.004358320472468,15.658582372020096,76875800
2003-04-10,15.034932136535645,15.157217532200173,14.845390822835592,15.108302440974391,51608900
2003-04-11,14.796483993530273,15.395680153993762,14.643627758746698,15.218366361868565,71565500
2003-04-14,15.138873100280762,15.212243398551342,14.674190268500915,14.839275188909518,51599600
2003-04-15,15.041048049926758,15.157219070981908,14.735335695929061,15.089961979918387,63399000
2003-04-16,15.23670482635498,15.738072935082366,15.041049092822359,15.652473843211885,86178700
2003-04-17,15.591327667236328,15.615785211588337,15.126644820347256,15.144987978611264,58356600
2003-04-21,15.414017677307129,15.65858851486201,15.33453297144192,15.65858851486201,41557800
2003-04-22,15.750299453735352,15.774755833823454,15.303959729777555,15.322301723293632,58844000
2003-04-23,15.72584342956543,15.890928384388811,15.572987249069731,15.744186591056954,55559300
2003-04-24,15.585217475891113,15.725844895165167,15.48127521681894,15.57910308815743,51703600
2003-04-25,15.420129776000977,15.67692818435595,15.389559008944435,15.487386862965376,53657400
2003-04-28,15.738068580627441,15.860353963351134,15.48127020986756,15.5240697439609,56287600
2003-04-29,15.774752616882324,16.049894125513894,15.701382325380411,15.866467230559353,65877300
2003-04-30,15.634124755859375,15.823666030111873,15.438469096476185,15.731952585550967,55566800
2003-05-01,15.72584342956543,15.866472001933555,15.493502548340016,15.615787959216618,42085800
2003-05-02,15.958183288574219,16.07435429635593,15.62801342420512,15.683041734933303,52695400
2003-05-05,15.811439514160156,16.1354937849894,15.799210743057218,16.049894719668437,50391500
2003-05-06,16.12326431274414,16.202748983307988,15.78698014355946,15.811437682932745,54299500
2003-05-07,15.890918731689453,16.11103187108288,15.799205312341991,15.964290166887062,49120000
2003-05-08,15.738068580627441,15.982638179874986,15.719725423358936,15.74418296638361,46401400
2003-05-09,16.11714744567871,16.20274648790266,15.82977723329918,15.835891617200819,58913600
2003-05-12,16.019329071044922,16.184412868825635,15.933728812202887,15.988757133529848,53900800
2003-05-13,15.890918731689453,16.01931845173542,15.829776063391346,15.921490648938207,44501900
2003-05-14,15.664703369140625,16.007100919238717,15.615789433412326,15.945958208028289,45021000
2003-05-15,15.768646240234375,15.903159277156869,15.63413203711162,15.805331401904098,45450200
2003-05-16,15.634124755859375,15.927608244934156,15.536296926167779,15.823666030111873,60620900
2003-05-19,15.138873100280762,15.615784703838994,15.126644328502378,15.530184467590162,55336300
2003-05-20,15.059386253356934,15.285613851486845,14.97990157445711,15.200014787102452,52677600
2003-05-21,14.69253158569336,15.108299278278096,14.60693136016733,15.059385363491673,108960900
2003-05-22,14.772018432617188,14.839275512665823,14.698648132745848,14.79647597670756,93157100
2003-05-23,14.808695793151855,15.00435254435936,14.692526018427767,14.796468193738297,76968000
2003-05-27,15.157221794128418,15.218363342952584,14.808708668349105,14.82705183271653,68486800
2003-05-28,14.924873352050781,15.20612925486384,14.857616277556394,15.151100951404757,91467000
2003-05-29,14.9187593460083,15.08384426058466,14.814817121963905,14.961558879520728,75451300
2003-05-30,15.047159194946289,15.230586101344404,14.986016504080307,15.120529491025604,85096700
2003-06-02,15.065502166748047,15.303958560030763,15.022702630215225,15.273386629507387,66310800
2003-06-03,15.212244033813477,15.23670157839159,15.022702728132737,15.132759346334428,61058200
2003-06-04,15.206128120422363,15.42012576657611,15.12664228082265,15.279498408760874,83484600
2003-06-05,14.729226112365723,14.992139009136293,14.680312166422395,14.961567064046424,115877900
2003-06-06,14.472421646118164,15.016589216471493,14.46019287311697,14.943218910864292,119629400
2003-06-09,14.521337509155273,14.661964918829588,14.429624031811164,14.502994347206398,73610000
2003-06-10,15.08996295928955,15.132762505034998,14.582480465364666,14.637508785951715,80655300
2003-06-11,15.212244033813477,15.261157956769793,14.930989268364632,15.083845423378111,75768600
2003-06-12,15.279501914978027,15.371215379546687,15.1266457519636,15.267273142048879,66177700
2003-06-13,15.071616172790527,15.438471166420698,14.973788329982465,15.407900402868131,55157500
2003-06-16,15.524067878723145,15.542411033787694,15.083842652971219,15.16332732585154,69658600
2003-06-17,15.872577667236328,15.982634251396137,15.609666141542903,15.6769220359298,122213900
2003-06-18,15.939835548400879,16.15994872805186,15.719722368749899,15.884807253488134,89957700
2003-06-19,15.939835548400879,16.1354911897797,15.903150407192253,15.952064317536959,63626900
2003-06-20,16.098804473876953,16.12937522752728,15.90314885163606,16.10491885784692,86048900
2003-06-23,15.762529373168945,16.043784178735613,15.585215648285548,15.982641474768922,52584500
2003-06-24,15.713610649108887,15.921495079451319,15.603554048786457,15.68303872335281,51820300
2003-06-25,15.444584846496582,15.890924504683978,15.371213384643946,15.676925670996926,60483500
2003-06-26,15.74418830871582,16.208871288062724,15.414018363048191,15.524075011604067,51758100
2003-06-27,15.670805931091309,16.1049178358137,15.609664427670749,15.866462707115137,76040300
2003-06-30,15.676925659179688,15.970410340169186,15.59132659224932,15.860353730573102,48073100
2003-07-01,15.988748550415039,16.019320471518427,15.524065845439438,15.646351197453903,60926000
2003-07-02,16.435089111328125,16.465661034307672,16.172177570901724,16.202748327681654,94069300
2003-07-03,16.202754974365234,16.477896563051477,16.147726656627988,16.318925996943882,39440900
2003-07-07,16.765270233154297,16.84475495431663,16.47790095978229,16.520700514731267,88960800
2003-07-08,16.936466217041016,16.997607759714672,16.661324610208876,16.667438997716275,61896800
2003-07-09,16.795825958251953,16.936454440739634,16.661313025219567,16.850854241355968,62300700
2003-07-10,16.45344352722168,16.765270357855588,16.257787751027955,16.66132808097762,55350800
2003-07-11,16.698001861572266,16.783602079938984,16.441203538871353,16.47788984654264,50377300
2003-07-14,16.753042221069336,17.00372633968085,16.53904327034719,16.89366966981229,60464400
2003-07-15,16.673547744750977,16.832518267564932,16.569605524687997,16.795831954931096,53567600
2003-07-16,16.82640266418457,16.887545347948844,16.630747009098652,16.850859037970462,49838900
2003-07-17,16.318923950195312,16.673550194357446,16.22721048753613,16.594064338172856,72805000
2003-07-18,16.441205978393555,16.649090421244626,16.355606913525392,16.575720127414716,63388400
2003-07-21,15.921502113342285,16.453441028304045,15.897044561932429,16.428984643094427,48480800
2003-07-22,16.12938690185547,16.23944356057402,15.976530690568664,16.06824535030102,51791000
2003-07-23,16.172183990478516,16.294468232338794,15.982641491364946,16.153840829409436,49828200
2003-07-24,15.89704418182373,16.459555022597808,15.8848154064112,16.37395592711052,53556600
2003-07-25,16.441205978393555,16.477892291508304,15.939838027823248,16.068237791325284,54173000
2003-07-28,16.270008087158203,16.508463294900604,16.19663662605295,16.471778147447885,52658300
2003-07-29,16.18441390991211,16.447326758453148,16.043786486897215,16.435097982660483,62391100
2003-07-30,16.03766441345215,16.24554883750434,16.00097926985461,16.17829176907578,41240300
2003-07-31,16.14771842956543,16.50234453752781,16.08657575587547,16.263889392956408,64504800
2003-08-01,16.00098419189453,16.208868679893776,15.970413423859368,16.098812049047112,42649700
2003-08-04,16.007091522216797,16.147718859104835,15.744178834695969,15.98874836976202,51825600
2003-08-05,15.689144134521484,16.227198058071494,15.652459010797319,16.086569612430594,58825800
2003-08-06,15.683035850524902,16.013205591011506,15.548522900437495,15.615779958580953,56294900
2003-08-07,15.719732284545898,15.780875002594689,15.56076285029953,15.725846672970812,44258500
2003-08-08,15.640237808227539,15.88480736161585,15.591323897549879,15.823664681718867,33241400
2003-08-11,15.658586502075195,15.890927368446544,15.615786960864687,15.658586502075197,36433900
2003-08-12,15.73195743560791,15.756414983670766,15.560759263968231,15.71972866157648,38208400
2003-08-13,15.6524658203125,15.829778300617283,15.591323143373085,15.768636789877432,39636900
2003-08-14,15.670805931091309,15.719719833547408,15.60355004408881,15.68914908183713,37338300
2003-08-15,15.615782737731934,15.689153026764817,15.54852566761869,15.658582267367736,27607900
2003-08-18,15.713610649108887,15.793095323675242,15.566867737879164,15.628010423191595,45817400
2003-08-19,16.276124954223633,16.294466947646505,15.756413760242413,15.805327686370058,72952900
2003-08-20,16.172183990478516,16.221097920462643,15.897042405442743,16.080469351333203,56739300
2003-08-21,16.043785095214844,16.343383078945667,15.976528000389505,16.294469146218187,63802700
2003-08-22,16.03155517578125,16.47789609202456,16.025440788851885,16.373953846625444,65846300
2003-08-25,16.202754974365234,16.227212522781834,16.03767002115349,16.08658395178659,36132900
2003-08-26,16.24554443359375,16.30668710048129,15.872575215159168,16.086573966165886,47546000
2003-08-27,16.153839111328125,16.25166696089166,16.080467641055495,16.20886742248261,30633900
2003-08-28,16.20886993408203,16.251669479122967,16.04378497503831,16.20275554676188,46211200
2003-08-29,16.214984893798828,16.23332689020663,16.11104263808729,16.178298568582864,34503000
2003-09-02,16.667436599731445,16.691892980042276,16.184410551942527,16.325039111979812,74168900
2003-09-03,17.303314208984375,17.36445689690795,16.740803579247086,16.765261120896426,109437800
2003-09-04,17.382797241210938,17.40725361270431,17.11377015758633,17.18102722004238,59840800
2003-09-05,17.35223960876465,17.578467353926023,17.22384092873832,17.260526099288622,64024500
2003-09-08,17.633487701416016,17.682401628715645,17.32777536424334,17.3583461314806,46105300
2003-09-09,17.34610939025879,17.553992597165863,17.309423089452185,17.517307462558662,44315200
2003-09-10,16.84474754333496,17.229945700805576,16.801948007215984,17.13823224252206,54763500
2003-09-11,17.022056579589844,17.18714145902154,16.86920046890114,16.911999993302047,37813300
2003-09-12,17.327768325805664,17.364453464829094,16.78360095985989,16.801942946271833,55777200
2003-09-15,17.340009689331055,17.49286590685703,17.321666523395795,17.34612407797614,41432300
2003-09-16,17.670175552368164,17.700747490471688,17.31554923376867,17.370577556154817,52060600
2003-09-17,17.425601959228516,17.700743509275256,17.40725880049209,17.584572503011085,47221600
2003-09-18,18.037023544311523,18.04313792952475,17.376685101879634,17.419484632172484,67268100
2003-09-19,18.318286895751953,18.32440128384536,18.04926081684365,18.196002632484618,92433800
2003-09-22,17.77412223815918,18.342747600362493,17.61515161901198,17.969778025970967,65678700
2003-09-23,18.098163604736328,18.16541949992551,17.65793726284572,17.804680154275633,57827800
2003-09-24,17.401145935058594,18.159313568960265,17.376689554139205,18.104285254141594,66336500
2003-09-25,17.266630172729492,17.706855454920383,17.25440140111867,17.40725754765438,56224500
2003-09-26,17.236061096191406,17.596801730604703,17.20548916417335,17.28497502122033,49864700
2003-09-29,17.627378463745117,17.676292405332674,17.181038600983637,17.370579978860366,47380300
2003-09-30,16.997600555419922,17.492855237808108,16.96702979704026,17.480626467976375,63333700
2003-10-01,17.43783187866211,17.505087799386114,17.003719756279843,17.138233930127875,58375900
2003-10-02,17.425601959228516,17.57845811676561,17.236060650418505,17.39503119420107,38143600
2003-10-03,17.780223846435547,18.01256463589958,17.688510407599736,17.829137758227958,57303000
2003-10-06,17.84748077392578,17.91473667324346,17.67628150088154,17.823023235119617,34047600
2003-10-07,17.816913604736328,17.957542157998244,17.682400604007483,17.737428914805633,52356800
2003-10-08,17.62125587463379,17.951425701344533,17.53565680824203,17.951425701344533,46989100
2003-10-09,17.694618225097656,17.945302075768904,17.609018036581197,17.86581626973214,62653300
2003-10-10,17.676280975341797,17.853594627815806,17.529539245466548,17.676280975341797,37604700
2003-10-13,17.596797943115234,17.792453601118506,17.425598659262512,17.719082146267425,39320300
2003-10-14,17.53565216064453,17.590680450511787,17.413366812895184,17.523423392629695,34851300
2003-10-15,17.87383270263672,17.99065546819602,17.646337034315813,17.95376450060882,57242100
2003-10-16,17.972209930419922,18.021398279574196,17.707822113937166,17.775456533802824,42232500
2003-10-17,17.787752151489258,18.009100287118997,17.70782035907068,18.00295159749121,49960000
2003-10-20,18.045988082885742,18.058285459981633,17.707817249203302,17.800046404680057,38794500
2003-10-21,18.045988082885742,18.09517641852688,17.935314034507577,18.045988082885742,44166800
2003-10-22,17.763160705566406,17.959914119376844,17.707823661339365,17.84924120366561,48798500
2003-10-23,17.775455474853516,17.879980857172228,17.277423322743253,17.658632712793143,67357900
2003-10-24,16.361284255981445,16.847018868468723,16.244461532373705,16.767088271942768,210558300
2003-10-27,16.54574203491211,16.662564771472443,16.49040501089629,16.54574203491211,65619100
2003-10-28,16.72405242919922,16.73634863494436,16.52729789162368,16.65641802025942,71752600
2003-10-29,16.441221237182617,16.754797402696152,16.392032888047712,16.69946036332654,73551500
2003-10-30,16.06000518798828,16.625671555656897,15.930885091902113,16.60722549257537,98729400
2003-10-31,16.072303771972656,16.256760911891075,16.05385887890052,16.21372126439951,69623700
2003-11-03,16.404325485229492,16.44736513157989,16.164532499710198,16.201423457618766,57772300
2003-11-04,16.029260635375977,16.36743139857856,15.992369684519359,16.348985336779158,84026100
2003-11-05,16.047706604003906,16.18297420485428,15.986220904438401,16.07844886741557,61514400
2003-11-06,16.127641677856445,16.17068132769961,15.986225350445322,16.146087744678876,68189800
2003-11-07,16.047706604003906,16.287499542292988,16.004666966130706,16.219865155496713,57822100
2003-11-10,15.986225128173828,16.127641453618708,15.986225128173828,16.06000822169517,54579100
2003-11-11,15.863252639770508,16.035412398023002,15.783322035461168,15.992372751645481,64990700
2003-11-12,15.97392463684082,16.07230129386547,15.740280369592849,15.893994042786643,75877300
2003-11-13,15.795613288879395,15.943178236142684,15.648048341616105,15.900138606450302,78949500
2003-11-14,15.67879581451416,15.998520559640847,15.641904858612572,15.801767231175916,83146400
2003-11-17,15.463605880737305,15.641914426693058,15.273001123787724,15.611170967350827,103900200
2003-11-18,15.463605880737305,15.887856237715592,15.445160977875029,15.574279988883212,106868300
2003-11-19,15.586569786071777,15.703392529224267,15.475895731794944,15.54967882556033,78853300
2003-11-20,15.432857513427734,15.758729844856774,15.42056013453614,15.475897166805714,106845700
2003-11-21,15.439008712768555,15.605018663822646,15.420562641432417,15.574276384338539,70712900
2003-11-24,15.820221900939941,15.869410263458585,15.543537801551222,15.574280088346725,99463800
2003-11-25,15.617316246032715,15.95548718843114,15.605018864983432,15.906298836976816,85663800
2003-11-26,15.648056983947754,15.758729875962755,15.568125193737217,15.74643366978949,69758400
2003-11-28,15.8079252243042,15.832519993035323,15.61732045761049,15.678806206695175,33402600
2003-12-01,15.88785171508789,16.115347385746286,15.678800942041256,15.924742683054141,101914600
2003-12-02,15.777167320251465,16.04155495871054,15.746425062508672,15.955475698837152,85121700
2003-12-03,15.783319473266602,16.02926110745765,15.752577208771052,15.875547439495469,93121600
2003-12-04,16.10919761657715,16.127642511610627,15.7771754330638,15.814066395873317,87202400
2003-12-05,15.97392463684082,16.281351983228408,15.937033683642143,15.961627261527177,96610900
2003-12-08,16.13379669189453,16.195282432665014,15.869408827501536,16.060014741164323,90504000
2003-12-09,16.219867706298828,16.361285189362032,16.139937105212983,16.256759835485244,103547100
2003-12-10,16.348989486694336,16.373583069260686,16.21986936680793,16.262910188598386,82853700
2003-12-11,16.361284255981445,16.459660916048296,16.158382248000784,16.348986880287516,79309000
2003-12-12,16.38588523864746,16.48426194316617,16.29365722475402,16.41048000114855,69154100
2003-12-15,16.441221237182617,16.662569394661052,16.40433026851713,16.63182594348752,88860600
2003-12-16,16.63796615600586,16.699451854280724,16.459658921025113,16.496549870893173,73978000
2003-12-17,16.62567710876465,16.650270695012207,16.50885434904644,16.62567710876465,53712300
2003-12-18,16.847017288208008,16.877760724559078,16.63181792471925,16.66256136107032,61177800
2003-12-19,16.822425842285156,16.939247396987117,16.717900490938646,16.902356441436094,76856400
2003-12-22,16.71175765991211,16.865471396779967,16.582637511116886,16.69946027950442,43894800
2003-12-23,16.693300247192383,16.81012293620583,16.607220988309816,16.705597619244735,39609000
2003-12-24,16.62567710876465,16.69945904024998,16.601082349774433,16.687161660754875,19924200
2003-12-26,16.730195999145508,16.754790750319152,16.60107707371072,16.631819339935493,12076900
2003-12-29,16.8839054107666,16.926946214448087,16.69944951452819,16.73019177298726,40426700
2003-12-30,16.920804977416992,16.939249871515816,16.84702188279419,16.8531705717413,34406600
2003-12-31,16.828571319580078,16.939244165117675,16.74249087606136,16.85931358121684,42198900
2004-01-02,16.877761840820312,17.074515155511296,16.803978761440064,16.95769243513518,44487700
2004-01-05,17.302013397216797,17.326608151707433,17.043774338777332,17.04992302739999,67333700
2004-01-06,17.363502502441406,17.38809726173632,17.25897712092338,17.33276022606544,46950800
2004-01-07,17.34505271911621,17.40653843144574,17.222082467199577,17.320459137829854,54298200
2004-01-08,17.314311981201172,17.51106533986942,17.21593530186705,17.45572831115116,58810800
2004-01-09,17.006885528564453,17.252827240832765,16.963845875510323,17.234382345376762,67079900
2004-01-12,16.95154571533203,17.04992238409789,16.816278088964577,17.01303142649629,55845200
2004-01-13,16.86546516418457,16.994584092521436,16.76093981483183,16.93924707387926,51555900
2004-01-14,17.03148651123047,17.04993141342815,16.890068948837808,16.920812407072308,43907000
2004-01-15,16.933094024658203,17.043766853030423,16.859310966334796,16.939241537838384,58504100
2004-01-16,17.0991153717041,17.14215502940885,16.926956740885107,17.037629643807584,63983400
2004-01-20,17.277423858642578,17.3389095865153,17.17289847308177,17.20364075064677,63068500
2004-01-21,17.400386810302734,17.400386810302734,17.123702910565388,17.295861468781812,53570600
2004-01-22,17.222082138061523,17.486469875105982,17.179042492076128,17.4372815407309,78425200
2004-01-23,17.511070251464844,17.6832300749591,17.351207809522215,17.388099954177104,127259100
2004-01-26,17.70781707763672,17.726263143101836,17.412687066649337,17.517212425466838,58299600
2004-01-27,17.36964225769043,17.6586234943038,17.35119619770751,17.609435173758076,63196200
2004-01-28,17.037628173828125,17.486473127827182,16.890063143253784,17.400392647101857,71336000
2004-01-29,17.160602569580078,17.18519733194256,16.951551780470226,17.099116836416684,63748400
2004-01-30,17.000732421875,17.154446098696187,16.939246716598067,17.117555144626944,40528700
2004-02-02,16.847017288208008,17.09295891530565,16.74864063736895,16.976137375398135,62891800
2004-02-03,16.779390335083008,16.93925157279333,16.71175592261452,16.847023574808876,47993800
2004-02-04,16.607229232788086,16.865468310377715,16.607229232788086,16.736348185211636,60648000
2004-02-05,16.576478958129883,16.70559903010039,16.49654837852303,16.63796465084241,55527500
2004-02-06,16.650266647338867,16.717901045377406,16.55803866903146,16.61952437881719,47209600
2004-02-09,16.53959083557129,16.74249283524671,16.50884857033711,16.71789925760782,48108500
2004-02-10,16.61338233947754,16.693312973268707,16.49041087069114,16.52115432425916,37790600
2004-02-11,16.693300247192383,16.742488562659844,16.5088443573749,16.582626244205116,51515300
2004-02-12,16.570335388183594,16.69330563013439,16.558038012165817,16.656414674823385,44537000
2004-02-13,16.348989486694336,16.63797082511822,16.293652459991947,16.588782487243037,67541100
2004-02-17,16.594928741455078,16.662563135889354,16.34898708816087,16.428917685703123,43477000
2004-02-18,16.459651947021484,16.668702528935384,16.441205893532025,16.53958249999249,50334700
2004-02-19,16.26905632019043,16.588781075541856,16.250611428020942,16.551890118460502,61840600
2004-02-20,16.336685180664062,16.478101445487873,16.293645549869165,16.39202218389807,57821900
2004-02-23,16.361284255981445,16.45351222820133,16.2813524867132,16.435066164660437,50256800
2004-02-24,16.52729034423828,16.570331149290137,16.324388382819066,16.36128050143494,55426500
2004-02-25,16.416627883911133,16.594935212298232,16.361290843749643,16.53959817213674,64275700
2004-02-26,16.293657302856445,16.385885317191974,16.238320259706562,16.34899434600633,66602700
2004-02-27,16.312101364135742,16.367438400464593,16.20142729147804,16.275209224754718,58266500
2004-03-01,16.416627883911133,16.42892409181376,16.29365642294276,16.37358705165227,51912300
2004-03-02,16.226016998291016,16.41047413285994,16.20142341732727,16.36128579819004,66331000
2004-03-03,16.213714599609375,16.324387430776458,16.121485481190536,16.201417227454602,54998700
2004-03-04,16.213714599609375,16.24445685725435,16.11533679511315,16.18911985529983,44023200
2004-03-05,16.20142364501953,16.355137339616032,16.109195662810116,16.127640555606547,59849800
2004-03-08,15.88170051574707,16.2014253149204,15.869403137453663,16.176830558333585,69367800
2004-03-09,15.81406021118164,15.967773864305364,15.703387366035926,15.863248533271548,81111700
2004-03-10,15.59886360168457,15.86325012650785,15.586566226741473,15.771022159919058,75155800
2004-03-11,15.426708221435547,15.850958394684099,15.414410843024273,15.482045251543731,90536300
2004-03-12,15.605011940002441,15.684943708608932,15.512783968546117,15.605011940002443,64137100
2004-03-15,15.469752311706543,15.635763449662928,15.408266574751265,15.5558316397982,68835300
2004-03-16,15.4820556640625,15.598878492054165,15.432867290078116,15.531244038046886,65453800
2004-03-17,15.451302528381348,15.654204590689632,15.439006322137367,15.525085629558273,56241400
2004-03-18,15.30373477935791,15.389815244225273,15.113130129905896,15.346774425420392,123231000
2004-03-19,15.143860816955566,15.33446649337241,15.100821203810312,15.229941215987576,86281600
2004-03-22,15.063946723937988,15.272997506987572,14.762667930188364,15.05164934311324,127605200
2004-03-23,14.848742485046387,15.162318558984312,14.82414890403253,15.156169870545245,91696300
2004-03-24,15.008605003356934,15.113130362291209,14.867188686193623,14.990158937871207,97584700
2004-03-25,15.488188743591309,15.518931006561186,15.113127037099593,15.125424411384406,85677900
2004-03-26,15.38981819152832,15.684948254827727,15.371372122793622,15.439006535411554,61584900
2004-03-29,15.561973571777344,15.617310593728423,15.371368925469389,15.525082614724083,51881600
2004-03-30,15.494348526000977,15.574279170605067,15.389823115215318,15.500496044803368,59010400
2004-03-31,15.328325271606445,15.49433629404614,15.291434324200535,15.49433629404614,70533200
2004-04-01,15.42055606842041,15.439002131893915,15.279139766683747,15.34062547218647,69051900
2004-04-02,15.89399528503418,15.924737552978797,15.641904935112787,15.666498514920013,98043800
2004-04-05,15.955484390258789,15.973929285855158,15.82021556792489,15.869403910752872,53800300
2004-04-06,15.863252639770508,15.924738351485143,15.777173347015465,15.844807747175803,48992000
2004-04-07,15.73413372039795,15.850956455528229,15.586568715742949,15.826361701714523,63268900
2004-04-08,15.666499137878418,15.893995917038705,15.59271722278055,15.87554985189304,45294600
2004-04-12,15.746427536010742,15.826358122342945,15.635753514364502,15.666495776936394,38786800
2004-04-13,15.648056983947754,15.844810355631225,15.623462226116018,15.789473323252423,56971500
2004-04-14,15.68494701385498,15.789472382929771,15.605015228404685,15.611163917496441,61079600
2004-04-15,15.506637573242188,15.820213660746422,15.432855654266167,15.697243404872234,73756900
2004-04-16,15.469752311706543,15.617317376753478,15.439010029600349,15.57427771270765,51768600
2004-04-19,15.697239875793457,15.740279514310306,15.408257435336576,15.420554809982017,44592100
2004-04-20,15.574265480041504,15.912435008569002,15.543523222081538,15.771018745566009,59902600
2004-04-21,15.648056983947754,15.672650569036886,15.494343265727215,15.59271995156895,49252000
2004-04-22,15.955484390258789,15.98007797530148,15.6603531605483,15.684947918333592,99207700
2004-04-23,16.933094024658203,17.043766853030423,16.81012265169983,16.847013594490573,258269000
2004-04-26,16.74864387512207,16.939248526376584,16.66256458218308,16.87776398727297,89391000
2004-04-27,16.736351013183594,16.82858019220458,16.68101397486809,16.699460045220835,80716800
2004-04-28,16.330541610717773,16.631820293413085,16.275204590146966,16.607226713571812,72842200
2004-04-29,16.281362533569336,16.564196485348603,16.176837121155284,16.29980860849288,77787300
2004-04-30,16.066162109375,16.447372760389047,15.96163670286655,16.34899604517438,66172200
2004-05-03,16.20142364501953,16.30594900425485,16.103046974297165,16.103046974297165,65916200
2004-05-04,16.189123153686523,16.318243242134766,15.998518537421418,16.201420528346777,55496400
2004-05-05,16.170679092407227,16.355136216906292,16.13993682469522,16.182976468588965,51841700
2004-05-06,16.06000518798828,16.195272799026025,16.00466817148596,16.084598766021386,62693900
2004-05-07,15.850955963134766,16.219867876941198,15.832509898347494,16.004669651468237,68290200
2004-05-10,15.94318962097168,16.016971560919092,15.752584907907607,15.758732425617566,64621400
2004-05-11,15.949335098266602,16.053860469420048,15.857107105541218,16.041563090991982,57917200
2004-05-12,15.949335098266602,15.986226060808242,15.635758984806255,15.906295446510926,64145600
2004-05-13,16.047706604003906,16.103043616338645,15.857101990818798,15.875546879768926,63861500
2004-05-14,15.90014362335205,16.090748260448358,15.764874832790143,15.98622290989703,43775300
2004-05-17,15.703391075134277,15.857104764564758,15.629607988200998,15.66035025699014,55149600
2004-05-18,15.88170051574707,15.967779818315835,15.764877767444789,15.80176990232501,58158600
2004-05-19,15.752577781677246,16.15223309836556,15.752577781677246,16.004668112484133,60052800
2004-05-20,15.820221900939941,15.90630241490487,15.734142559718084,15.832519284755369,52089900
2004-05-21,15.918588638305664,16.109194449625328,15.850955415241515,15.96777696996247,57809300
2004-05-24,15.83866024017334,16.090750621539193,15.826362862364642,16.016967527429497,56250500
2004-05-25,16.047706604003906,16.103043616338645,15.740279278918553,15.807912492972651,66615000
2004-05-26,16.072303771972656,16.078452460577513,15.893996493401533,15.980075788384665,50306900
2004-05-27,16.103046417236328,16.103046417236328,15.937035351356833,16.084600352335592,49071900
2004-05-28,16.127641677856445,16.201424772403662,15.998522728326941,16.072304650131656,37393000
2004-06-01,16.053855895996094,16.15223254990996,15.906290915125297,16.066152098178662,48369500
2004-06-02,16.066162109375,16.158391306038833,15.992380159335477,16.060014590824167,54020000
2004-06-03,15.918588638305664,16.06615363327608,15.90014374689832,16.016965301619276,45933100
2004-06-04,15.955484390258789,16.133791693231746,15.949335700812467,16.00467273308677,48815300
2004-06-07,16.250621795654297,16.250621795654297,15.96778781694073,15.99853127807434,65218600
2004-06-08,16.355131149291992,16.385873407478556,16.133783137574422,16.158377882317254,58447700
2004-06-09,16.275205612182617,16.38587966027424,16.232165965200856,16.232165965200856,50385500
2004-06-10,16.459651947021484,16.471949316014456,16.219857942625154,16.219857942625154,48109200
2004-06-14,16.53959083557129,16.53959083557129,16.312095258256974,16.324391460705296,67377500
2004-06-15,16.853172302246094,16.96999505875166,16.582635824506806,16.594933203663732,114183400
2004-06-16,16.797826766967773,16.908500777879894,16.69330144252211,16.810124139900683,67431100
2004-06-17,17.07451057434082,17.16673851926425,16.779380681489066,16.79167688080143,105427500
2004-06-18,17.431135177612305,17.523363170275772,17.031479760908912,17.074519412635695,134218700
2004-06-21,17.431135177612305,17.621739852149144,17.289718844012153,17.351203390626097,116881700
2004-06-22,17.394243240356445,17.431134200806024,17.099112038532343,17.308162768984108,98932000
2004-06-23,17.400386810302734,17.449575137327745,17.215930877144505,17.33890228107814,58558400
2004-06-24,17.455724716186523,17.615587080366833,17.437279825574134,17.511061733508257,65503800
2004-06-25,17.566404342651367,17.603295308361737,17.369650961872523,17.511067307714487,71136500
2004-06-28,17.388090133666992,17.67707140046126,17.320455746074686,17.584843436398593,77024100
2004-06-29,17.523361206054688,17.572549541477773,17.326607864362334,17.326607864362334,55371700
2004-06-30,17.56024742126465,17.707812387675364,17.455722090130962,17.566396108124525,83544400
2004-07-01,17.603288650512695,17.73240874077766,17.37579307980816,17.646329462429158,78441400
2004-07-02,17.566404342651367,17.63403875707259,17.461878962519773,17.59714779136222,36690100
2004-07-06,17.228227615356445,17.418832228941117,17.179039290149365,17.412683541697458,69158900
2004-07-07,17.277423858642578,17.412691521768394,16.93925294171397,17.01303604970978,66255700
2004-07-08,16.99459457397461,17.30817081543166,16.93925752120319,17.142159657117393,59125100
2004-07-09,17.12985610961914,17.215935411398522,16.994587295117217,17.08066776963913,50249300
2004-07-12,17.148298263549805,17.215932659991605,16.96384231128969,17.01303064340854,45757300
2004-07-13,16.96999168395996,17.18519108543938,16.96999168395996,17.160596332016638,43274100
2004-07-14,17.295866012573242,17.437283516071336,16.81013130218684,16.84702226396165,87656300
2004-07-15,17.13600730895996,17.338909387693402,17.092966479022696,17.246680210570535,46759700
2004-07-16,16.89620590209961,17.338902011175783,16.75478961069681,17.326604636425397,66406300
2004-07-19,17.185190200805664,17.37579483905068,16.969990810403957,16.9822881864823,60354500
2004-07-20,17.412691116333008,17.511067809541682,17.12370972662536,17.21593772991566,89010700
2004-07-21,17.74471092224121,18.378010652052332,17.713967476830337,18.378010652052332,201518000
2004-07-22,17.83078956604004,18.015245540729666,17.726264200984588,17.873829215284786,124640700
2004-07-23,17.2343807220459,17.461876344687482,17.22823203322552,17.449578967046726,97372700
2004-07-26,17.621740341186523,17.652482615346653,17.338907666137064,17.43728435074058,72387600
2004-07-27,17.486474990844727,17.683228385906048,17.295869113229173,17.646337417517735,72968400
2004-07-28,17.57254981994629,17.70166993544205,17.38809385237228,17.424984811338593,62718800
2004-07-29,17.511070251464844,17.707823665319506,17.36965388184966,17.695527456510728,60148400
2004-07-30,17.517210006713867,17.713963320204687,17.41883334996846,17.492616428898643,59552900
2004-08-02,17.53565216064453,17.554097046708716,17.314304145938372,17.381938522152364,52267000
2004-08-03,17.25896644592285,17.474165765677743,17.215926816520263,17.44957102159515,53990900
2004-08-04,17.25283432006836,17.33891483424003,17.20979464935406,17.222092033199022,46217900
2004-08-05,16.926958084106445,17.345058486946726,16.9208093935546,17.314316206930304,55591700
2004-08-06,16.687166213989258,17.12986261466533,16.637977855330025,16.834731289966957,75628000
2004-08-09,16.71175765991211,16.7732433892078,16.662569311024107,16.760946008800115,51877500
2004-08-10,17.043773651123047,17.062219716246794,16.754792333972077,16.78553460310259,57632700
2004-08-11,16.853172302246094,16.91465802528811,16.724053339326225,16.840874923089167,53097300
2004-08-12,16.52729034423828,16.791677997275265,16.514994144108346,16.742489678529456,50279700
2004-08-13,16.61338233947754,16.75479870766191,16.588787576623123,16.607233648763934,43333200
2004-08-16,16.656417846679688,16.724052254914653,16.576486060085173,16.61952688434359,54347200
2004-08-17,16.631820678710938,16.83472270125694,16.588781033434874,16.736346034128115,56879700
2004-08-18,16.8839054107666,16.908500155727452,16.533438504268425,16.558033249229272,58844000
2004-08-19,16.67487144470215,16.87777358829646,16.607237005923018,16.816287841473894,46293000
2004-08-20,16.72405242919922,16.82857780085956,16.62567574678273,16.681011604492262,46494800
2004-08-23,16.798049926757812,16.853550186276543,16.72405036486739,16.81655040533133,39572200
2004-08-24,16.798049926757812,16.933716574358137,16.70554988629387,16.896716793412924,40835300
2004-08-25,16.989213943481445,17.06321466898386,16.761047294235446,16.779546593459827,53512700
2004-08-26,16.921390533447266,17.02005743762578,16.890556390765056,16.933723014317874,35465500
2004-08-27,16.9337158203125,17.05088316032376,16.92755017059771,16.958383123978777,33248700
2004-08-30,16.835052490234375,16.8905527589263,16.55755232297677,16.835052490234375,36679600
2004-08-31,16.835052490234375,16.847386144655253,16.680885338579476,16.828886839225962,52106700
2004-09-01,16.890552520751953,16.97072009715519,16.73638537127097,16.791885639180283,48507500
2004-09-02,17.032379150390625,17.069378919460146,16.865878425275604,16.896711370133296,42161700
2004-09-03,16.7178897857666,17.032390981827316,16.711722957271025,16.933722902100385,46174400
2004-09-07,16.87204933166504,16.884381806871076,16.748715169990774,16.82888272793957,44893400
2004-09-08,16.810388565063477,16.939888424881993,16.73638780502277,16.835054700942262,53278100
2004-09-09,16.822715759277344,16.939881918050315,16.761048678964254,16.83504823437858,56904700
2004-09-10,16.952224731445312,16.96455838941419,16.76105773773713,16.85972464908344,52664500
2004-09-13,16.804218292236328,17.001552043622574,16.489717184888775,16.97688591280026,48239200
2004-09-14,16.921390533447266,16.96455715700008,16.816556800732307,16.878223909894448,55920000
2004-09-15,16.767215728759766,16.896715540566852,16.736381600090166,16.872049413832915,52605700
2004-09-16,16.810388565063477,16.865888841043464,16.75488828908349,16.785721252982515,35951500
2004-09-17,16.964557647705078,16.976891305134718,16.81039045844153,16.89055687932956,65283000
2004-09-20,16.964557647705078,17.050890897307927,16.853557083242954,16.921391022903656,51513600
2004-09-21,16.810388565063477,16.976889393003436,16.804221737043235,16.92755594504369,73874400
2004-09-22,16.72405433654785,17.106388241583808,16.6932201982694,16.822721226634687,68409000
2004-09-23,16.865877151489258,16.890543270272225,16.754876676462494,16.76721032395466,52155800
2004-09-24,16.828886032104492,16.933718561048064,16.76721893915971,16.890551948847307,49859800
2004-09-27,16.767215728759766,16.847382110897236,16.730214774356245,16.754882077291924,47813600
2004-09-28,16.816551208496094,16.872051470665536,16.674717727930577,16.779550249581874,62055100
2004-09-29,17.007719039916992,17.07555295870793,16.791884806111057,16.810385286563662,61529300
2004-09-30,17.050884246826172,17.13721863895769,16.97071785720603,17.013884465170865,71218000
2004-10-01,17.42087745666504,17.464044044471645,17.131043812676886,17.155709930194387,66302800
2004-10-04,17.34072494506836,17.550391228017894,17.30989080330943,17.538058747516562,62016200
2004-10-05,17.501060485839844,17.544228290982925,17.328393970077215,17.359226940405563,58017700
2004-10-06,17.59354019165039,17.605872658949153,17.40853906775716,17.507205863353157,56999600
2004-10-07,17.37156105041504,17.630562006991504,17.36539422094864,17.599729035861966,38401500
2004-10-08,17.260555267333984,17.47022270115443,17.24822161212052,17.328389194805922,49556600
2004-10-11,17.303722381591797,17.402389273730428,17.22355597280496,17.3900567943647,44691000
2004-10-12,17.285215377807617,17.365381750898557,17.149547579374566,17.16188122945059,56412900
2004-10-13,17.285215377807617,17.433215650115084,17.229715128667117,17.383882226012595,49500700
2004-10-14,17.14337921142578,17.36538018800761,17.14337921142578,17.29138064661467,41548700
2004-10-15,17.260555267333984,17.414722428895953,17.15572155042376,17.24822161212052,49828500
2004-10-18,17.519548416137695,17.544215715681347,17.254380827051374,17.309881074823004,50350700
2004-10-19,17.377716064453125,17.63055001965674,17.371549239179664,17.59355024421763,57026500
2004-10-20,17.698394775390625,17.729227744465266,17.340726923593856,17.402392861743138,69078100
2004-10-21,17.612056732177734,17.815557344453868,17.556556458265867,17.76622389833245,94988500
2004-10-22,17.106382369995117,17.476383668922683,17.00771551377466,17.451716366766718,101912800
2004-10-25,17.03854751586914,17.124881892402712,16.9892140905078,17.06321481665063,61529500
2004-10-26,17.205055236816406,17.205055236816406,17.038554417701544,17.08788786304645,76966600
2004-10-27,17.359216690063477,17.482550850954855,17.007715860585304,17.180383450592885,72392600
2004-10-28,17.272876739501953,17.599711314920473,17.205042859875157,17.334543795871653,63059600
2004-10-29,17.248214721679688,17.35921522185336,17.14338104664917,17.340715922625503,80010100
2004-11-01,17.316055297851562,17.43938949586017,17.24205454380598,17.365388741814588,72930900
2004-11-02,17.414722442626953,17.556555949087294,17.285222591389797,17.427056097850137,89417100
2004-11-03,17.556550979614258,17.66755149279946,17.457884118161136,17.66755149279946,79666700
2004-11-04,17.883386611938477,17.883386611938477,17.501051622016504,17.501051622016504,87867700
2004-11-05,18.074554443359375,18.105388575850714,17.90188800621542,18.01288735457858,95337700
2004-11-08,18.056055068969727,18.179388069843796,17.96355384806182,17.99438798043175,112802100
2004-11-09,18.35822296142578,18.43222252853358,18.09922212414466,18.1485555609505,100401000
2004-11-10,18.33355712890625,18.500057932588025,18.308890996621177,18.45072449181587,84097700
2004-11-11,18.487728118896484,18.549395226722606,18.389061216855584,18.432227839473196,87358900
2004-11-12,18.481557846069336,18.623392520496242,18.376724135163553,18.59872521148216,162269000
2004-11-15,18.825206756591797,18.9008104177588,18.69462028302594,18.79084217111129,104468000
2004-11-16,18.6396427154541,18.790848780043916,18.591530443564945,18.783975598345467,64522600
2004-11-17,18.674001693725586,18.79771630521933,18.598398028718307,18.728985819842254,58830700
2004-11-18,18.605270385742188,18.674000868080437,18.557159441382883,18.646508150775173,63249900
2004-11-19,18.460939407348633,18.605272254926987,18.44719304731497,18.5777808457847,85808600
2004-11-22,18.316606521606445,18.433447968161445,17.938590770888872,18.385337015625588,92410800
2004-11-23,18.2341251373291,18.350966546461056,18.144775130444526,18.22725195903608,70459700
2004-11-24,18.309724807739258,18.37158209243496,18.14477248552556,18.29597976408151,60069200
2004-11-26,18.2822322845459,18.433438242873226,18.24786640020484,18.25473957707305,24398700
2004-11-29,18.39906883239746,18.522783361652213,18.28910065326526,18.309718867524982,67079900
2004-11-30,18.426572799682617,18.564033772890674,18.350970444250684,18.3853350320902,75960400
2004-12-01,18.728984832763672,18.74960437056757,18.42657149959769,18.52279469842431,99889000
2004-12-02,18.619014739990234,18.832078032469358,18.50217332587108,18.74272933269578,96088300
2004-12-03,18.71524429321289,18.85957848086707,18.653386971493283,18.667133334303266,76498400
2004-12-06,18.783973693847656,18.859577373939825,18.605274920582218,18.625894463586963,55297400
2004-12-07,18.605270385742188,18.81833370115835,18.557159441382883,18.735858171092374,111656000
2004-12-08,18.804588317871094,18.804588317871094,18.495301808330495,18.56403228944228,95655000
2004-12-09,18.71524429321289,18.80459434055246,18.515927276169403,18.646513790088292,83006000
2004-12-10,18.612146377563477,18.680876870287644,18.584654967028875,18.612146377563477,70949200
2004-12-13,18.728984832763672,18.74960437056757,18.495301981352444,18.62588976559399,93812500
2004-12-14,18.71524429321289,18.783974796337485,18.584657779293998,18.59152964977368,127843200
2004-12-15,18.632766723632812,18.83208371912619,18.605274000985357,18.708369089062977,106303900
2004-12-16,18.667125701904297,18.7496025341167,18.56403064483238,18.660252523309534,88997500
2004-12-17,18.5296630859375,18.777092249404653,18.419694860157577,18.55715579784481,126184400
2004-12-20,18.522798538208008,18.660258219288064,18.481559454051336,18.56403631143951,85552800
2004-12-21,18.605270385742188,18.674000868080437,18.515921676349897,18.557159441382883,94646100
2004-12-22,18.53654670715332,18.660261358586055,18.4059601847969,18.447197964966012,63651900
2004-12-23,18.56403160095215,18.660253484385105,18.440317001724154,18.46780971751919,65801900
2004-12-27,18.454065322875977,18.62589088210029,18.433445783836067,18.564033575905537,55958500
2004-12-28,18.522798538208008,18.577782672825066,18.4197021387415,18.454068042205392,55075900
2004-12-29,18.488428115844727,18.557158595048396,18.433443994666764,18.45406353170532,47594900
2004-12-30,18.392200469970703,18.51591503159749,18.385327293110944,18.481549147298693,48355400
2004-12-31,18.364715576171875,18.48843019043555,18.337224167960503,18.385335115524157,54959500
2005-01-03,18.378463745117188,18.52279791294298,18.316606431895437,18.419701516956643,65002900
2005-01-04,18.447195053100586,18.625893820193237,18.323480421196045,18.467814595393072,109442100
2005-01-05,18.405956268310547,18.625892796980782,18.392209907537378,18.447194039704936,72463500
2005-01-06,18.38533592224121,18.598399261196953,18.309732252223828,18.454066412172917,76890500
2005-01-07,18.330350875854492,18.481556897403003,18.295986288069603,18.43344595013416,68723300
2005-01-10,18.419700622558594,18.46093970332075,18.24100318295618,18.28224095279327,70376600
2005-01-11,18.371597290039062,18.433454625905235,18.2891217161679,18.344105869057213,64712000
2005-01-12,18.405956268310547,18.45406722009152,18.29598800397543,18.399083087923962,72940600
2005-01-13,18.055429458618164,18.419698792687413,17.979825795656648,18.337223261206614,89861600
2005-01-14,17.952333450317383,18.179143116420146,17.89734932856292,18.144777220995564,92180800
2005-01-18,18.089797973632812,18.110417516443604,17.759893154211447,17.890480970162695,69146400
2005-01-19,17.85610580444336,18.048550838090524,17.814868051134876,18.01418495122967,58114100
2005-01-20,17.773637771606445,17.938590165127085,17.691160919383577,17.759891411081785,58380100
2005-01-21,17.62929916381836,17.959203867694722,17.62242598528867,17.835490586934657,76501000
2005-01-24,17.643043518066406,17.86985314009992,17.622423984818045,17.704900806886876,69010900
2005-01-25,17.883604049682617,18.00044547932793,17.698032135965075,17.704905315464792,67580700
2005-01-26,17.876724243164062,17.98669245254372,17.801120607618877,17.91796199395032,64974500
2005-01-27,17.945453643798828,17.979818215607366,17.766754986360795,17.835485440902254,93204100
2005-01-28,17.993579864501953,18.316611571244646,17.842372473789013,18.241009186813674,110466500
2005-01-31,18.062301635742188,18.227254000475124,17.979824797913288,18.11041257825702,71442100
2005-02-01,18.137901306152344,18.165394018345253,18.021059901181815,18.041679435326497,57981700
2005-02-02,18.186010360717773,18.21350307006731,18.062297101418455,18.15851896229277,79329500
2005-02-03,17.993579864501953,18.144785944289396,17.93859571631329,18.124167708047082,62545400
2005-02-04,18.089797973632812,18.124163878317468,17.966083338618493,17.986702881429288,61246500
2005-02-07,17.97981834411621,18.076040194607355,17.91108788908351,18.055421975744622,57763400
2005-02-08,18.03481101989746,18.10354150760536,17.979826891916144,18.000446431506017,61343700
2005-02-09,17.917959213256836,18.082911501727327,17.89734099652569,18.04167375734077,77874800
2005-02-10,17.911096572875977,17.959207521447063,17.86985880423291,17.93858929258804,71796400
2005-02-11,17.849239349365234,17.952335737850923,17.739271091843868,17.890478429129523,83835900
2005-02-14,17.876724243164062,17.95232787870925,17.807993784570662,17.821740138474237,58694000
2005-02-15,17.876733779907227,17.980146939027712,17.828474393315645,17.92499316649881,76551600
2005-02-16,17.78021240234375,17.8767311613892,17.697481098183744,17.835366166793932,57506600
2005-02-17,17.68368911743164,17.82846854468111,17.64921851402279,17.725054104516108,67024800
2005-02-18,17.56648826599121,17.683690165484382,17.511334508286737,17.67679578140016,77091100
2005-02-22,17.39412498474121,17.573374947455683,17.373443156522942,17.407913746865876,96419200
2005-02-23,17.37345314025879,17.476866285683172,17.352769985186118,17.401029365386197,83689400
2005-02-24,17.49065589904785,17.53891528157477,17.33898205114091,17.359665207210824,85236300
2005-02-25,17.407917022705078,17.497541363443545,17.338974514076806,17.4630707666139,62467700
2005-02-28,17.34587860107422,17.490658081691425,17.325195442423272,17.3872436034064,82728000
2005-03-01,17.42860984802246,17.518234238530027,17.325195370168725,17.366561687298105,56394800
2005-03-02,17.41481590270996,17.56648840888874,17.34587337627622,17.36655652869714,67739000
2005-03-03,17.352764129638672,17.44928285746938,17.33208098154536,17.442388474771608,52183600
2005-03-04,17.352764129638672,17.442388474771608,17.325186598847587,17.380340345460713,63058200
2005-03-07,17.559600830078125,17.780217263161205,17.345880098777144,17.35277448558941,80407400
2005-03-08,17.511341094970703,17.663014971935322,17.469976089875715,17.511341094970703,52871800
2005-03-09,17.44928550720215,17.628535539656784,17.42860367093727,17.504439262190555,62991800
2005-03-10,17.532007217407227,17.56647780232625,17.4079110077491,17.532007217407227,59132900
2005-03-11,17.2976131439209,17.566487537204157,17.27692999252632,17.545805700778832,60617900
2005-03-14,17.3114070892334,17.338983317704766,17.20799261629924,17.290723931652636,65550500
2005-03-15,17.17351531982422,17.401024704811046,17.15972655346886,17.30450597026183,71469400
2005-03-16,16.9804744720459,17.214878211722304,16.93221511063646,17.11146510656365,74841400
2005-03-17,16.91843032836914,17.01494906640564,16.911535944942365,16.987371532698536,60573200
2005-03-18,16.759857177734375,17.17351085609446,16.739175348546087,16.911530938282056,135904000
2005-03-21,16.684036254882812,16.794343823925846,16.649564317700648,16.78744943648941,71446200
2005-03-22,16.539247512817383,16.732286308331012,16.518564362057962,16.677132554608434,102113300
2005-03-23,16.670242309570312,16.815020455921196,16.51856846295182,16.539251618846034,79293300
2005-03-24,16.739181518554688,16.870170868258747,16.684027762108432,16.71160398284692,78820900
2005-03-28,16.684036254882812,16.87017945578671,16.670247480009948,16.82192005870163,49802000
2005-03-29,16.490991592407227,16.71160665344767,16.422049057089716,16.64266411813016,74231700
2005-03-30,16.65644645690918,16.677129604009238,16.546138968980163,16.57371649844691,59585700
2005-03-31,16.663339614868164,16.759858330971696,16.628869020536584,16.718493354780023,62382300
2005-04-01,16.628877639770508,16.78744455983587,16.6150888689032,16.711607635035232,64619600
2005-04-04,16.704702377319336,16.725385520158646,16.50477058974754,16.621972435899526,62196400
2005-04-05,16.870162963867188,16.890846105957078,16.628866214328443,16.697807391357422,73549600
2005-04-06,17.008054733276367,17.194199141442255,16.8563822423463,16.870169694271443,78020200
2005-04-07,17.30451011657715,17.3251919560966,16.980480604431595,17.001163758920498,77451500
2005-04-08,17.194202423095703,17.407923090871392,17.17351926880666,17.283826795076013,47956300
2005-04-11,17.214889526367188,17.311409627593772,17.139053900723965,17.256255847594225,47791800
2005-04-12,17.4561767578125,17.47685990533429,17.097676757248852,17.180408032367005,67517800
2005-04-13,17.263145446777344,17.545808655253616,17.228673521981776,17.394134816092073,60929300
2005-04-14,17.125255584716797,17.332081815728177,17.118361201687204,17.242457466281675,66754400
2005-04-15,16.8632755279541,17.166621828689276,16.828804925243624,16.946006815416133,100251600
2005-04-18,16.9942684173584,17.125259091808115,16.821912751229064,16.85638467343656,75766400
2005-04-19,16.9804744720459,17.0976763418841,16.8563795348369,17.035628215795114,65956200
2005-04-20,16.766759872436523,17.028741235113657,16.75297110282837,17.00116369589735,91923500
2005-04-21,17.42860984802246,17.504445466153566,16.870176401503247,16.87707078769148,93562300
2005-04-22,17.221776962280273,17.407921387761846,17.0838932254182,17.270036335930463,80087500
2005-04-25,17.228673934936523,17.42860715863459,17.139049558258787,17.283827700961936,75457900
2005-04-26,17.07010269165039,17.40791958723004,17.056313924899587,17.20109334584468,60464300
2005-04-27,17.228673934936523,17.338981466987352,16.980481330337405,17.001164485710497,47732800
2005-04-28,16.856382369995117,17.18041050465052,16.849487986495742,17.111467984625975,83623100
2005-04-29,17.44239044189453,17.44239044189453,17.090786089438172,17.152832910777562,98641200
2005-05-02,17.39412498474121,17.483750623582814,17.201087574870805,17.39412498474121,54376700
2005-05-03,17.483760833740234,17.511337059124784,17.29761638125889,17.325192606643444,67867800
2005-05-04,17.380352020263672,17.51134274957288,17.31141077691455,17.46997774056942,86864200
2005-05-05,17.39412498474121,17.463067480395814,17.290711898743677,17.373443156522942,59362300
2005-05-06,17.387237548828125,17.566487583142138,17.366555712348717,17.463074455837315,64322600
2005-05-09,17.3114070892334,17.46307963325004,17.270040774071877,17.39413708961715,61872400
2005-05-10,17.166624069213867,17.290720359118904,17.111470308697115,17.263144136345215,62235100
2005-05-11,17.17351531982422,17.21488030392115,16.98737091893432,17.15972655346886,59463300
2005-05-12,17.235570907592773,17.311407840376486,17.118368972822353,17.125263358981755,74540700
2005-05-13,17.44239044189453,17.4975441947278,17.228669814036756,17.256247347937986,77204300
2005-05-16,17.629135131835938,17.636051388716684,17.421652701978072,17.44931641035993,50577300
2005-05-17,17.60837745666504,17.636042470197864,17.463140093039062,17.504636294197848,39983200
2005-05-18,17.77435874938965,17.87118362497079,17.580707679087364,17.63603636786802,71182400
2005-05-19,17.92650604248047,18.016414635618602,17.774352531346885,17.808932455060123,52120800
2005-05-20,17.80202293395996,17.92651281699619,17.79510668277572,17.898847812259238,64444500
2005-05-23,17.87809944152832,18.03025300219283,17.80202200162608,17.80202200162608,75421100
2005-05-24,17.808950424194336,17.89885910804984,17.78820165754728,17.843530382798562,61287700
2005-05-25,17.781286239624023,17.82278377487296,17.636048823675516,17.76053879114048,35749000
2005-05-26,17.91268539428711,17.981846606602122,17.795111729093712,17.808944235384793,50579200
2005-05-27,18.03025245666504,18.044084957890554,17.850433898153092,17.864266399378607,54978000
2005-05-31,17.843523025512695,18.00259419926976,17.808943081166557,17.974929188480594,46131100
2005-06-01,17.85043716430664,17.98184331171302,17.712116084162176,17.79510846842082,54621000
2005-06-02,17.836612701416016,17.88502516366782,17.732870203287113,17.781282665538917,27212500
2005-06-03,17.587627410888672,17.850438404825354,17.525382458798884,17.774362267158033,79659500
2005-06-06,17.546131134033203,17.63603977599894,17.504633620073403,17.553046067219586,40756900
2005-06-07,17.64296531677246,17.86428023117883,17.50464283569801,17.518475347633643,54511400
2005-06-08,17.566884994506836,17.719039963041695,17.525388784515844,17.670626179054683,45369700
2005-06-09,17.64296531677246,17.712126557309688,17.532307859569276,17.566887820267418,52767900
2005-06-10,17.587627410888672,17.64987236297846,17.525382458798884,17.62912360590178,39459800
2005-06-13,17.504636764526367,17.62912669048807,17.470056815821668,17.539218032371558,49104100
2005-06-14,17.539216995239258,17.594545701379364,17.456223276458893,17.504635729438935,44243300
2005-06-15,17.470062255859375,17.573803453418147,17.366321058300603,17.56688719769544,50764800
2005-06-16,17.317907333374023,17.449312225167542,17.255662355517806,17.44239596994565,65918800
2005-06-17,17.317907333374023,17.490809756498887,17.234913589852134,17.476977246055107,90821300
2005-06-20,17.366317749023438,17.483891435623104,17.24182780801901,17.276407760902174,50538900
2005-06-21,17.393980026245117,17.421645041603668,17.317903872290184,17.345567568508194,81084000
2005-06-22,17.338653564453125,17.470059766175826,17.3109898646456,17.366318583401362,60492700
2005-06-23,17.504636764526367,17.719036667745076,17.39397934570274,17.407811852840815,105159800
2005-06-24,17.317907333374023,17.56688592565808,17.317907333374023,17.44239596994565,57970700
2005-06-27,17.324819564819336,17.463142009381567,17.31098837567559,17.338652073103678,61636200
2005-06-28,17.338653564453125,17.428563556894183,17.3109898646456,17.352486073927242,53058100
2005-06-29,17.35248565673828,17.511555554444143,17.290240684741956,17.442394327877043,55859900
2005-06-30,17.179582595825195,17.387064948486504,17.165750087210274,17.331736233167447,82018200
2005-07-01,17.08967399597168,17.28332517487548,17.062010295637272,17.186500244993947,69718400
2005-07-05,17.276411056518555,17.421649788442743,17.027432446155643,17.055096149911122,61883500
2005-07-06,17.082752227783203,17.345563211978853,17.075835975680658,17.269485757991074,64214600
2005-07-07,17.048173904418945,17.089670105043187,16.944432743288125,16.999761450500593,80082900
2005-07-08,17.35248565673828,17.373234420450615,17.034344542185877,17.041260796756657,56104000
2005-07-11,17.490806579589844,17.55305022699975,17.3663166464889,17.39398034321102,61525400
2005-07-12,17.712121963500977,17.719038217674996,17.428562138069157,17.456225835624636,63384800
2005-07-13,17.746694564819336,17.808939507464007,17.622204679529997,17.656785936077064,44749200
2005-07-14,17.961095809936523,18.051005771490168,17.83660722485805,17.83660722485805,69506800
2005-07-15,17.836612701416016,18.051011313877137,17.808947683477466,18.009515106109973,56472800
2005-07-18,17.670625686645508,17.83661316026554,17.670625686645508,17.781283122965064,39668000
2005-07-19,18.092504501342773,18.154749462172887,17.808944710512453,17.836609723832698,113290100
2005-07-20,18.113252639770508,18.140916333001023,17.898852751317126,17.981846469289465,71424800
2005-07-21,18.28615379333496,18.313817484725384,17.98184527319847,18.189327575617714,112932100
2005-07-22,17.760534286499023,18.216996505336475,17.72595301589583,17.97493288767647,97558900
2005-07-25,17.767446517944336,17.91268386417322,17.739781507725333,17.767446517944336,45174600
2005-07-26,17.66370964050293,17.80203076763497,17.656793386275236,17.788198259179584,51476400
2005-07-27,17.788196563720703,17.84352527312806,17.65679170334104,17.712120412748394,57977300
2005-07-28,17.808950424194336,17.878111660543652,17.74670544339404,17.808950424194336,44738700
2005-07-29,17.712121963500977,17.981849280584754,17.69828945515294,17.829695646178116,59524400
2005-08-01,17.92650604248047,18.016414635618602,17.815848703630675,17.850428627343913,61346800
2005-08-02,18.54205322265625,18.604298192912655,17.89194114086367,17.912688584855378,137510100
2005-08-03,18.846355438232422,18.97084533659327,18.48671824722113,18.507467003328003,139422400
2005-08-04,18.894765853881836,19.0192557388714,18.708031026397485,18.784108471477786,91461400
2005-08-05,19.199081420898438,19.323571351963384,18.846360389261267,18.874025404671496,82212400
2005-08-08,18.763370513916016,19.254414085124672,18.728790556695195,19.226749064035367,77207200
2005-08-09,18.915510177612305,19.02616753409961,18.680362965291852,18.825600251004033,64761800
2005-08-10,18.638879776000977,19.019264539127256,18.569718550212382,18.957019567831587,62818800
2005-08-11,18.86018943786621,18.880936876478106,18.597377116232956,18.659622070349236,48646800
2005-08-12,18.708040237426758,18.77028521056827,18.604299055237803,18.72878900152083,52006500
2005-08-15,18.819021224975586,18.936943640861603,18.513811355785066,18.71497234579458,45976600
2005-08-16,18.548503875732422,18.825968144173213,18.52075811041534,18.74966629726074,46894600
2005-08-17,18.694168090820312,18.83289952379036,18.49300572689136,18.603991402488845,52413100
2005-08-18,18.603984832763672,18.78433682268432,18.59011129744982,18.652540883309012,40861900
2005-08-19,18.534622192382812,18.66641815816148,18.520749977343016,18.62479886693526,36043500
2005-08-22,18.666419982910156,18.84677202659208,18.569307852871248,18.583181392320675,41691700
2005-08-23,18.638675689697266,18.77740712591758,18.548498999253095,18.617865378890077,48296700
2005-08-24,18.597047805786133,18.839829378180582,18.576238826158665,18.61785810846673,63645000
2005-08-25,18.749666213989258,18.791285523307035,18.62480696298193,18.659489500237747,39306300
2005-08-26,18.708040237426758,18.784343385257372,18.638675182730136,18.770469845096606,36774600
2005-08-29,18.832889556884766,18.888382365315124,18.597044790292525,18.597044790292525,52307700
2005-08-30,18.85370635986328,18.888388880951304,18.701100091747886,18.770466456977307,55163200
2005-08-31,18.99243927001953,19.034059886282378,18.756595726464102,18.846771082259988,65210200
2005-09-01,18.867578506469727,18.99937313533009,18.832894664885465,18.992436367013237,75974500
2005-09-02,18.742725372314453,18.916140667047813,18.70804151953556,18.87452004371314,52047500
2005-09-06,18.72885513305664,18.930017545477583,18.71498158949921,18.770474440675,46089000
2005-09-07,18.624792098999023,18.805144059513644,18.603981799421323,18.687221674679197,44656100
2005-09-08,18.45831871032715,18.645606165440864,18.395889117604813,18.59011334113804,52552300
2005-09-09,18.437511444091797,18.603989944440624,18.402828919330858,18.46525852234336,41515800
2005-09-12,18.45831871032715,18.55543082209376,18.395889117604813,18.465255478746663,40550500
2005-09-13,18.36814308166504,18.56236863922465,18.291841270846174,18.409763694533552,63422900
2005-09-14,18.250221252441406,18.479129338460957,18.243284483404036,18.395890756119346,54969600
2005-09-15,18.222471237182617,18.333456869714617,18.18778740010818,18.291837588278394,60357200
2005-09-16,18.0837345123291,18.312642493888223,18.01436817666362,18.27102322171006,187384300
2005-09-19,18.035188674926758,18.222477490237697,17.938076543900443,18.097618280030403,61832300
2005-09-20,17.924205780029297,18.187796457800125,17.82015686309486,18.083747540865687,61043400
2005-09-21,17.681419372558594,17.965820287029867,17.639800081503957,17.8964539199032,68281800
2005-09-22,17.577367782592773,17.75771978018925,17.445571837608192,17.681416655768725,71314900
2005-09-23,17.5288143157959,17.716103108972998,17.424765427270867,17.55656006864432,66396800
2005-09-26,17.5288143157959,17.68141926409572,17.487193701943166,17.61898966637002,56203700
2005-09-27,17.577367782592773,17.6536709070133,17.549620710784144,17.598178086449245,48797900
2005-09-28,17.806278228759766,17.94501096036396,17.60511590023902,17.61205266912457,71019400
2005-09-29,17.993568420410156,18.035187713910357,17.688357180950543,17.76466032157882,66807100
2005-09-30,17.847904205322266,18.00051053186797,17.764665593619046,17.97276344593098,57644500
2005-10-03,17.6883602142334,17.847901969221045,17.646740913596123,17.834028427990717,55341300
2005-10-04,17.327653884887695,17.612054828802915,17.168112150116436,17.591245842647954,151666300
2005-10-05,17.112613677978516,17.37620422585223,17.112613677978516,17.369268781454306,73684700
2005-10-06,17.15423583984375,17.306842103282996,17.015504436689284,17.10567978258702,81724600
2005-10-07,17.05712127685547,17.23053649819556,17.008565226568745,17.181980447908835,50768700
2005-10-10,16.966941833496094,17.119548049959022,16.890640048317554,17.11261128347862,48880900
2005-10-11,16.932262420654297,17.029374523033525,16.821276782777133,17.001628775090815,76567300
2005-10-12,16.855958938598633,17.133424350420896,16.83514995884916,16.987754876908895,71294400
2005-10-13,17.05712127685547,17.154233377428913,16.835150005228655,16.862895752655437,70192000
2005-10-14,17.112613677978516,17.154232959631607,16.99469127741717,17.14035942472954,53846700
2005-10-17,17.015501022338867,17.126486651813266,16.953071440377883,17.119549884589482,46924400
2005-10-18,17.043251037597656,17.223603061435874,16.960012456166723,16.987758208959235,69328200
2005-10-19,17.403955459594727,17.403955459594727,16.994695343439062,17.036314635049667,66574500
2005-10-20,17.19586181640625,17.431705407654075,17.161177962506756,17.376212564468634,58830600
2005-10-21,17.188915252685547,17.341520153739374,17.04324579540658,17.279090575341677,69431200
2005-10-24,17.41089630126953,17.41089630126953,17.11955854574194,17.265226761978866,51868000
2005-10-25,17.362337112426758,17.43170216119981,17.223604368773657,17.306844279576215,41310500
2005-10-26,17.417831420898438,17.570436393402588,17.292972205643398,17.320717962892513,58178100
2005-10-27,17.23748207092285,17.52881984451507,17.23748207092285,17.494135988698247,61566100
2005-10-28,17.709165573120117,17.757721630792236,17.410891135359,17.410891135359,106559300
2005-10-31,17.82708168029785,17.89644669637336,17.688349002041086,17.764652107387594,75122100
2005-11-01,18.007434844970703,18.104548262643895,17.764654608420365,17.764654608420365,71370400
2005-11-02,18.354276657104492,18.382023743103343,17.98663702899691,17.98663702899691,75067100
2005-11-03,18.340391159057617,18.479122519451302,18.208595242088634,18.451376776593733,73421600
2005-11-04,18.492998123168945,18.52768063638773,18.34732997998638,18.402822794968273,57464000
2005-11-07,18.735780715942383,18.784336766342083,18.52074621143523,18.534618423654326,77104800
2005-11-08,18.763530731201172,18.85370740792829,18.56930648542605,18.68722891595528,60091700
2005-11-09,18.701101303100586,18.832897273268152,18.687229087598837,18.714974841655796,59562100
2005-11-10,18.79128074645996,18.832900045197885,18.479132698291394,18.687231838088323,73314800
2005-11-11,18.923070907592773,18.999372711268556,18.819020708215646,18.832894244539695,51945600
2005-11-14,18.985502243041992,19.03405830158593,18.86757981955527,18.978565474242377,67152200
2005-11-15,19.131589889526367,19.159418293565448,18.957666345076127,19.01332182622295,65081000
2005-11-16,19.29855728149414,19.395954046555314,19.08984954866837,19.117676627143815,86277000
2005-11-17,19.458574295043945,19.47944560731871,19.31247908991638,19.375091699808745,91351000
2005-11-18,19.528141021728516,19.653366222357032,19.409872924127328,19.562926536865174,75431200
2005-11-21,19.590755462646484,19.646410965162396,19.36813345258284,19.528142856449602,65794400
2005-11-22,19.416833877563477,19.53510199861754,19.382049682460746,19.521187789803655,104253300
2005-11-23,19.423784255981445,19.542052336082122,19.298559073882906,19.423784255981445,70541300
2005-11-25,19.312477111816406,19.437702318774818,19.110725094620793,19.340304198400617,44082500
2005-11-28,19.305519104003906,19.37508880760288,19.15246681763155,19.333347516216186,57517200
2005-11-29,19.256816864013672,19.33334365538346,19.201161377635138,19.33334365538346,62220400
2005-11-30,19.256816864013672,19.319429452055957,19.222031355694924,19.256816864013672,55904700
2005-12-01,19.402912139892578,19.54900862188501,19.29160116643714,19.29160116643714,61006100
2005-12-02,19.48640251159668,19.549015120847017,19.333350203946928,19.35422018907576,42319600
2005-12-05,19.375089645385742,19.493357748538415,19.277691525362975,19.43074514528513,47517300
2005-12-06,19.263782501220703,19.423791929590752,19.256825396474344,19.409877720098038,65980000
2005-12-07,19.305519104003906,19.305519104003906,19.16637969680596,19.249863606511074,55583200
2005-12-08,19.263782501220703,19.34726510431288,19.201169885435544,19.277695383781364,63931600
2005-12-09,19.27768898010254,19.361172882395017,19.228990589986765,19.27768898010254,48467000
2005-12-12,19.096813201904297,19.305521006335177,19.01332928397283,19.270736814573983,63757200
2005-12-13,18.874197006225586,19.082906216576774,18.78375727725939,18.98550938123897,104285500
2005-12-14,18.846364974975586,18.950718889372244,18.679398446554526,18.783752360951187,65076200
2005-12-15,18.728099822998047,18.860282176570458,18.651572987729985,18.839410859606744,79018100
2005-12-16,18.714181900024414,18.839407123105794,18.651569288483724,18.700267691474934,88542500
2005-12-19,18.66547393798828,18.693302340835633,18.540248779037764,18.658516837276444,68680100
2005-12-20,18.68636131286621,18.700274199325527,18.55417893950953,18.616791572839933,62960600
2005-12-21,18.595918655395508,18.72114391129969,18.582004443198976,18.693316813838933,75800900
2005-12-22,18.498516082763672,18.630698403742578,18.380247969662946,18.58199867616895,91276900
2005-12-23,18.533296585083008,18.554167892744278,18.39415851480279,18.449814008301203,30689200
2005-12-27,18.408077239990234,18.679399018040915,18.40112146215873,18.561130890924478,37819000
2005-12-28,18.359373092651367,18.547210881734998,18.33154600923063,18.44285699677686,35444400
2005-12-29,18.275890350341797,18.435899727627422,18.268933247816555,18.373287131831894,34495500
2005-12-30,18.192401885986328,18.303712844620335,18.157617709012435,18.192401885986328,49044600
2006-01-03,18.672439575195312,18.783750583610306,18.157625829543004,18.261979734065573,79973000
2006-01-04,18.762876510620117,18.83940331524251,18.623738434044128,18.623738434044128,57975600
2006-01-05,18.776796340942383,18.87419315641394,18.721140828254054,18.755925026084725,48245500
2006-01-06,18.721141815185547,18.78375443612721,18.42895002643517,18.70722760454692,100963000
2006-01-09,18.68636131286621,18.832456572682208,18.616791572839933,18.735059732804874,55625000
2006-01-10,18.78376007080078,18.797674285613336,18.49852530180619,18.540266619311296,64921900
2006-01-11,18.985502243041992,19.055070626736935,18.714180504290628,18.790707318673302,70120700
2006-01-12,18.881153106689453,18.96463705176873,18.762884958537647,18.957679945767765,45994800
2006-01-13,18.91593360900879,18.95767490698782,18.79070838813976,18.804622596443416,41418000
2006-01-17,18.776796340942383,18.915935786129257,18.7141837233015,18.7141837233015,58566600
2006-01-18,18.66547393798828,18.769827794803287,18.575034282596953,18.602861358513024,52376200
2006-01-19,18.79766845703125,18.950720791714836,18.679400321660978,18.693314532159164,60367600
2006-01-20,18.373287200927734,18.790704065490484,18.268933316519956,18.790704065490484,79165900
2006-01-23,18.3315486907959,18.456773901836442,18.29676317276695,18.3732899854988,47925600
2006-01-24,18.28285026550293,18.40111837276313,18.2411076439298,18.324591560144224,63040700
2006-01-25,18.366331100463867,18.484599196427293,18.24806300450044,18.373288203394857,59072100
2006-01-26,18.4359130859375,18.58896547159672,18.30373069604437,18.47765440440227,69509300
2006-01-27,19.333354949951172,19.444665987736276,18.91593789479091,18.94376499077107,134520700
2006-01-30,19.479446411132812,19.604671636084927,19.326394095597998,19.354221186180702,103999200
2006-01-31,19.583789825439453,19.743799159583048,19.388996314979863,19.416823390646403,94841300
2006-02-01,19.50727081298828,19.52814079489613,19.312475911280842,19.45161398941612,68448800
2006-02-02,19.256816864013672,19.472481707864063,19.166375869316386,19.458567504536564,55073400
2006-02-03,19.159420013427734,19.270730985713307,19.020280634605037,19.11767740362205,75022700
2006-02-06,18.90201759338379,19.15942511466159,18.84636209242262,19.13855380420172,60170500
2006-02-07,18.742008209228516,18.88810340177097,18.65156719076068,18.748965312720795,72159500
2006-02-08,18.721141815185547,18.83940995174956,18.58200236266359,18.790711541446523,51795200
2006-02-09,18.54721450805664,18.804622046417485,18.540257404108303,18.75592231877913,52861700
2006-02-10,18.568082809448242,18.707220885060735,18.442857612544817,18.519384416637283,52127000
2006-02-13,18.359373092651367,18.575039292087375,18.324588906642536,18.526339573970716,46707000
2006-02-14,18.540252685546875,18.56112399208006,18.331544927941263,18.373286214076074,58432900
2006-02-15,18.763628005981445,18.798531387784248,18.498368961419544,18.568174393597268,62808900
2006-02-16,18.714773178100586,18.777597962704423,18.547240862966518,18.742695896337175,48868500
2006-02-17,18.63798713684082,18.71477194407137,18.540258960885325,18.61704509954427,41513200
2006-02-21,18.526296615600586,18.65194482937015,18.386685713952314,18.65194482937015,50216100
2006-02-22,18.651945114135742,18.749673279352873,18.47743215012517,18.51931622011605,43043100
2006-02-23,18.610061645507812,18.770613246556383,18.526296171668648,18.65892506048536,47359100
2006-02-24,18.5891170501709,18.6659031668009,18.512332264968915,18.561195673214183,44753800
2006-02-27,18.882301330566406,19.028892906134907,18.617042222938533,18.6728863156722,51301500
2006-02-28,18.756654739379883,19.056815931587735,18.756654739379883,18.81249883693347,65036100
2006-03-01,18.945133209228516,18.98701729306414,18.81250427136844,18.83344498185756,53061200
2006-03-02,18.82645606994629,18.91720354715166,18.777592658264066,18.861359457882244,41850300
2006-03-03,18.798540115356445,18.959091751904783,18.665909865785494,18.714773291567294,45218800
2006-03-06,18.78458023071289,18.952112560013717,18.728736120945946,18.791560910862334,53054100
2006-03-07,18.889284133911133,18.917206849133784,18.7147711580546,18.77759593587722,51613900
2006-03-08,19.021909713745117,19.196422646898743,18.82645474929897,18.840416103493986,57547400
2006-03-09,18.847408294677734,19.140590254740985,18.847408294677734,19.035882697167434,45360700
2006-03-10,18.9660701751709,19.000972237597566,18.76363448509689,18.88928404011823,41297200
2006-03-13,18.9241886138916,19.049838176747155,18.80551973024229,18.97305203690689,40342600
2006-03-14,19.007957458496094,19.112665002225267,18.840425122243687,18.87532852443918,39821800
2006-03-15,19.098703384399414,19.161528171697718,18.854384915064735,18.987015169519882,57152000
2006-03-16,19.035871505737305,19.182461733872262,19.000968119447045,19.084734915115625,73793700
2006-03-17,19.19641876220703,19.30810691030929,19.035867215738506,19.091711289789636,120615000
2006-03-20,19.46866226196289,19.538467701027336,19.315091361163514,19.33603339231125,67094100
2006-03-21,19.36395263671875,19.699017109617134,19.32206991046342,19.36395263671875,73199600
2006-03-22,18.95210075378418,19.19641908110194,18.70778242646642,18.903237354606183,145696100
2006-03-23,18.742692947387695,18.91720591462328,18.61006271948873,18.903244557701647,73682900
2006-03-24,18.85437774658203,18.993987296387267,18.582137992747995,18.644961424732127,69157600
2006-03-27,18.85437774658203,19.056812059799434,18.847397069377564,18.85437774658203,59908600
2006-03-28,18.77759552001953,18.99399123248929,18.714770743588257,18.85438165375293,58520500
2006-03-29,18.861364364624023,18.987013931024695,18.791558902020487,18.812500940230088,53150300
2006-03-30,19.007957458496094,19.119645682664366,18.847405802682783,18.86834784400008,54612000
2006-03-31,18.993988037109375,19.224346399556136,18.993988037109375,19.056812802971567,62190500
2006-04-03,19.238309860229492,19.35697873567875,19.154544378399617,19.315095994763812,57605300
2006-04-04,19.294157028198242,19.405845242692674,19.17548813386934,19.266235640288905,45470000
2006-04-05,19.36395263671875,19.503563499473675,19.29414720534129,19.46167944179048,41539300
2006-04-06,19.238309860229492,19.349998056954874,19.105680958760804,19.308115316039938,51885500
2006-04-07,19.021909713745117,19.349993548759844,19.007948359550102,19.273208763543302,47249400
2006-04-10,19.049837112426758,19.15454463181354,18.98701233450902,19.00795303952937,39432000
2006-04-11,18.938154220581055,19.070784501719416,18.847408027020375,19.049843789359386,42953400
2006-04-12,18.98701286315918,18.98701286315918,18.826459908772314,18.917207404481637,32183000
2006-04-13,18.89626121520996,18.987008690978552,18.84739780430138,18.90324189268663,28160000
2006-04-17,18.7357120513916,18.882302303081904,18.65892592064244,18.86834227775063,35796200
2006-04-18,19.0009708404541,19.19642583738528,18.721750367286873,18.80551717495116,56272700
2006-04-19,18.86834716796875,18.980035388135363,18.81948240664583,18.924191278052056,45111100
2006-04-20,18.86834716796875,18.980035388135363,18.63799004744654,18.882307196918124,45648300
2006-04-21,18.95210075378418,19.119632978720645,18.847393279627358,18.88229532720371,58528000
2006-04-24,18.9241886138916,19.02191545992218,18.833441115638845,18.896265897066623,42318400
2006-04-25,18.9241886138916,18.993992743097202,18.861363832463823,18.91022725547911,49222500
2006-04-26,18.917200088500977,19.007946217687035,18.847394656819777,18.903238735879164,39190000
2006-04-27,19.021909713745117,19.2871687863103,18.805514049434468,18.82645474929897,96509600
2006-04-28,16.857946395874023,17.102264729727114,16.75323891891636,16.913790472346633,591052200
2006-05-01,16.95567512512207,17.451291154833985,16.816064263312256,16.976615822394045,174800900
2006-05-02,16.760225296020508,17.451296476727528,16.683439165465863,17.095289868830893,190533500
2006-05-03,16.173870086669922,16.767214743477975,16.159908722644097,16.746272697439238,211527100
2006-05-04,16.362335205078125,16.52288680581795,16.152918858026517,16.29951043410546,171257400
2006-05-05,16.61363410949707,16.718342955997276,16.41818043641037,16.515907272953722,131604300
2006-05-08,16.564769744873047,17.45129589592901,16.411198820303028,16.64853655100192,80693500
2006-05-09,16.487985610961914,16.753244733412508,16.3972381230561,16.57873176743946,75345900
2006-05-10,16.59268569946289,16.606647050036177,16.467036207158667,16.522880278024136,76563300
2006-05-11,16.20876693725586,16.60665769508067,16.159903510355054,16.550812256990007,92916700
2006-05-12,16.173870086669922,16.31348106407027,16.09010323394392,16.15292804063118,83115900
2006-05-15,16.222909927368164,16.27897176658482,16.138817836853022,16.187871779090138,67314800
2006-05-16,16.12480926513672,16.81857533741047,16.054731600573454,16.22992509367148,82095100
2006-05-17,15.928590774536133,16.173861912223728,15.928590774536133,16.04071449405843,98598300
2006-05-18,15.99866771697998,16.215907246749033,15.949613758963107,16.005675616213836,95476400
2006-05-19,15.809453010559082,16.047716156089553,15.781422759883545,15.970631964267094,100071200
2006-05-22,16.03371238708496,16.131821679576504,15.732380617392849,15.753402987010524,87322300
2006-05-23,15.9706392288208,16.384094636535757,15.956623428797853,16.194886682706965,79986300
2006-05-24,16.468189239501953,16.496220841487386,16.10378643341345,16.11079433390981,107356700
2006-05-25,16.636371612548828,16.76251112375976,16.496217639685643,16.517240000474068,83052700
2006-05-26,16.622352600097656,16.73447629135546,16.51022890883985,16.657392089003114,46861600
2006-05-30,16.222909927368164,16.650382286782452,16.215902030388623,16.503219123451437,52497500
2006-05-31,15.872529983520508,16.3630722919254,15.872529983520508,16.300002528369905,120202000
2006-06-01,15.991661071777344,16.005676871344143,15.851507085970011,15.935599210130368,80230800
2006-06-02,15.949612617492676,16.110790278475953,15.886542865521823,16.026698166928163,73935600
2006-06-05,15.767417907714844,15.928595636649213,15.760410006028057,15.921587734962426,63914100
2006-06-06,15.508124351501465,15.809457313848428,15.403008543771598,15.8024494151171,126601300
2006-06-07,15.445056915283203,15.690326703328184,15.424033217756447,15.52214113297444,73827500
2006-06-08,15.494111061096191,15.564187380463048,15.396001808066387,15.438049203630637,104126900
2006-06-09,15.360963821411133,15.5501730937212,15.339940123392193,15.522141496362615,52573800
2006-06-12,15.213800430297852,15.487103154861964,15.206793867660414,15.388993901876336,74309700
2006-06-13,15.073643684387207,15.438046359080033,15.038604194539896,15.227813429855772,113175300
2006-06-14,15.33293342590332,15.374980825237028,15.101678076048874,15.129709675604676,86081500
2006-06-15,15.466075897216797,15.508121946464138,15.276866670674055,15.424029847969457,121577300
2006-06-16,15.487100601196289,15.613240093792893,15.269861106513188,15.3959992624899,147506500
2006-06-19,15.802447319030762,15.837486808039644,15.501115733273382,15.515130192257098,129640900
2006-06-20,15.809453010559082,15.949608273795706,15.767406966235953,15.795438553531138,90598500
2006-06-21,16.173870086669922,16.222924071675813,15.788444773091477,15.844506661186903,91660300
2006-06-22,16.03371238708496,16.236937537526835,15.96363603953184,16.15985195127362,76590600
2006-06-23,15.767417907714844,16.026704923643653,15.767417907714844,16.01268912027008,60532600
2006-06-26,15.991661071777344,16.04071503364092,15.858513649133195,15.872529448699993,53644100
2006-06-27,16.019689559936523,16.2299211661313,16.00567376309155,16.04071191858403,84759100
2006-06-28,16.229921340942383,16.292991090804126,16.054727888353092,16.089766044222962,71906500
2006-06-29,16.447166442871094,16.55929018374072,16.271972930684743,16.34205060288337,121395500
2006-06-30,16.328020095825195,16.57329105931494,16.328020095825195,16.496206892278156,73048800
2006-07-03,16.608339309692383,16.62235376962077,16.433145862698243,16.48920771227157,25711400
2006-07-05,16.36307716369629,16.48220882625676,16.32803765316635,16.454177217832807,53093500
2006-07-06,16.45417594909668,16.54527733282928,16.41212987632347,16.433153581020353,44775200
2006-07-07,16.328020095825195,16.50321345022941,16.328020095825195,16.39108981034025,63168800
2006-07-10,16.468189239501953,16.580312974202975,16.38409577016601,16.4191352726478,50565100
2006-07-11,16.187881469726562,16.37709079158252,15.93560237391862,16.37709079158252,88676300
2006-07-12,15.865517616271973,16.033703159524126,15.851503156799206,15.970634750346967,77379300
2006-07-13,15.59922981262207,15.844500986427711,15.592221912042438,15.676315382377652,73099500
2006-07-14,15.620248794555664,15.802448808091171,15.57820140378289,15.613240896093535,67499400
2006-07-17,15.753397941589355,15.844499302823957,15.599228155080322,15.620251854585282,37053500
2006-07-18,15.935595512390137,15.94961130870467,15.75339417016092,15.830479713270947,65047300
2006-07-19,16.398101806640625,16.44014784796142,15.921575549606459,15.991653176220817,82188200
2006-07-20,16.012685775756836,16.433150432799042,15.963631810815633,16.426142532575973,76605200
2006-07-21,16.727476119995117,16.923691986339705,16.117802146346452,16.874638019753558,175483800
2006-07-24,16.818571090698242,16.895656635915657,16.671409235232204,16.825578989047095,59586700
2006-07-25,16.972740173339844,17.021795459841947,16.748492781524075,16.818570425621473,60075800
2006-07-26,17.077865600585938,17.189989350939662,16.888656270631326,16.902672073580675,54942100
2006-07-27,16.727476119995117,17.239040823851145,16.65739845203476,17.225025022935004,85386800
2006-07-28,16.99376106262207,17.014784753367156,16.860613694475855,16.87462948830591,51705800
2006-07-31,16.860612869262695,17.11289179937772,16.8255747230221,16.867620765834737,40254400
2006-08-01,16.811565399169922,16.95872861057372,16.713457482647467,16.83258909697621,49168700
2006-08-02,17.028804779052734,17.09888243449898,16.839596846954006,16.902666603193616,46462000
2006-08-03,16.965730667114258,17.15493988725644,16.92368461928925,16.951716208919095,43155300
2006-08-04,17.021799087524414,17.161953068968916,16.923689830231073,17.09888330950183,45690400
2006-08-07,16.972740173339844,17.15494151334513,16.951717815744544,17.014787561770216,36862400
2006-08-08,17.056833267211914,17.182972756701773,16.958725369439737,17.09187142023916,58171300
2006-08-09,17.126916885375977,17.2670708830038,17.056839218251902,17.161955050627853,44405700
2006-08-10,17.14093017578125,17.239039437685065,17.05683805028682,17.077861749970545,31753400
2006-08-11,17.119901657104492,17.13391745185414,16.958724027342825,17.119901657104492,30255500
2006-08-14,17.189979553222656,17.239033498965725,17.063840071814894,17.18297165574225,47831900
2006-08-15,17.316591262817383,17.33769104274264,17.189987217095975,17.26735531272603,48994500
2006-08-16,17.37285804748535,17.393957825551123,17.21108548024111,17.309556030203332,52373600
2006-08-17,17.37285804748535,17.408025238623203,17.309556030203332,17.37285804748535,45674800
2006-08-18,18.13951301574707,18.146545380118873,17.569794910590307,17.61902951044632,128414800
2006-08-21,18.371618270874023,18.378650634605098,17.977738824828428,18.04807453601815,88398300
2006-08-22,18.01993751525879,18.463050128053666,18.01993751525879,18.294245259296485,89312400
2006-08-23,18.05510902404785,18.252048755608723,17.949606123460377,18.04104161289161,44648500
2006-08-24,18.104337692260742,18.18874079001344,17.93553283829707,18.1606059769153,35933300
2006-08-25,18.18170738220215,18.28721024995121,18.06917081106425,18.083236876300177,33115900
2006-08-28,18.252044677734375,18.287211856225756,18.069172398187092,18.1746752752031,34190900
2006-08-29,18.174678802490234,18.273147994610195,18.026973672768165,18.230947103921945,42711200
2006-08-30,18.146541595458984,18.209843593940743,18.034005007389624,18.18171011769438,30283100
2006-08-31,18.076208114624023,18.273146482567952,18.062140705044595,18.19577841296513,26380500
2006-09-01,18.174678802490234,18.266114289238466,18.034007378139894,18.209845987806755,31594600
2006-09-05,18.012908935546875,18.259081934050254,17.97774040608766,18.069177241139393,44222400
2006-09-06,18.012908935546875,18.090277017272697,17.94257321817067,17.94257321817067,50160400
2006-09-07,17.88629913330078,18.076205106392976,17.858164318824105,17.921466309854836,51266900
2006-09-08,18.005874633789062,18.139512358227172,17.907404096104155,17.9566400357177,36866800
2006-09-11,18.223918914794922,18.252053744798047,17.879275296511867,17.88630900401265,55608200
2006-09-12,18.23798370361328,18.273150894510742,18.090278550450794,18.2168825841494,52248800
2006-09-13,18.273147583007812,18.357550704025265,18.160610982679277,18.160610982679277,37706700
2006-09-14,18.519319534301758,18.63888982457391,18.273145249442397,18.280178953757456,74324500
2006-09-15,18.88507080078125,18.94837282050399,18.63186272189028,18.695164741613024,126057700
2006-09-18,18.842863082885742,19.01870166480946,18.758459973283916,18.80769456157585,49135000
2006-09-19,18.89211082458496,18.948379156315028,18.793640237900203,18.80770765621843,43039100
2006-09-20,19.11717414855957,19.15234133441128,18.983536427547214,18.99760383850476,71676400
2006-09-21,18.920244216918945,19.166418669979542,18.88507701285722,19.15938496085863,58495100
2006-09-22,18.751432418823242,18.88507016054542,18.62482838366985,18.871002747407854,47712500
2006-09-25,18.955398559570312,19.12420342736113,18.8428619810431,18.856928047202622,67903900
2006-09-26,19.131242752075195,19.215644539997392,18.9061681873508,18.927269305102463,54766500
2006-09-27,19.300048828125,19.32114860560114,19.074975591430743,19.117176487925338,66233900
2006-09-28,19.27191734313965,19.356320492300622,19.173448120403965,19.321151954507492,44179700
2006-09-29,19.23674964904785,19.285984259141518,19.138279087318015,19.23674964904785,34283500
2006-10-02,19.24378204345703,19.33521755002929,19.096076881711177,19.215647215870234,52908100
2006-10-03,19.25080108642578,19.328169120271028,19.138263203344575,19.25080108642578,39386200
2006-10-04,19.651718139648438,19.665784205090304,19.250806431407163,19.26487249684903,82191200
2006-10-05,19.637649536132812,19.771287211251217,19.539180376330666,19.637649536132812,81967200
2006-10-06,19.60249137878418,19.693926877580044,19.447752523301833,19.525121951043005,36452200
2006-10-09,19.496986389160156,19.644691532763,19.42665201191735,19.55325469587975,33366300
2006-10-10,19.47589111328125,19.518092017687575,19.300052446455236,19.47589111328125,34598500
2006-10-11,19.37038230895996,19.46181779771019,19.28597918419331,19.314112664754088,37219600
2006-10-12,19.848663330078125,19.89789927153463,19.370383401237856,19.398516883385057,120174900
2006-10-13,19.95416259765625,20.17923576483404,19.91196037265399,19.933061485155118,129751900
2006-10-16,20.01044273376465,20.115945675634393,19.92603957534324,20.031542517212984,49744800
2006-10-17,20.003398895263672,20.05263348709987,19.813492891145184,19.862727482981384,40122600
2006-10-18,20.059669494628906,20.18627351190814,19.87679717428581,20.045602083477398,40630800
2006-10-19,19.89790153503418,20.01043815950913,19.77833120383675,19.94010243382669,44730800
2006-10-20,19.99637222290039,20.038573124809655,19.813499859236927,20.0315394175677,48887800
2006-10-23,20.01044273376465,20.17924770906478,19.820536633473495,19.904938450352212,48525000
2006-10-24,19.89086151123047,19.99636439547658,19.785357285442398,19.99636439547658,61409600
2006-10-25,19.911964416503906,20.017467317351965,19.792394104464858,19.890864641259597,40717100
2006-10-26,19.940107345581055,19.982308254768718,19.722067749644953,19.926039928670928,69964200
2006-10-27,19.933069229125977,20.249579331897184,19.869767208571734,20.03857214953557,89060100
2006-10-30,20.06670379638672,20.28474330954438,19.9189986579919,19.940099775346077,47296800
2006-10-31,20.193307876586914,20.29177842286124,20.087804965582276,20.158140686766135,61861700
2006-11-01,20.263641357421875,20.390245373247016,20.186273280061513,20.242541582479117,75895900
2006-11-02,20.235506057739258,20.298808059960752,20.10186834843366,20.193303828563575,58674400
2006-11-03,20.207366943359375,20.348038327628906,20.122965186031053,20.29177004222944,41124500
2006-11-06,20.28473663330078,20.432440381540182,20.22846834708457,20.235502050554317,60446200
2006-11-07,20.36210823059082,20.4465099982661,20.25660400868385,20.298806234063402,56511200
2006-11-08,20.383209228515625,20.55904782022099,20.15813604577948,20.24253916007653,77403300
2006-11-09,20.58015251159668,20.678621710774994,20.397280183449652,20.474649606542453,89407500
2006-11-10,20.566078186035156,20.601246703591922,20.502776195974747,20.516843602997454,37855100
2006-11-13,20.643457412719727,20.720825505100706,20.509819665454522,20.530920786036106,47271800
2006-11-14,20.629337310791016,20.763431911122478,20.516415967184077,20.664626071998555,63012500
2006-11-15,20.551698684692383,20.72108065029213,20.54464093452637,20.558755088730194,63943200
2006-11-16,20.798717498779297,20.91869658408611,20.55875932816567,20.565817079787067,64328500
2006-11-17,20.749317169189453,20.848124358073196,20.664626831436127,20.685798742810135,49356700
2006-11-20,21.095144271850586,21.172778222761988,20.819898585715954,20.834014094268753,85703800
2006-11-21,21.11630630493164,21.172766962987808,21.024558240388465,21.109248554408584,66446600
2006-11-22,21.11630630493164,21.172766962987808,21.04573014582936,21.151593711418645,43907200
2006-11-24,21.003398895263672,21.05985959070272,20.918707179040517,20.93282268943257,20456700
2006-11-27,20.805776596069336,20.989274111708443,20.69991300715831,20.953986697447625,72722100
2006-11-28,20.742258071899414,20.763431328029338,20.558760557159097,20.70697065781144,52602300
2006-11-29,20.86929702758789,21.017507143233363,20.770491181243372,20.777548934000652,58775100
2006-11-30,20.721086502075195,20.869295259032114,20.699913245597674,20.76343166890166,53297400
2006-12-01,20.551698684692383,20.67873414929604,20.396430873296463,20.62933124426214,72257000
2006-12-04,20.69991111755371,20.834005702535336,20.586989786872905,20.6293349493461,55123400
2006-12-05,20.558761596679688,20.749316873098433,20.48818676493523,20.721087209626376,45606000
2006-12-06,20.45995330810547,20.558759137632382,20.375262981690536,20.537587229092882,48564100
2006-12-07,20.36115074157715,20.51641726230591,20.332919730828998,20.438783328877186,46831100
2006-12-08,20.749317169189453,20.749317169189453,20.325861442036885,20.339976947038654,108854900
2006-12-11,20.848121643066406,20.996330387898137,20.5446450556927,20.60110572221838,107712000
2006-12-12,20.770496368408203,20.91164742041836,20.622286215749146,20.862244484908356,68529400
2006-12-13,20.855186462402344,20.8904752345482,20.692862148918437,20.8904752345482,46002500
2006-12-14,21.222179412841797,21.229237166538294,20.8340123824366,20.848127889829595,85866500
2006-12-15,21.306875228881836,21.335104902994672,21.193953840172217,21.27158645357937,102783700
2006-12-18,21.095144271850586,21.356275795561405,21.01751166706817,21.306872861755597,56986800
2006-12-19,21.16571617126465,21.29275303018989,20.84106761723677,20.968103130033303,53822100
2006-12-20,21.236286163330078,21.34214973286633,21.151594500024085,21.165710001596473,31202100
2006-12-21,21.158662796020508,21.271584172621537,21.095144353416302,21.264526418317846,32270500
2006-12-22,20.9186954498291,21.073963284823947,20.904581293480085,21.05279003110781,37971700
2006-12-26,21.16571617126465,21.172773924108128,20.749318176400223,20.84106761723677,37098300
2006-12-27,21.186891555786133,21.26452415259702,21.1092576128464,21.165718295131065,31248400
2006-12-28,21.158662796020508,21.19395156753895,21.038683665115787,21.07397243663423,26690600
2006-12-29,21.07396697998047,21.278636417276683,21.052793722551765,21.07396697998047,41739800
2007-01-03,21.07396697998047,21.34921259591038,20.749317096716922,21.109254396232995,76935100
2007-01-04,21.038684844970703,21.151606227904395,20.777554651734945,20.96105223553446,45774500
2007-01-05,20.9186954498291,20.996329367326524,20.784602214678795,20.91163769859039,44607200
2007-01-08,21.123371124267578,21.24335023105328,20.841067739515548,20.925758081876797,50220200
2007-01-09,21.14454460144043,21.29981248414005,20.982220311462484,21.172775615069025,44636600
2007-01-10,20.932815551757812,21.09513982752958,20.77049127598605,21.031621398553025,55017400
2007-01-11,21.666805267333984,21.702092684467015,20.925757392382295,21.00339132542937,99464300
2007-01-12,22.026748657226562,22.15378555554879,21.62446604329226,21.631523798324505,103972500
2007-01-16,21.991451263427734,22.19612202823516,21.899703181839648,22.062027435641625,62379600
2007-01-17,21.94911003112793,22.18906825197086,21.885591599367817,22.06203138845063,58519600
2007-01-18,21.87853240966797,22.139663872660623,21.737380049218643,21.984396006940628,56364300
2007-01-19,21.9561710357666,21.9561710357666,21.659752092364958,21.687981762811848,75826900
2007-01-22,21.68091583251953,21.963220507301536,21.532707089774586,21.920873998407163,56143900
2007-01-23,21.695039749145508,21.85030630358754,21.539773194703475,21.617405798860002,49171200
2007-01-24,21.942047119140625,22.090255860982392,21.631512786449875,21.723262209033443,58527800
2007-01-25,21.490373611450195,22.21730490970382,21.490373611450195,21.93500142756022,97378700
2007-01-26,21.596227645874023,22.040855264273144,21.596227645874023,22.033797512091752,96103700
2007-01-29,21.546831130981445,21.72327094957279,21.412736491935906,21.63152149007306,57605900
2007-01-30,21.511537551879883,21.624458902850748,21.271579344534626,21.575055980067077,61900400
2007-01-31,21.779726028442383,21.949108049131297,21.4197887296802,21.462133898320268,73968400
2007-02-01,21.567995071411133,21.83618425032045,21.43390182808496,21.765608079758604,55355800
2007-02-02,21.306875228881836,21.76561853878081,21.264528698518877,21.751503028659823,60401700
2007-02-05,20.897531509399414,21.18689268986316,20.75637912306782,21.1516039202158,99102100
2007-02-06,20.826948165893555,20.99633016366163,20.62227741059351,20.883408831816244,79281100
2007-02-07,20.72814178466797,20.961042193658468,20.643450114976687,20.918695685748613,65145500
2007-02-08,20.650514602661133,21.031623875271794,20.60816942706636,20.63639909541992,48749000
2007-02-09,20.45289421081543,20.749313026021238,20.41760680148575,20.714025616691558,69823100
2007-02-12,20.42466926574707,20.530532864293438,20.347035331953016,20.389380502145823,52774400
2007-02-13,20.54506492614746,20.67962450137732,20.509653800667856,20.56631160143522,50348100
2007-02-14,20.821264266967773,21.026644735614163,20.644212697774517,20.65837714750108,55588600
2007-02-15,20.86375617980957,20.998315750067707,20.693786836176475,20.948741527024254,63858100
2007-02-16,20.35384750366211,20.495489294264228,20.290108832970777,20.474242620435042,109340300
2007-02-20,20.417587280273438,20.43883395525345,20.16263258369847,20.27594548199928,53978200
2007-02-21,20.785850524902344,20.814178068150756,20.35384434629691,20.360926569808015,68604900
2007-02-22,20.814178466796875,20.92041047070209,20.65129137530974,20.75752202841891,57754400
2007-02-23,20.4671630859375,20.7362822532941,20.460080860396914,20.693788900050592,63787100
2007-02-26,20.587553024291992,20.60171747179947,20.410501482836718,20.50964991379693,63481900
2007-02-27,19.73771095275879,20.516736832805197,19.681054500559117,20.332603025457168,87143300
2007-02-28,19.950176239013672,20.006832702369046,19.773124622178546,19.79437130248555,86333300
2007-03-01,19.893508911132812,20.063478208372892,19.638554289874747,19.702292945189264,80175700
2007-03-02,19.659805297851562,19.94308752244385,19.659805297851562,19.8439390815356,63254700
2007-03-05,19.511077880859375,19.76603251389898,19.411929457253287,19.46858589228476,56454300
2007-03-06,19.709383010864258,19.787286142980367,19.581905649509327,19.68813633370629,49361800
2007-03-07,19.55357551574707,19.75895463130523,19.511082167041582,19.659806185918274,52044700
2007-03-08,19.348190307617188,19.723540024415602,18.838282405283806,19.631472475580175,72175200
2007-03-09,19.32695770263672,19.461515976684787,19.142823834637614,19.419023961237862,80125000
2007-03-12,19.433183670043945,19.461511223157206,19.21363871713285,19.249049847020032,36516400
2007-03-13,18.923274993896484,19.40485557404057,18.916192767624185,19.298624881549152,75169500
2007-03-14,19.404850006103516,19.404850006103516,18.930351788382033,18.99409045574732,75730300
2007-03-15,19.319868087768555,19.45442631036683,19.263211638570255,19.348195636969553,51757100
2007-03-16,19.355276107788086,19.46150677155761,19.263209892733478,19.369440556503005,65055300
2007-03-19,19.709383010864258,19.709383010864258,19.263213596918444,19.362362055396083,49412000
2007-03-20,19.71645736694336,19.943083096320382,19.659800934599104,19.780196022180135,47902400
2007-03-21,20.198040008544922,20.198040008544922,19.518161392492136,19.758951594969574,72808200
2007-03-22,20.0209903717041,20.2192872508558,19.836856590494538,20.19804192854451,47934900
2007-03-23,19.843936920166016,20.020988460101552,19.68813070051327,19.985577341636816,50519800
2007-03-26,19.985580444335938,19.985580444335938,19.617314210702833,19.78728355333263,47491500
2007-03-27,19.631488800048828,19.943100119324953,19.58191454828157,19.85811607366595,58979800
2007-03-28,19.574825286865234,19.829780033840947,19.404855905813612,19.53233327930147,46947000
2007-03-29,19.65272331237793,19.72354420708628,19.4685895264547,19.716461982535826,42629900
2007-03-30,19.73771095275879,19.794367404958464,19.475674017087574,19.652725599061096,47061000
2007-04-02,19.64564323425293,19.780202813820765,19.518165880009335,19.751873912523802,41977600
2007-04-03,19.73771095275879,19.87226918248528,19.652725599061096,19.730628727384286,39821300
2007-04-04,20.18387794494629,20.38217617946398,19.758953928577654,19.836857047637498,63244200
2007-04-05,20.219287872314453,20.290108767386595,20.0422363100322,20.056400759205875,30131200
2007-04-09,20.233448028564453,20.33967867323564,20.105970714640655,20.240530251648657,31384600
2007-04-10,20.113054275512695,20.28302358845102,19.98557695310995,20.183875160269338,38643100
2007-04-11,19.907684326171875,20.23345865435305,19.82269895532651,20.04224258304846,44050200
2007-04-12,20.212207794189453,20.26886424231824,19.858104655685473,19.872267754620463,43762100
2007-04-13,20.261770248413086,20.32550888438495,19.900585094837698,20.13429297646936,36002900
2007-04-16,20.34676170349121,20.360926150221534,19.978494193278777,20.254695501336098,30740100
2007-04-17,20.431751251220703,20.460078799733594,20.22637078361812,20.275945006612876,33170200
2007-04-18,20.254695892333984,20.304270106051103,20.08472658067699,20.26177811583586,41778400
2007-04-19,20.318437576293945,20.46007801501852,20.01390867438159,20.070565120030665,43648800
2007-04-20,20.55214500427246,20.60880144832492,20.325519228062632,20.523816106848145,60311500
2007-04-23,20.38218116760254,20.530903866790606,20.304278029477434,20.509657187993795,41739100
2007-04-24,20.389257431030273,20.509651189946773,20.247615648734406,20.389257431030273,34236700
2007-04-25,20.530893325805664,20.53797554843511,20.31843205010571,20.438827133214577,39475000
2007-04-26,20.60881233215332,20.78586398217045,20.47425269991717,20.601730104057008,68760300
2007-04-27,21.331165313720703,21.770252277262127,21.24617999937308,21.366575073401357,128298800
2007-04-30,21.20370101928711,21.50823000213659,21.20370101928711,21.338259269218657,67788800
2007-05-01,21.529470443725586,21.543634893386354,21.17536730698406,21.20369620630559,73539300
2007-05-02,21.678194046020508,21.734850492776022,21.458649132896173,21.52238780434566,80686700
2007-05-03,21.933143615722656,21.954390286157114,21.621533887460007,21.671108101011065,82036800
2007-05-04,21.642784118652344,21.741933919051252,21.451569444532534,21.727769468880506,104385900
2007-05-07,21.749011993408203,21.784423114276297,21.586124889803386,21.61445378649786,59889100
2007-05-08,21.777339935302734,21.911899487109622,21.656944831222063,21.72776571905706,60551700
2007-05-09,21.798593521118164,21.904824211167593,21.649869474411755,21.7419370630387,51735000
2007-05-10,21.656949996948242,21.904822488096503,21.621540219982663,21.7277709016758,55398600
2007-05-11,21.876489639282227,21.940228306958684,21.635699417125863,21.649863865675332,43425300
2007-05-14,21.933143615722656,21.94730806267896,21.819830741664237,21.841077412098695,70188500
2007-05-15,21.954465866088867,22.089461344762114,21.911836214202864,21.954465866088867,75013900
2007-05-16,22.07525062561035,22.089460961049575,21.890520330416987,22.025515806745247,45833600
2007-05-17,22.011302947998047,22.124982908135554,21.997092614187856,22.046828782523534,41045600
2007-05-18,21.90472412109375,22.018404060297527,21.727099046691375,22.00419372910411,58453000
2007-05-21,22.061037063598633,22.139192541911424,21.833677150512667,21.833677150512667,41836400
2007-05-22,21.805259704589844,21.97577965399376,21.78394420272482,21.954464152128736,39999500
2007-05-23,21.72709846496582,21.911828700018894,21.719993299559345,21.911828700018894,46322500
2007-05-24,21.435802459716797,21.883417226897105,21.286596633875156,21.69868826945097,64046400
2007-05-25,21.656064987182617,21.78395535349308,21.4429152801137,21.513965634194268,47726500
2007-05-29,21.876310348510742,21.904729662915788,21.592109073427572,21.663159392198363,42373100
2007-05-30,22.103670120239258,22.117879099750173,21.677369565953455,21.705788880147388,57376800
2007-05-31,21.805259704589844,22.139194436109335,21.748419721455203,22.110775122128064,85290500
2007-06-01,21.73421287536621,21.954467675968804,21.705792201651136,21.876313533596967,39469400
2007-06-04,21.82656478881836,21.854985446171373,21.599204950680388,21.613415279356893,41434500
2007-06-05,21.72709846496582,21.762622936826446,21.549473395319215,21.755519126591707,44265000
2007-06-06,21.52105712890625,21.691577057233843,21.49263646326569,21.57789710501545,38217500
2007-06-07,21.045024871826172,21.521060248943886,21.023709369505514,21.32922479357433,71971400
2007-06-08,21.350536346435547,21.357641513012425,20.895816526891146,21.016601648354122,61346200
2007-06-11,21.329221725463867,21.49263648756608,21.26527658287223,21.272381749290403,48467400
2007-06-12,21.20843505859375,21.485529752816426,21.15159508656931,21.286589173144964,56981800
2007-06-13,21.592103958129883,21.60631428955195,21.20843449593656,21.29369377412539,64435600
2007-06-14,21.68446922302246,21.819463302691272,21.528158291573874,21.5636841192539,59065700
2007-06-15,21.663166046142578,21.940260883770335,21.620536383855047,21.926051899789513,100933000
2007-06-18,21.677370071411133,21.82657452354555,21.613424919018627,21.80526037619614,45412600
2007-06-19,21.64183807373047,21.783938673082247,21.584998105024106,21.656048404699995,46802600
2007-06-20,21.322114944458008,21.677365107434305,21.286589115057282,21.627630301445116,46861600
2007-06-21,21.4713191986084,21.528159170044066,21.251064478691656,21.30079928430139,56564800
2007-06-22,20.95266342163086,21.386069239700863,20.924244101112983,21.31501890564756,86219900
2007-06-25,20.95266342163086,21.15160408594564,20.874507918654984,20.938453083785717,53905800
2007-06-26,20.973976135253906,21.172915417903152,20.959765799301184,20.99529028401077,48340300
2007-06-27,21.2226505279541,21.279490513738317,20.860295110390155,20.860295110390155,53468600
2007-06-28,21.19422721862793,21.293696842572523,21.08765242794844,21.215542718832623,46055200
2007-06-29,20.93844223022461,21.26527305538623,20.632928255953395,21.222643419120523,71193900
2007-07-02,21.13028335571289,21.172913003537744,20.952658242075252,21.080548540721882,47316000
2007-07-03,21.329221725463867,21.47132098831156,21.15870179694348,21.16580696336165,35202600
2007-07-05,21.307903289794922,21.471318029377166,21.194223353114083,21.350532927257305,47838500
2007-07-06,21.2936954498291,21.343431613720323,21.07344071614129,21.251065807379955,57541000
2007-07-09,21.2226505279541,21.279490513738317,21.18001952223682,21.215545360334552,33831400
2007-07-10,20.838964462280273,21.307894342986305,20.7323897357873,21.10185005245604,66013500
2007-07-11,20.95266342163086,21.06634341404719,20.753722757316083,20.775038264083797,48017000
2007-07-12,21.364744186401367,21.39316484939228,20.91712958566884,21.002388864297988,54302400
2007-07-13,21.187122344970703,21.32922297129033,21.073442385983803,21.27238299179688,42173000
2007-07-16,21.336328506469727,21.485532947026368,21.116072396354642,21.144493064178018,48023200
2007-07-17,21.869203567504883,21.94025252586124,21.322117915060055,21.329223081930095,77539600
2007-07-18,21.968669891357422,22.00419436519612,21.670259703528195,21.677364869330297,64414400
2007-07-19,22.38787841796875,22.622343607311983,21.975788044117834,22.06104737378486,121159300
2007-07-20,22.139190673828125,22.16761133815175,21.876306304693898,22.132085507747217,98292600
2007-07-23,22.160512924194336,22.39497805561637,22.110778101646066,22.28129807402825,48910600
2007-07-24,21.883407592773438,22.36654798920132,21.819462460589058,22.032613352927555,59729300
2007-07-25,21.819469451904297,22.23866485046487,21.577900531459424,22.018410077463056,54950100
2007-07-26,21.30080223083496,21.691578274286456,20.966867521853793,21.48553250234752,87025300
2007-07-27,20.881603240966797,21.31500885466665,20.86028909942206,21.265274050833245,69214600
2007-07-30,20.888715744018555,20.952660901458007,20.56899131199354,20.89582091208652,67499600
2007-07-31,20.59740447998047,21.1160693975505,20.59029931403367,21.1089642316037,66554000
2007-08-01,20.817655563354492,20.995280615448547,20.476615788575092,20.568981574560095,80006300
2007-08-02,20.973976135253906,21.165811605099016,20.61872586746914,20.73951101272285,47938300
2007-08-03,20.57608985900879,21.158701294928555,20.53346021668311,20.92423622937949,61535500
2007-08-06,20.98818016052246,20.98818016052246,20.426884255709197,20.640033810221784,59530500
2007-08-07,20.995288848876953,21.16581015830921,20.640038605375334,20.83897922959821,49163000
2007-08-08,21.31501007080078,21.322115236778334,20.75371415512054,21.116069488944778,52898600
2007-08-09,20.817655563354492,21.386056543158425,20.547666080447033,21.059225742616132,72964500
2007-08-10,20.398469924926758,20.640040217793313,20.078745493901426,20.533465407451537,76576200
2007-08-13,20.341629028320312,20.59740964586834,20.206634906989677,20.561885162396525,55492300
2007-08-14,20.1562442779541,20.598297681589898,20.10633515431022,20.512739572463705,42944100
2007-08-15,20.035036087036133,20.669597284437582,19.999385741163128,20.134854335637268,48117700
2007-08-16,19.828271865844727,20.21328751368729,19.614375190324566,19.878180999471304,81447400
2007-08-17,20.141992568969727,20.141992568969727,19.835406269801396,20.027914135779955,76747700
2007-08-20,20.14912223815918,20.313109812600324,20.02078366340623,20.092083022704777,49952000
2007-08-21,20.013641357421875,20.19188896674686,19.87104408591469,20.035031560112554,50786200
2007-08-22,20.120603561401367,20.191902926408407,19.970876118816633,20.156253923866025,44763500
2007-08-23,20.177637100219727,20.19902731167591,20.03503977027754,20.163378319170835,33886600
2007-08-24,20.541259765625,20.562649974196887,20.013646860147148,20.113465113639204,45158900
2007-08-27,20.313100814819336,20.512738660440338,20.24893155586693,20.39866028006307,32789500
2007-08-28,19.91383171081543,20.31310614694412,19.89957156954464,20.17763752471545,43924400
2007-08-29,20.384403228759766,20.398663368446318,19.83540009012342,20.056426815577908,45753700
2007-08-30,20.284582138061523,20.62681728321513,20.191892602964767,20.263191931518833,33690700
2007-08-31,20.484228134155273,20.619696785295552,20.22042226395402,20.462839277606218,42511900
2007-09-04,20.541259765625,20.748027702054788,20.30597291102107,20.320233050068996,45689600
2007-09-05,20.30597496032715,20.48422263665008,20.263195898787764,20.427183434623615,47669800
2007-09-06,20.612564086914062,20.683863439478575,20.35588696165064,20.363017032899293,45430800
2007-09-07,20.277446746826172,20.555512559287063,20.19188730303447,20.40578523255311,52160900
2007-09-10,20.30597496032715,20.49848277713716,20.256065828544223,20.441443575110693,37247600
2007-09-11,20.6268253326416,20.64108547590162,20.377278265279756,20.412927263507687,34380800
2007-09-12,20.6268253326416,20.797942971995468,20.534135761373605,20.541265833003614,42364700
2007-09-13,20.790813446044922,20.86211280429423,20.648214729546304,20.762294518698486,35288600
2007-09-14,20.70525360107422,20.75516273976706,20.591173821305112,20.662473173690042,33496600
2007-09-17,20.484228134155273,20.591176496667195,20.405800060271712,20.527008567097813,39536500
2007-09-18,20.6268253326416,20.655344259239524,20.15625148443794,20.462837764917744,77462400
2007-09-19,20.441442489624023,20.612560086616686,20.177635344309223,20.584041167078794,94242200
2007-09-20,20.263200759887695,20.377279191307803,20.206161544177643,20.305979831689694,67168900
2007-09-21,20.42719078063965,20.54126922571741,20.27746333144596,20.455711071870255,135636100
2007-09-24,20.73377227783203,21.111657889002352,20.534134365528878,20.541264436674208,104459800
2007-09-25,21.076007843017578,21.076007843017578,20.755162796294616,20.776551650122922,75621000
2007-09-26,21.03322410583496,21.282771104498707,21.018963966500635,21.161562640000415,60337000
2007-09-27,21.02609634399414,21.19008388457296,20.99044735166723,21.175825103595326,43407100
2007-09-28,21.00470542907715,21.168694324084928,20.84071789399121,21.026095639709947,45819100
2007-10-01,21.225736618041992,21.239996760541292,20.969059492742723,21.00470848906894,43875100
2007-10-02,21.175825119018555,21.282773455999074,21.08313556302605,21.175825119018555,33700900
2007-10-03,20.997577667236328,21.282773688946584,20.883499258552227,21.18295406140657,37633900
2007-10-04,21.182954788208008,21.225735212873797,20.990448316899748,21.07600644638743,37868000
2007-10-05,21.27564811706543,21.382596477830347,21.1972186845408,21.31129711734634,45012300
2007-10-08,21.27564811706543,21.282778189106047,21.104530467857124,21.147309540178654,30265400
2007-10-09,21.461023330688477,21.667789955323848,21.38972397877482,21.411114192325527,63603100
2007-10-10,21.5537109375,21.653530571375082,21.41111359755586,21.41824366854137,32251500
2007-10-11,21.325557708740234,21.838910667132943,21.239999562302557,21.603623724546008,50788400
2007-10-12,21.510934829711914,21.674922405164285,21.354077326225585,21.41111654203172,31121100
2007-10-15,21.418241500854492,21.62500809881985,21.38972121979894,21.461020562515973,47150500
2007-10-16,21.617877960205078,21.803255706714502,21.55370868795482,21.560838758196166,56286200
2007-10-17,22.159753799438477,22.266702146439766,21.85316754075864,21.924466892066835,86092400
2007-10-18,22.216787338256836,22.266696463457993,21.83890182471402,22.25956639415473,49208600
2007-10-19,21.510934829711914,22.166886491443567,21.468155757837856,22.166886491443567,75200200
2007-10-22,21.753353118896484,21.88882177439068,21.4752870954441,21.4752870954441,58785100
2007-10-23,22.03141975402832,22.188278631036283,21.89595109477298,21.89595109477298,49956200
2007-10-24,22.28095817565918,22.31660716477153,21.746215179443357,21.995762182995094,77979200
2007-10-25,22.808574676513672,22.972563587926587,22.452079289834955,22.509118497306673,169588700
2007-10-26,24.9760684967041,25.689059343608307,24.640964648153208,25.674799200288916,288121200
2007-10-29,24.648086547851562,25.16144068609607,24.562528431425307,24.84772305946066,114655600
2007-10-30,25.361082077026367,25.375342219148223,24.49123244650117,24.505492588623024,107297300
2007-10-31,26.245193481445312,26.3806607602595,25.318303224804097,25.32543465623042,185635800
2007-11-01,26.42343521118164,26.73002141689045,25.92434119817821,26.045548306561734,152078800
2007-11-02,26.42343521118164,26.73715012685978,25.96711889768131,26.537513609595834,96389800
2007-11-05,26.18814468383789,26.451950447023965,26.116846711034086,26.20953353171037,75485400
2007-11-06,25.959999084472656,26.1382468130724,25.574983337934537,26.08833766665203,100966700
2007-11-07,25.32542610168457,25.781739644443043,25.275516977935567,25.696181535136645,74897800
2007-11-08,24.769296646118164,25.59636570028611,24.526879713697724,25.382466327093624,133742400
2007-11-09,24.049171447753906,24.62669478494812,23.992133616832774,24.370017746195135,125136900
2007-11-12,23.799631118774414,24.034916643277768,23.542954023066205,23.75685069620846,84865200
2007-11-13,24.650897979736328,24.80112044475972,23.878323353304012,23.992778954584235,104311500
2007-11-14,24.27176856994629,24.858353970511818,24.143005654813635,24.76535792539662,84063100
2007-11-15,24.150148391723633,24.39336683208028,23.999925959724695,24.150148391723633,64014100
2007-11-16,24.386213302612305,24.507821152139968,24.114380299948763,24.221683590926386,71113800
2007-11-19,24.29322052001953,24.493519841146053,24.22883908266394,24.293220520019535,63026200
2007-11-20,24.73674201965332,25.01572738051851,24.393372482918053,24.48636851281872,100009400
2007-11-21,24.486364364624023,24.844038403363204,24.450597506517376,24.60797495679025,89518700
2007-11-23,24.4005184173584,24.636581816119445,24.11437815278691,24.57935540050663,33467200
2007-11-26,23.585025787353516,24.586511407551825,23.556411210789964,24.386214829279407,80335000
2007-11-27,23.64940643310547,24.03569228851219,23.3775734224713,23.79962886181009,84178400
2007-11-28,24.10722541809082,24.24314054033136,23.53494762860993,23.878314302298467,88585000
2007-11-29,24.028545379638672,24.27176386902331,23.828248763264288,24.021393098555333,53633600
2007-11-30,24.035694122314453,24.407675447132,23.742401522013203,24.264605286996584,71027800
2007-12-03,23.54925537109375,24.064306815714787,23.377573375444154,23.964158530113167,61770600
2007-12-04,23.441967010498047,23.77818162620478,23.34181867275669,23.420507432078484,54801500
2007-12-05,24.42914390563965,24.693821994895263,23.62795189836462,23.706640642725297,84894700
2007-12-06,24.715274810791016,24.758196676569863,24.228837913975877,24.50782321944768,49209700
2007-12-07,24.700969696044922,24.822580295369374,24.479213525428918,24.758198855453255,40771000
2007-12-10,24.86550521850586,25.0014231392898,24.658056289500163,24.77966418826774,36083500
2007-12-11,24.393373489379883,25.030035704682497,24.271765600431127,24.844043637207193,55070700
2007-12-12,24.658048629760742,25.10156366519486,24.27176002042959,24.75819692206816,63345400
2007-12-13,25.194562911987305,25.35909266030529,24.522133899307146,24.665204076186114,73913200
2007-12-14,25.258947372436523,25.638081066943872,25.044340717064006,25.072955301625274,71126200
2007-12-17,24.60082244873047,25.130181280565864,24.579362877452223,25.05864482824398,58121200
2007-12-18,24.85118293762207,25.03717215868481,24.472046760754047,24.779646522724704,52791800
2007-12-19,24.886960983276367,25.137331726031086,24.593668372262368,24.815424536177566,58469100
2007-12-20,25.409168243408203,25.602312583743224,25.094416019623434,25.24463848582729,59345000
2007-12-21,25.79545021057129,25.79545021057129,25.573691345196977,25.680994638179797,83240500
2007-12-24,26.167428970336914,26.267577245381723,25.788292706306933,25.845521851381584,29622600
2007-12-26,26.188888549804688,26.210348114801633,25.93851513321838,26.045818415874773,30252400
2007-12-27,25.731075286865234,26.145975818381917,25.709612985540094,26.002905634507037,33311100
2007-12-28,25.83836555480957,25.917054260943694,25.516458451913483,25.824058269254667,33447200
2007-12-31,25.46639060974121,25.7453786537474,25.4091641822164,25.68099721725926,35229700
2008-01-02,25.194562911987305,25.723919018951843,25.037185444536775,25.602311142348544,63004200
2008-01-03,25.301868438720703,25.502167816998426,24.93704200883441,25.194567831736354,49599600
2008-01-04,24.593671798706055,25.18025710245839,24.386220166471574,25.173102092333444,72090800
2008-01-07,24.758203506469727,24.894118692342445,24.50067769842708,24.715281628850278,80164300
2008-01-08,23.928396224975586,24.8297336956119,23.89262936315067,24.8297336956119,79148300
2008-01-09,24.636585235595703,24.708121676085497,23.85685577169212,23.86401078015919,74305500
2008-01-10,24.55790138244629,24.67950924861246,24.16445774758768,24.57220594295349,72446000
2008-01-11,24.257455825805664,24.49352202678664,24.12154065874297,24.421985573987868,55187900
2008-01-14,24.60082244873047,24.729585334073224,24.379066268624218,24.65089660093747,52792200
2008-01-15,24.321826934814453,24.593659882277493,24.321826934814453,24.343286497117813,61606200
2008-01-16,23.771024703979492,24.071472421897703,23.25597303259817,23.906939904444087,120778500
2008-01-17,23.685182571411133,24.178771914400023,23.58503424635575,23.992782557702487,94247800
2008-01-18,23.6136417388916,24.32183762331752,23.58502988619182,23.72094505523503,117062000
2008-01-22,22.862529754638672,23.270278044887682,22.533470209672288,22.562084795018162,108521400
2008-01-23,22.8410587310791,22.926899715252297,22.204399534859512,22.519151629385014,137597400
2008-01-24,23.78531837463379,23.86400708256209,22.97697445978275,23.14150415416203,155640400
2008-01-25,23.563566207885742,25.03718432481303,23.513492057543036,24.965650603991033,196992300
2008-01-28,23.40618896484375,23.67801925786938,23.191582367731826,23.620792833119438,81019000
2008-01-29,23.320341110229492,23.52779266203693,23.141504130154615,23.49917809030437,68023000
2008-01-30,23.034212112426758,23.46341993207204,22.926908793097052,23.291737895748632,106432600
2008-01-31,23.320341110229492,23.420492111293456,22.690835540709795,22.826752027603707,103642200
2008-02-01,21.78235626220703,23.785330954732885,21.6392860565615,22.218717797030564,291138900
2008-02-04,21.59636116027832,21.975494808828262,21.539133362511254,21.810965060800235,119998600
2008-02-05,20.795169830322266,21.417523301058715,20.66640694917553,21.396062366061503,137534100
2008-02-06,20.401729583740234,20.99546849419549,20.237199836553213,20.945394341957552,138315600
2008-02-07,20.115591049194336,20.58772073009212,19.958213579282845,20.272967154687482,164964900
2008-02-08,20.430335998535156,20.802317240487653,20.20142488484681,20.237193099121775,124872000
2008-02-11,20.17997169494629,20.466112061204388,19.965367784671102,20.401730615238154,156814100
2008-02-12,20.272960662841797,20.473258576581035,20.108430964637016,20.337342086385913,84365900
2008-02-13,20.71647834777832,20.780859779799272,20.408879840189222,20.473261272210173,88986200
2008-02-14,20.387422561645508,20.773711222997488,20.3588079803224,20.659254262123383,69113500
2008-02-15,20.330188751220703,20.487564808702366,20.208579545397345,20.251500040270905,68166100
2008-02-19,20.229652404785156,20.710797900628165,20.157839378445093,20.68207214220432,68261200
2008-02-20,20.265554428100586,20.29428018113098,20.050116759249825,20.215285730016696,93056200
2008-02-21,20.179386138916016,20.796974952840273,20.078847341987174,20.552812825292357,98776500
2008-02-22,19.877765655517578,20.38763542651395,19.533064849515586,20.279916595853233,125705400
2008-02-25,19.99266815185547,20.279918855530525,19.73414183368822,19.856223553965044,109974300
2008-02-26,20.380460739135742,20.72516302903286,19.870590799254938,19.920859512232518,108923500
2008-02-27,20.29428482055664,20.595898447730416,20.17938452160659,20.244016110980944,75199500
2008-02-28,20.057300567626953,20.30146401836027,19.96394322896568,20.121932149863387,83002900
2008-02-29,19.533077239990234,19.98549716363781,19.403814013313752,19.884959707209486,117411400
2008-03-03,19.382261276245117,19.669512005496642,19.296086742329422,19.56179315324226,76544300
2008-03-04,19.813133239746094,19.841857620830528,19.360712252623387,19.403800878828815,86925600
2008-03-05,20.19375228881836,20.402008617423913,19.892138588646223,19.928044427113406,106489800
2008-03-06,19.798770904541016,20.229647590317203,19.74850220898232,20.150653143171123,91127700
2008-03-07,20.014225006103516,20.157849763054475,19.619253842617805,19.63361672922898,77597600
2008-03-10,20.143484115600586,20.294291664907878,19.928046324841677,19.985496493692057,72175100
2008-03-11,21.02677345275879,21.06986071874483,20.380457614370705,20.394820492939214,98740700
2008-03-12,20.559988021850586,21.17757805908127,20.495357812337957,21.13449079616639,75993800
2008-03-13,20.552818298339844,20.81852481806792,20.222478797126456,20.49536812896187,84552200
2008-03-14,20.078855514526367,20.832890634662956,19.849054804674548,20.624632885284573,105214900
2008-03-17,20.323017120361328,20.63181230762069,19.590527771892294,19.604889287560994,84490100
2008-03-18,21.1273193359375,21.170406619202733,20.588723501101963,20.588723501101963,83695300
2008-03-19,20.552818298339844,21.249401773262736,20.552818298339844,21.098594222570515,61442100
2008-03-20,20.9549617767334,20.98368616599749,20.531266419761344,20.638985276510944,60170200
2008-03-24,20.947782516479492,21.1129515386617,20.86878804077508,21.062682824929702,48294700
2008-03-25,20.92623519897461,21.091405567228968,20.782610518834566,21.062679809369243,49149000
2008-03-26,20.509721755981445,20.8759669585532,20.380458582165584,20.84724256977165,45868100
2008-03-27,20.143484115600586,20.459460729137714,20.10757827371412,20.452279286816406,47894400
2008-03-28,20.042938232421875,20.416364857745013,19.9854880877352,20.272738811168576,49244000
2008-03-31,20.380460739135742,20.531268247788173,19.99267254636607,20.02139693818767,46780600
2008-04-01,21.18475914001465,21.213484894618947,20.559987674564812,20.703613708147575,65796200
2008-04-02,20.94060516357422,21.242218874560677,20.825704832695568,21.235037432665763,49499400
2008-04-03,20.82569122314453,21.05549173472762,20.682065218545553,20.82569122314453,38961400
2008-04-04,20.94060516357422,21.012418212803375,20.63899145258776,20.919060837889475,43860800
2008-04-07,20.94060516357422,21.249400316455592,20.847249158380308,21.220674548875937,44428600
2008-04-08,20.646167755126953,20.825699648649795,20.495361622033194,20.782612377725815,44733500
2008-04-09,20.746702194213867,20.8544224106152,20.495358675195952,20.624620469382545,45839300
2008-04-10,20.904691696166992,21.11294795625152,20.68207118781384,20.703615505637543,65591600
2008-04-11,20.30865478515625,20.832887753212734,20.25838468832391,20.732350298988226,54373700
2008-04-14,20.15065574645996,20.330187607917388,20.05729978117864,20.279918905864413,43418100
2008-04-15,20.287097930908203,20.452266895064398,20.12911040472218,20.193741976734472,34310000
2008-04-16,20.789794921875,20.861606587321976,20.38046103234074,20.516905662185493,54107400
2008-04-17,20.98368263244629,21.069858525166108,20.753882078152568,20.911870986519013,48743300
2008-04-18,21.543825149536133,21.615638173978493,21.26375586090241,21.551006588952323,73658900
2008-04-21,21.845441818237305,21.974705006406946,21.630004084434375,21.680272797673744,54411700
2008-04-22,21.723360061645508,22.046518031938035,21.522283839050193,22.003429389419228,67387500
2008-04-23,22.585115432739258,22.592295503978782,21.759267528773297,21.866987773443505,98351500
2008-04-24,22.836463928222656,23.051901724448868,22.37686256575602,22.714382145102444,115416700
2008-04-25,21.42174530029297,21.82389635488229,21.256576288373022,21.579732872166005,145194900
2008-04-28,20.818527221679688,21.42893619787069,20.696445426441485,21.400210425005117,97473000
2008-04-29,20.567176818847656,20.753890184570924,20.43073354251594,20.6820771408743,84428900
2008-04-30,20.480998992919922,20.976506038919844,20.473817552724604,20.638986568057913,74733600
2008-05-01,21.112953186035156,21.177584785796352,20.45227567603613,20.466638558143025,71699400
2008-05-02,20.998048782348633,21.270938010395408,20.72516092402142,21.249393691427645,66024200
2008-05-05,20.883148193359375,21.708994566092578,20.818516607085343,21.493556858325498,119687700
2008-05-06,21.328388214111328,21.443288509469646,20.77542968662469,20.825698394629008,93582000
2008-05-07,20.976505279541016,21.6443641266118,20.883149299820836,21.321207547839226,88775000
2008-05-08,21.019596099853516,21.10577064857863,20.82570131064238,21.026777540533903,69589900
2008-05-09,21.105772018432617,21.220672337336786,20.78979682630607,20.976508817235462,51621200
2008-05-12,21.53664207458496,21.586910776961254,21.077040944608118,21.11294676924278,64278800
2008-05-13,21.46456527709961,21.716834079028363,21.28437249014372,21.62313443470652,70934700
2008-05-14,21.57268714904785,21.8105416442277,21.42853232631243,21.543855634595857,66730400
2008-05-15,21.947481155395508,22.00514279000895,21.57988771919912,21.608717849124936,53355800
2008-05-16,21.61592674255371,21.969104443027014,21.565472981737795,21.9618965665159,81538200
2008-05-19,21.233922958374023,21.54385485368736,21.125807532622495,21.529440471746124,59615000
2008-05-20,20.72938346862793,21.12580714740911,20.635682426526213,21.118599269188806,75767600
2008-05-21,20.361783981323242,20.93840032292502,20.318538099393557,20.765415420444487,60125100
2008-05-22,20.52035903930664,20.68613748816071,20.311336070834752,20.383413477976234,52203100
2008-05-23,20.21763801574707,20.41945451060387,20.14556197272044,20.36900073058027,48890700
2008-05-27,20.498733520507812,20.541979408012377,20.217631814823182,20.260879077089726,47334500
2008-05-28,20.311336517333984,20.592436899126717,20.210428969975,20.585229020777902,52318500
2008-05-29,20.405029296875,20.671715206689605,20.282498155840464,20.332951912484962,47699200
2008-05-30,20.41224479675293,20.68613868478194,20.325753002989657,20.45549069363457,63399200
2008-06-02,20.03743553161621,20.441068327403357,19.857242761098938,20.3545751926599,77028400
2008-06-03,19.684268951416016,20.405040439381946,19.655438806773883,20.116732119148075,86616700
2008-06-04,19.85003662109375,19.92211263080216,19.604974338752214,19.662635971376,79567400
2008-06-05,20.3978328704834,20.3978328704834,19.89329364607336,19.97978545608078,76063400
2008-06-06,19.814006805419922,20.304131606679334,19.814006805419922,20.174392526962144,78500800
2008-06-09,19.972564697265625,20.11671945400645,19.67704868323241,19.929318820148033,66787100
2008-06-10,20.102313995361328,20.390623656451744,19.69147451549854,19.720306031512525,77433900
2008-06-11,19.54732322692871,20.138355623119633,19.54011534712608,20.073486079658434,59330800
2008-06-12,20.354583740234375,20.578022484571953,19.59777433615679,19.749135667067378,113996300
2008-06-13,20.952817916870117,21.313203505738915,20.541978565521593,20.635678213732234,131969100
2008-06-16,20.851913452148438,20.981652503143682,20.64288912004229,20.91678297764606,74718900
2008-06-17,20.758214950561523,20.98886294425592,20.7510084466369,20.931201289522892,44256700
2008-06-18,20.513153076171875,20.801462731653665,20.513153076171875,20.578022611179044,49677800
2008-06-19,20.851913452148438,21.039314150834667,20.419450407084987,20.578019594544667,62037800
2008-06-20,20.347366333007812,20.84469874052117,20.25366670176467,20.830282989634018,97480400
2008-06-23,20.159971237182617,20.477110970064604,20.030233567821945,20.397825693153596,57145300
2008-06-24,19.98699188232422,20.188808382267,19.82842265900217,20.123938842098333,65218300
2008-06-25,20.433868408203125,20.664515024313125,20.00861319421446,20.044651212445793,64280200
2008-06-26,20.00141143798828,20.325759200401276,20.00141143798828,20.203227976241113,67049100
2008-06-27,19.9149112701416,20.116727737731,19.792380088884148,19.95095066154804,73450200
2008-06-30,19.828420639038086,20.167182689482125,19.814004881633075,19.986989846206345,57830500
2008-07-01,19.367122650146484,19.734714750481686,19.057190815764848,19.65543085372407,100327800
2008-07-02,18.653560638427734,19.460825099293785,18.653560638427734,19.38874769434397,84669000
2008-07-03,18.72563934326172,18.812132510158055,18.451746835154115,18.718431464790168,37074500
2008-07-07,18.76168441772461,19.021161247473458,18.343636963101982,18.81934608819798,71527600
2008-07-08,18.631940841674805,18.884211104958133,18.386878457315262,18.689602498302794,65553200
2008-07-09,18.18505859375,18.6319373806782,18.149020580587663,18.58869148993098,54255800
2008-07-10,18.343629837036133,18.50219902554687,18.00486645168928,18.16343701496215,57830600
2008-07-11,18.199478149414062,18.48057856011472,17.92558561780347,18.134608612365856,69532600
2008-07-14,18.12739372253418,18.603102560399797,18.069732086876584,18.36524814146699,51216200
2008-07-15,18.848169326782227,19.201347100810764,17.968828830717012,17.968828830717012,92719300
2008-07-16,19.64822769165039,19.66985132764333,18.68239394682899,18.833755274492713,82060400
2008-07-17,19.83561897277832,20.11671923309827,19.54010296199026,19.878864849421014,96526100
2008-07-18,18.639144897460938,19.07881442353139,18.09856646191752,18.99953052115655,150277000
2008-07-21,18.480581283569336,18.862590683064653,18.401297351419416,18.49499704387389,77575600
2008-07-22,18.595903396606445,18.69681233735623,18.365256745914035,18.408504023990723,88657200
2008-07-23,19.049983978271484,19.345500074908266,18.63193671658321,18.639144593911183,79408800
2008-07-24,18.336423873901367,18.862586639357264,18.336423873901367,18.80492498526295,81092600
2008-07-25,18.85537338256836,18.898619267113357,18.379664528287748,18.480572050480035,58682300
2008-07-28,18.379671096801758,18.81934210021784,18.26434778029301,18.783302704582372,59707800
2008-07-29,18.819345474243164,18.877007142835406,18.307596962569722,18.394090152839397,66368200
2008-07-30,18.905834197998047,19.093234933967043,18.667979682107088,18.884211935038575,51977700
2008-07-31,18.538236618041992,18.94186952012792,18.531028740351662,18.631937653254194,60461000
2008-08-01,18.336423873901367,18.70401743428847,18.069737864488744,18.68239379846725,82720200
2008-08-04,18.221097946166992,18.415705141531287,18.098566776986914,18.300381849922047,60588300
2008-08-05,18.89141845703125,18.941873611762386,18.37967140333417,18.480578963271647,84297600
2008-08-06,19.47524070739746,19.57614824870391,19.013946144077675,19.26621637210594,95550000
2008-08-07,19.74193000793457,20.001408175541258,19.26622095049729,19.388752154671284,82565800
2008-08-08,20.27529525756836,20.347372659653605,19.597771252348515,19.713094545780066,80814100
2008-08-11,20.109519958496094,20.4699056257622,19.93653500317983,20.08068981999116,68743800
2008-08-12,20.26809310913086,20.44107808644303,19.878875879106676,20.02303071424802,62813000
2008-08-13,20.116727828979492,20.54198302616888,20.008612403794206,20.232051132478762,51165200
2008-08-14,20.116727828979492,20.38341382754794,19.86445758703901,20.051858298915878,49732300
2008-08-15,20.044649124145508,20.289711471921763,19.87887205793279,20.167180298033635,47267400
2008-08-18,19.95815658569336,20.21763330460284,19.857247674397712,20.02302610911125,38078200
2008-08-19,19.77001190185547,20.081179956251063,19.73383014772617,19.929214932613466,40332900
2008-08-20,19.748300552368164,19.95815718048368,19.661462422642447,19.92921205740527,41497200
2008-08-21,19.668703079223633,19.704884835547762,19.43713652615994,19.61081144095771,43614200
2008-08-22,20.146305084228516,20.175250206980607,19.69764394948665,19.704880575235983,47930400
2008-08-25,20.016048431396484,20.146304933418907,19.871318677983748,19.979866683165913,51381300
2008-08-26,19.733827590942383,20.059467476651385,19.66146271181418,19.958157474019064,44774400
2008-08-27,19.94368553161621,20.110125178612826,19.632517497105816,19.784483891277446,33975300
2008-08-28,20.21866798400879,20.269322979054607,19.972628253576165,19.979864878617725,48372600
2008-08-29,19.748300552368164,20.102886936611462,19.748300552368164,20.03052205854757,50735500
2008-09-02,19.610807418823242,20.088413681622477,19.581860915504382,20.02328542940029,66079200
2008-09-03,19.466079711914062,19.66870111574031,19.422661332610364,19.538444597583823,57127700
2008-09-04,19.068069458007812,19.45883752047995,19.068069458007812,19.35029091314019,66141900
2008-09-05,18.561508178710938,18.973985923533167,18.547034936376456,18.836494262088664,82305200
2008-09-08,18.901630401611328,19.053595369139842,18.575989213700314,18.966757258948594,62110800
2008-09-09,18.887157440185547,19.248980374364407,18.850974318620686,18.959522303070308,85735700
2008-09-10,19.133201599121094,19.43713298978151,18.995708465662858,19.191093226854257,75064900
2008-09-11,19.784482955932617,19.871319708286457,18.836507024638973,18.887162026886262,72913300
2008-09-12,19.98710060119629,20.07393733728393,19.495021162549545,19.639749516110623,75628500
2008-09-15,19.40818977355957,19.893032755549676,19.34306150879631,19.48055466554603,82349400
2008-09-16,18.80755615234375,19.169379090357857,18.467443087498683,18.879921015995567,111729700
2008-09-17,17.779985427856445,18.720726237416205,17.729330418927358,18.619414839312554,106972100
2008-09-18,18.279296875,18.344425120963685,17.374739436887836,17.946419020047266,132291300
2008-09-19,18.206933975219727,19.104254885353125,17.005681677763302,19.082546387844864,134926100
2008-09-22,18.3806095123291,19.046363937826627,18.32271788316607,18.97399905631151,105207700
2008-09-23,18.409557342529297,18.93781866920767,18.337192455803873,18.56875898912889,92181300
2008-09-24,18.6121768951416,18.87992655513429,18.42402874654451,18.51086688445293,80250300
2008-09-25,19.256221771240234,19.451605155135493,18.626649102424647,18.68454073103163,96203500
2008-09-26,19.827905654907227,19.943688936785133,18.916111274934508,18.937821157878712,100744300
2008-09-29,18.098384857177734,20.016046293747795,18.098384857177734,19.495021721547065,134383100
2008-09-30,19.31411361694336,19.31411361694336,18.481920928771896,18.648359190357123,107192700
2008-10-01,19.162147521972656,19.531207181754212,19.01741913672687,19.089782639227096,88957000
2008-10-02,18.995708465576172,19.19832985276395,18.597703697443166,18.945053463840548,93819800
2008-10-03,19.04636573791504,19.878558503376873,18.988474103280616,19.082548872214954,114289400
2008-10-06,18.02602195739746,18.807559591197787,17.468814199714714,18.547046586515936,146374600
2008-10-07,16.810300827026367,18.243119965995792,16.74517255886907,18.076681671925176,145941200
2008-10-08,16.651092529296875,17.584595034043645,16.282032950131164,16.571491037640047,171598600
2008-10-09,16.13730239868164,17.302372694653986,15.97086417932701,17.201062714219855,131948700
2008-10-10,15.558387756347656,16.173487083229027,14.943288429466289,15.768245742090459,228467500
2008-10-13,18.452974319458008,18.452974319458008,16.37610954364637,16.542549184533794,144935400
2008-10-14,17.43987274169922,18.619415375843875,17.07804966149901,18.5542871109882,165674900
2008-10-15,16.397817611694336,17.548414817354953,16.267561115922167,17.208301707473854,113280200
2008-10-16,17.5049991607666,17.5049991607666,15.420897665630852,16.600441555645794,161147800
2008-10-17,17.31684684753418,18.170749242192862,16.86818577601613,17.056333878249827,133673100
2008-10-20,17.88852882385254,17.910238700984436,16.65109481248405,17.512233948616206,93484300
2008-10-21,16.904369354248047,18.098384861835157,16.83924111017556,17.584595534179446,100385600
2008-10-22,15.580099105834961,16.6872766187478,15.12420134619831,16.672804747521493,150054800
2008-10-23,16.151775360107422,16.347160073393788,15.11696156038142,15.594567717140352,154774100
2008-10-24,15.891273498535156,16.542556330643894,15.160391885161399,15.23999204667232,153919700
2008-10-27,15.32681941986084,15.89126230304029,15.211036193555056,15.681405722952912,117683900
2008-10-28,16.71622657775879,16.79582671681903,15.442609170094304,15.659702466070248,134088800
2008-10-29,16.643857955932617,17.34579407718585,16.426764708605493,16.73793132837565,111701800
2008-10-30,16.376110076904297,17.280667671038866,16.202435184459905,17.14317591050707,95323000
2008-10-31,16.159019470214844,16.578734207873193,16.00705443186666,16.303749261233136,93055200
2008-11-03,16.36887550354004,16.57873215627694,16.072179330643742,16.267564110266154,61923500
2008-11-04,17.027393341064453,17.121466727370706,16.549787022365674,16.73793379497818,72123000
2008-11-05,15.978107452392578,16.889901796445006,15.956397570303638,16.882665169082028,81179700
2008-11-06,15.109725952148438,15.978101593870374,15.095254082974265,15.826136615703803,95509700
2008-11-07,15.558387756347656,15.587334256551532,15.196564785269805,15.428131265920415,71256300
2008-11-10,15.413660049438477,15.898502949860942,15.334059923865878,15.8116661982826,67106800
2008-11-11,15.341292381286621,15.413655861190643,15.044597696896433,15.406420617396165,78014500
2008-11-12,14.690008163452148,15.19656074022418,14.675536297447454,15.116959266097073,90162300
2008-11-13,15.377473831176758,15.377473831176758,13.561122638900141,14.581463145043337,148413700
2008-11-14,14.516342163085938,15.442609781780424,14.219647336052073,14.878165257541438,96624500
2008-11-17,13.980844497680664,14.6465990632962,13.857824587287174,14.284775959814835,97289000
2008-11-18,14.294113159179688,14.32325435819626,13.660275752826681,14.20668678293975,108966500
2008-11-19,13.325151443481445,14.534541725367317,13.296008839293425,14.301405060650698,103010500
2008-11-20,12.771453857421875,13.725851865248305,12.749596905329684,13.201297521397795,139532800
2008-11-21,14.337833404541016,14.352404706725125,13.099300510808888,13.128443115177108,157231900
2008-11-24,15.073661804199219,15.2557988440145,14.476252535940356,14.490822443033125,125289900
2008-11-25,14.563673973083496,15.248509464293397,14.243112472364714,15.197511327959841,92948100
2008-11-26,14.92795181274414,15.066376353910107,14.374255037675635,14.374255037675635,79678300
2008-11-28,14.731242179870605,14.796811620474982,14.58553339265717,14.738527827670561,28650800
2008-12-01,13.5582857131958,14.534540647567313,13.551000062689058,14.483541094020117,79639900
2008-12-02,13.951692581176758,14.068260138805789,13.521849191321621,13.835125023547729,79689800
2008-12-03,14.476255416870117,14.498110976656427,13.550998736969635,13.587425596343893,80961500
2008-12-04,13.922562599182129,14.512686508638113,13.68942729616722,14.13384094644088,78719200
2008-12-05,14.476255416870117,14.556394785412605,13.45628667924359,13.776848322200372,91996200
2008-12-08,15.306795120239258,15.481646490319683,14.672957687801944,14.825953505119294,107225000
2008-12-09,15.00809383392334,15.48164990607234,14.906096136676059,15.022665132043732,80484900
2008-12-10,15.015379905700684,15.270370682008773,14.789528947262786,15.168374371485537,61499000
2008-12-11,14.17026424407959,14.658391634939592,14.068266542529756,14.651105985572068,83564300
2008-12-12,14.104698181152344,14.461686748433692,13.623856324030864,13.951702286834129,78112600
2008-12-15,13.871556282043457,14.162975239734454,13.762272957013533,14.090120152912904,59925900
2008-12-16,14.651103973388672,14.702102122361735,13.842415069400552,13.995409516319741,97688700
2008-12-17,14.323251724243164,14.607384962981264,14.206684170422669,14.432533632250522,78922700
2008-12-18,14.060981750488281,14.58553742016912,13.835132164706597,14.468969802372403,80759200
2008-12-19,13.929847717285156,14.425259522408794,13.922562065645637,14.148411708086881,113530400
2008-12-22,13.973548889160156,14.053689602514067,13.762269331988877,14.017261373901,58575400
2008-12-23,14.046409606933594,14.257687859496322,13.849701262081975,14.046409606933594,47511400
2008-12-24,13.966267585754395,14.170261560627772,13.915269439434867,14.031837028049578,16880400
2008-12-26,13.937127113342285,14.082837316067714,13.907985906554487,13.98812665701302,23101000
2008-12-29,13.81326961517334,13.995406617839203,13.580134474096246,13.95169412628601,58512800
2008-12-30,14.090126037597656,14.199408018673562,13.842419472707853,13.84970512339235,43224100
2008-12-31,14.16297435760498,14.337825721329102,14.039121134601004,14.068262333757467,46419000
2009-01-02,14.811383247375488,14.862381393520677,14.111977718078169,14.22854530629439,50084000
2009-01-05,14.949814796447754,15.05909678799454,14.614681780828901,14.71667951058903,61475200
2009-01-06,15.124659538269043,15.299510924945558,15.015377595295636,15.117373890124776,58083400
2009-01-07,14.21397876739502,14.782246992329235,14.192121816191337,14.709391877912685,72709900
2009-01-08,14.658400535583496,14.709398722526966,14.243126607051575,14.301410447786452,70255400
2009-01-09,14.22126579284668,14.789532683130743,14.141125020280112,14.694821997948685,49815300
2009-01-12,14.184832572937012,14.417969157938332,14.060979326678183,14.35968396949147,52163500
2009-01-13,14.439821243286133,14.563674459775868,14.22125739752544,14.22125739752544,65843500
2009-01-14,13.907979011535645,14.337822367921516,13.84969523725933,14.228540464852774,80257500
2009-01-15,14.017267227172852,14.06097973016698,13.492713022457062,13.893413977359975,96169800
2009-01-16,14.359688758850098,14.505398999374949,13.95170203081469,14.301404940559326,79634100
2009-01-20,13.463573455810547,14.294119537089397,13.383434080561157,14.177550520225713,89873000
2009-01-21,14.119264602661133,14.170264147887616,13.449000150949526,13.747706214608268,68340900
2009-01-22,12.465462684631348,13.245009195011288,12.436320083692133,13.150297131554538,222436600
2009-01-23,12.531027793884277,12.742306018912988,12.203180595190334,12.36346067588781,117020600
2009-01-26,12.844301223754883,12.975440092166775,12.552882288170176,12.596596170704204,92476500
2009-01-27,12.866165161132812,13.092014785319652,12.698599355755347,12.953591584144798,61695000
2009-01-28,13.143006324768066,13.339713224751023,12.939012388584072,12.96815358541321,64145500
2009-01-29,12.81516170501709,13.084723734673426,12.793304760884705,12.953586238664961,49192800
2009-01-30,12.458173751831055,12.960872368812442,12.458173751831055,12.924444127236788,62370900
2009-02-02,12.990015983581543,13.208579915222254,12.385320957140282,12.407177906142588,88871700
2009-02-03,13.478143692016602,13.558284450531623,12.82245049302681,13.004587569945953,86865100
2009-02-04,13.572853088378906,13.84241654837453,13.478142428680464,13.507285025261824,75618000
2009-02-05,13.871556282043457,13.944409979269805,13.296002624707938,13.485425294605886,75195200
2009-02-06,14.323251724243164,14.51995999241332,13.88612270261888,13.958977771155404,86746000
2009-02-09,14.16297435760498,14.403395156425036,14.03183548741311,14.308683132577523,52196400
2009-02-10,13.696700096130371,14.425248003149964,13.623846417104296,14.02454721012713,83953200
2009-02-11,13.995414733886719,14.199408795424413,13.784136410861839,13.798707713027929,58599000
2009-02-12,14.031834602355957,14.075547093131046,13.50728054426981,13.820555016018812,75323200
2009-02-13,13.907979011535645,14.184826591949445,13.871552173710993,14.039117851056051,47416000
2009-02-17,13.26980209350586,13.570554818084913,13.123092833120527,13.563219215153326,75853300
2009-02-18,13.291810035705566,13.533879356596602,13.203784192143683,13.365163273029932,54946900
2009-02-19,13.137764930725098,13.482529897171803,13.0644102955534,13.423846468859102,49195600
2009-02-20,13.203788757324219,13.34316247485064,12.954383746644858,13.035074014548123,69413800
2009-02-23,12.624283790588379,13.3138151175223,12.587607172834533,13.21845507188833,70803400
2009-02-24,12.594944953918457,12.726983039259387,12.000774969007793,12.492249287152633,122674500
2009-02-25,12.440896987915039,12.64628966994009,12.074125240878065,12.477575002092646,105894600
2009-02-26,12.044787406921387,12.52892612883019,12.044787406921385,12.506919314516681,83219500
2009-02-27,11.846728324890137,12.118140060240897,11.810051706196694,11.94942537565375,93428000
2009-03-02,11.58265495300293,11.920085081761417,11.531307118048959,11.707357437515531,80602100
2009-03-03,11.64867115020752,11.912746564854864,11.472620873775957,11.758703097648457,80476600
2009-03-04,11.824725151062012,12.030116493211338,11.656009734985105,11.824725151062012,69285100
2009-03-05,11.20120906829834,11.648670330983379,11.20120906829834,11.633999125865067,89708500
2009-03-06,11.20854663848877,11.45795158835611,10.907793857611704,11.259895169060224,92821400
2009-03-09,11.113183975219727,11.545974761108408,11.076507359109794,11.149861290891272,66479100
2009-03-10,12.088794708251953,12.191491734058845,11.186536676069927,11.274561798753918,95184200
2009-03-11,12.550930976867676,12.616950010341863,12.052121123561959,12.198828998630898,84522200
2009-03-12,12.477575302124023,12.499582111159755,12.088796737232054,12.477575302124023,93694100
2009-03-13,12.21349811553955,12.506915214582541,11.868733199054425,12.455567397140404,82965800
2009-03-16,11.920083999633789,12.44089930588469,11.912748395431509,12.338203645299654,67028900
2009-03-17,12.39688777923584,12.39688777923584,11.92742027678976,11.9714325053632,62481000
2009-03-18,12.440896987915039,12.631618464269048,12.17682228145218,12.492246207763687,70710700
2009-03-19,12.572937965393066,12.800337508821785,12.411558862841543,12.741654071610004,58994600
2009-03-20,12.51425552368164,12.947046432218059,12.382217429670717,12.704977059572572,81725500
2009-03-23,13.445855140686035,13.63657665888796,12.69764027676852,12.741653903439072,71600000
2009-03-24,13.152436256408691,13.357827557797089,13.086417224070049,13.23312649573888,50044100
2009-03-25,13.115756034851074,13.431179936546338,12.851681348997072,13.189110658358379,73927100
2009-03-26,13.812623977661133,13.849300592822336,13.29180876693147,13.328485382092676,63775100
2009-03-27,13.299145698547363,13.658583316645254,13.24046226277855,13.59989988087644,47670400
2009-03-30,12.822336196899414,13.027728818956202,12.6682927796989,13.013057617568695,49633000
2009-03-31,13.47519588470459,13.783284237513177,13.042405070065781,13.079081688612128,92423300
2009-04-01,14.164717674255371,14.201395670813312,13.335814539760992,13.372491137196425,96438900
2009-04-02,14.15005874633789,14.590183850204143,13.937330400228763,14.304102252866363,99082300
2009-04-03,13.753941535949707,14.047358675558645,13.519207824262558,14.032687468797377,81858400
2009-04-06,13.761282920837402,13.761282920837402,13.401846598916604,13.599903776033331,47476100
2009-04-07,13.761282920837402,14.040028970794229,13.665921435948368,13.761282920837402,65815200
2009-04-08,14.076708793640137,14.392132916031027,13.907992621789253,13.915328229184862,56408900
2009-04-09,14.428804397583008,14.450811211905439,14.098709178364288,14.267425289922494,55759600
2009-04-13,14.370115280151367,14.560836731544729,14.208736236259908,14.443469899783121,44444700
2009-04-14,14.194077491760254,14.340785460677816,13.93733679724924,14.260096567466636,63796300
2009-04-15,13.812623977661133,14.120712302034075,13.577890282733781,14.091369890606565,72725500
2009-04-16,14.494820594787598,14.509491801454605,13.929991730217269,14.054694188640287,67688700
2009-04-17,14.08403491973877,14.44347104540878,13.937325668838593,14.44347104540878,61398500
2009-04-20,13.651248931884766,13.900653905964903,13.621906511817174,13.856640275863517,62937200
2009-04-21,13.915314674377441,13.996004878005335,13.621897659988766,13.636568860488872,60928300
2009-04-22,13.775949478149414,14.076702245853763,13.717266045405236,13.76127827018252,59401000
2009-04-23,13.878643989562988,13.893315196318325,13.548548833184334,13.878643989562988,86116300
2009-04-24,15.338383674621582,15.551111811436964,14.304088179710735,14.538821710595155,168478500
2009-04-27,14.964288711547852,15.272377070276336,14.876264265695907,15.07431996842445,68219600
2009-04-28,14.619523048400879,14.868927965164861,14.516827400012161,14.854256758502679,76685200
2009-04-29,14.854251861572266,15.323719127008829,14.71487824247473,14.75155624703872,79301600
2009-04-30,14.861598014831543,15.477774937789425,14.678212059168455,15.111003026463248,87439900
2009-05-01,14.846922874450684,14.927613121313367,14.568176911206733,14.810246252671341,63224500
2009-05-04,14.810246467590332,14.964289960247106,14.656201575810101,14.942284546509542,54313400
2009-05-05,14.516831398010254,14.846925244078953,14.406798716863694,14.773570589689134,66835500
2009-05-06,14.516831398010254,14.722222751353359,14.38479329993331,14.71488714600201,59639100
2009-05-07,14.172061920166016,14.663536180918591,14.040023850243925,14.641529369557123,68727200
2009-05-08,14.245413780212402,14.406792834681253,14.040021111605881,14.274754790514425,67597600
2009-05-11,14.172061920166016,14.472814679822614,13.944663799257617,14.084037472966862,63762600
2009-05-12,14.590184211730957,14.714886700682658,14.28209579191638,14.311438212433776,71966800
2009-05-13,14.487486839294434,14.67087274865259,14.42880340426476,14.612189313622919,49281700
2009-05-14,14.714884757995605,14.839587230483849,14.524163247182795,14.54617005966546,54539500
2009-05-15,14.832244873046875,15.037637498664054,14.65619465071335,14.766225864781454,61289900
2009-05-18,15.110997200012207,15.110997200012207,14.846921077959387,14.934946918351416,46073800
2009-05-19,14.99288272857666,15.310309824503642,14.948591001333641,15.140523696731552,51368300
2009-05-20,15.044557571411133,15.273401226943342,14.926445352817796,15.066704140400649,47450700
2009-05-21,14.631160736083984,14.933823388032613,14.402318552222214,14.867385107555272,58232800
2009-05-22,14.579492568969727,14.889537530554247,14.372795458577087,14.712369182221503,37318700
2009-05-26,15.015035629272461,15.096238336808346,14.358036000690758,14.424474323582078,44991700
2009-05-27,14.860007286071777,15.206963165619122,14.815715555409318,14.94859215540543,42892900
2009-05-28,15.09623908996582,15.229114334368445,14.800957014379671,15.000271992997536,45480800
2009-05-29,15.421040534973145,15.457951482663795,14.985501208284285,15.177433912249603,46134900
2009-06-01,15.797524452209473,15.871344942847724,15.398896055576916,15.502243897665219,57317100
2009-06-02,15.797524452209473,16.225681608300828,15.64988487894172,15.767997100759422,48935700
2009-06-03,16.04112434387207,16.063270904158312,15.716316574389468,15.731079539905473,56039600
2009-06-04,16.114953994750977,16.16662792354994,15.930403444463858,16.070662256924578,42330000
2009-06-05,16.34379005432129,16.46928443701156,16.100183477099996,16.21091348347178,59579200
2009-06-08,16.277355194091797,16.4766700923073,15.967310266203919,16.225681274111935,49000600
2009-06-09,16.29950714111328,16.476675528646023,16.15186611416474,16.28474275681659,50887700
2009-06-10,16.646453857421875,16.698129178040105,16.32902819310385,16.365937728394066,61297200
2009-06-11,16.8531551361084,17.17058228792264,16.661222406918185,16.675986787934864,65124600
2009-06-12,17.22225570678711,17.259165250234044,16.786716335670903,16.90482856431169,50963500
2009-06-15,17.28868865966797,17.377273507731445,16.99340817947037,17.148429903570964,69089600
2009-06-16,17.310840606689453,17.798053902522124,17.303458416387887,17.325603579283754,105295600
2009-06-17,17.480627059936523,17.583974909916414,17.10414379614125,17.347750448243033,86483100
2009-06-18,17.347755432128906,17.488014274546156,17.2001143971624,17.43634033471066,58852200
2009-06-19,17.76852035522461,17.967835215653352,17.532295961238745,17.746375198293716,115459000
2009-06-22,17.185338973999023,17.67993425252587,17.16319241239039,17.67993425252587,71291600
2009-06-23,17.22964096069336,17.46586545997818,17.133673877853226,17.259168319099423,56752700
2009-06-24,17.325603485107422,17.532300588401224,17.244402208249248,17.31084051259337,54287700
2009-06-25,17.561830520629883,17.6577961844108,17.12629112222105,17.29607728553055,57724300
2009-06-26,17.237018585205078,17.488007401195887,17.214872016261637,17.39942253343084,65126400
2009-06-29,17.613496780395508,17.738991152561255,17.384653190676126,17.42156412837682,62854900
2009-06-30,17.547061920166016,17.894016354118207,17.443712682471375,17.694701475716307,66452400
2009-07-01,17.746379852294922,17.938311166736227,17.687322330302127,17.7537606345352,54908400
2009-07-02,17.251787185668945,17.74638274902042,17.13367353041259,17.539685612333113,65422200
2009-07-06,17.126293182373047,17.185349307498097,16.882686490231087,17.133673966005727,49207700
2009-07-07,16.631696701049805,17.081999102611295,16.58002136237054,17.03770736318094,52842500
2009-07-08,16.65383529663086,16.74980233688038,16.240442606348005,16.469284812467812,73023400
2009-07-09,16.565261840820312,16.83839593358438,16.513587899378965,16.720283665144354,46981200
2009-07-10,16.528343200683594,16.639074632927358,16.35117488030568,16.380703637706322,43229200
2009-07-13,17.148433685302734,17.192726823106604,16.343793319312272,16.550490405037547,67584000
2009-07-14,17.059856414794922,17.141057714209992,16.875305831019155,17.126294737594936,45448700
2009-07-15,17.805437088012695,17.805437088012695,17.39204285607241,17.532301663623898,67238700
2009-07-16,18.04166030883789,18.04166030883789,17.613503133142476,17.665177056552626,64555100
2009-07-17,17.930925369262695,18.049037564194972,17.790666609777457,18.012126623273367,52860100
2009-07-20,18.10809898376465,18.10809898376465,17.827581382347983,18.041660678587483,47798000
2009-07-21,18.329553604125977,18.329553604125977,17.989981397013704,18.226205785962836,52028400
2009-07-22,18.307416915893555,18.381237429265944,18.093338975923725,18.233597810530345,66192500
2009-07-23,18.868452072143555,18.986564338009142,18.33694687574841,18.40338520129896,106060500
2009-07-24,17.310840606689453,17.635648531905346,16.838390283451083,17.42895283549684,215135700
2009-07-27,17.059856414794922,17.310845321370703,16.904833192258486,17.303463129058567,80950000
2009-07-28,17.325603485107422,17.384659599190105,16.904828496267204,16.971266800611325,70288400
2009-07-29,17.56920623779297,17.650408904662818,17.22963400907998,17.51753232542434,73626900
2009-07-30,17.576589584350586,18.034275453211947,17.502769101242805,17.86448932767007,67820000
2009-07-31,17.362516403198242,17.76852705750748,17.34775202100289,17.547066956613165,54258200
2009-08-03,17.59135627746582,17.61350284771506,17.34774963675934,17.583974087382742,46902900
2009-08-04,17.547061920166016,17.561826298123616,17.36989360870052,17.480623627365382,49218300
2009-08-05,17.576589584350586,17.90139886521966,17.561826614135914,17.5987361516855,53310300
2009-08-06,17.318225860595703,17.70209140733926,17.1779684326776,17.665181854310113,59686000
2009-08-07,17.392040252685547,17.583972958497238,17.34774852303937,17.532299039241916,46169700
2009-08-10,17.28868865966797,17.38465428772904,17.200103811604492,17.31821600368353,35261900
2009-08-11,17.074609756469727,17.27392461239945,17.0155536593063,17.214868515236024,33615800
2009-08-12,17.369897842407227,17.643031861153165,17.000796751554613,17.074615843317996,61972300
2009-08-13,17.43633270263672,17.606118832924466,17.273927353658316,17.443713483946063,38954500
2009-08-14,17.488006591796875,17.56920785814716,17.355130000303596,17.43633267466252,46330200
2009-08-17,17.163196563720703,17.421567546281654,17.14843218574383,17.214870478631177,42474400
2009-08-18,17.50467872619629,17.556643194932267,17.27454975782601,17.289397153443595,38878900
2009-08-19,17.556644439697266,17.608608912117518,17.25970358592033,17.25970358592033,41821300
2009-08-20,17.571487426757812,17.719958524349916,17.47498220447067,17.519522967378172,39505900
2009-08-21,18.12083625793457,18.1282599576987,17.64573080043794,17.7645071648121,69011400
2009-08-24,18.29157257080078,18.358384436191336,18.024326525164163,18.120831766325185,54180900
2009-08-25,18.29157257080078,18.42519630158189,18.157948840019674,18.261879195030314,43980300
2009-08-26,18.224760055541992,18.373231176876875,18.128254817822206,18.25445484617919,41079000
2009-08-27,18.32869529724121,18.39550717807585,18.03917667498246,18.120835955097228,45495600
2009-08-28,18.321277618408203,18.92258332759738,18.26931311977692,18.61079491988329,55808000
2009-08-31,18.29900550842285,18.447476710019405,18.031759327845894,18.239617310969493,49592800
2009-09-01,17.81648063659668,18.365821952980543,17.742245017425525,18.07630459573238,62608500
2009-09-02,17.71253776550293,17.920395637494725,17.653149599801623,17.682842974689496,40771300
2009-09-03,17.89812660217285,17.920396280156,17.638302836939747,17.74965547463233,34120000
2009-09-04,18.276731491088867,18.410353841770128,17.875860191267144,17.883283891181545,44999700
2009-09-08,18.425193786621094,18.44004118044252,18.12082929290885,18.27672409618303,53737100
2009-09-09,18.395505905151367,18.521705958447846,18.313846630687223,18.36581110864592,49900300
2009-09-10,18.55882453918457,18.59594162189256,18.2990007124508,18.410353376500716,46256000
2009-09-11,18.454893112182617,18.685022109300107,18.417774618501888,18.50685758740988,54303500
2009-09-14,18.55882453918457,18.62563642079971,18.291577012724012,18.2990007124508,42806800
2009-09-15,18.70729637145996,18.759260855481497,18.4548962354188,18.536554103484356,44716600
2009-09-16,18.70729637145996,18.818649039495533,18.52170811942534,18.744413455496485,50055800
2009-09-17,18.781530380249023,18.8409185637594,18.6033658297179,18.6033658297179,42428800
2009-09-18,18.751829147338867,18.91514622964983,18.633052830035368,18.900298836005547,68016500
2009-09-21,18.781530380249023,18.83349627975584,18.63306062943608,18.640484329365627,28878700
2009-09-22,19.13043212890625,19.16754920279422,18.774103122249528,18.85576096798819,61376700
2009-09-23,19.085887908935547,19.486759060685294,19.033923444655127,19.241782717702268,60599900
2009-09-24,19.256635665893555,19.382835722368828,19.04877633289727,19.24178826726685,56302900
2009-09-25,18.967124938964844,19.16756065594729,18.94485524769554,19.071055356618587,50158900
2009-09-28,19.174978256225586,19.419954693713386,19.004237403172937,19.004237403172937,44358000
2009-09-29,19.115583419799805,19.271476818530626,19.071042651008927,19.234359747192478,39050300
2009-09-30,19.09331703186035,19.293752664693066,18.840916919980458,19.123011828987803,63533400
2009-10-01,18.46973991394043,18.90772824734308,18.41035173733969,18.863187468873978,75958100
2009-10-02,18.52912712097168,18.625633787851637,18.135681002551713,18.157950682658058,51219700
2009-10-05,18.29157257080078,18.603360803981506,18.202491027563777,18.54397263651497,60804900
2009-10-06,18.64047622680664,18.71471036198236,18.30641695481444,18.32126434821973,48795300
2009-10-07,18.633058547973633,18.69244672484987,18.469739999619613,18.551399273796623,38472700
2009-10-08,19.05620574951172,19.226946637167444,18.72214625981461,18.885464861855993,60521300
2009-10-09,18.967124938964844,19.14529096467799,18.900313033304027,18.981972343762013,39520000
2009-10-12,19.09331703186035,19.2195170878003,18.967116975920405,19.048776252095035,29145800
2009-10-13,19.160123825073242,19.256630474202254,18.944842266730536,18.99680673198824,37749000
2009-10-14,19.2714786529541,19.449644576927977,19.167549710574047,19.405102387971684,45365500
2009-10-15,19.828248977661133,19.828248977661133,19.226943412966644,19.226943412966644,65620100
2009-10-16,19.672346115112305,19.768851340971725,19.37540532486172,19.635229047302996,56500900
2009-10-19,19.568418502807617,19.731735594399808,19.486759249048784,19.664923735129033,48143200
2009-10-20,19.57583999633789,19.679768914203727,19.256628130406746,19.61295706245417,54604700
2009-10-21,19.73174476623535,19.857944846194002,19.59069728488718,19.642661773824365,61672700
2009-10-22,19.739168167114258,19.835673442828064,19.397685019972716,19.71689706536825,61600000
2009-10-23,20.80072784423828,21.788057108831566,20.69679747917401,21.67670446105089,281761000
2009-10-26,21.29067611694336,21.54307615360423,20.867535295460563,20.882381273674103,124149700
2009-10-27,21.22386932373047,21.43915092641487,21.112516672967793,21.327798275652196,69685800
2009-10-28,20.80072784423828,21.357492499067405,20.748763369669014,20.964044966588226,73542400
2009-10-29,20.94919204711914,21.090239452288447,20.67452234939116,20.837839428690895,65225500
2009-10-30,20.585447311401367,21.08282385293995,20.53348283057174,20.808154049718798,73371800
2009-11-02,20.696794509887695,20.822994536847247,20.347889219317423,20.563172201276583,62428900
2009-11-03,20.436973571777344,20.59286698377958,20.362738006855768,20.518631418858007,50294800
2009-11-04,20.830427169799805,21.075403631226393,20.50379283184845,20.55575732125316,63898400
2009-11-05,21.134784698486328,21.33522030371837,20.993738679331038,21.1719031897843,52681700
2009-11-06,21.171905517578125,21.25356337556039,20.9343528108555,21.067975146442613,38908500
2009-11-09,21.52081298828125,21.528236688084807,21.17933129287333,21.246143175179395,57518000
2009-11-10,21.53566551208496,21.736101206694826,21.387194312538476,21.454006210741763,65881100
2009-11-11,21.6173152923584,21.750937613986437,21.543079725281263,21.587620499157275,49693400
2009-11-12,21.79548454284668,21.89198980988242,21.52823700963081,21.53566070954525,55352400
2009-11-13,21.99591636657715,22.114694136266827,21.802905853655258,21.877140012813296,53037600
2009-11-16,21.92909812927246,22.122108573742377,21.802898121165008,21.981062588624003,54129500
2009-11-17,22.369022369384766,22.369022369384766,21.973835795539344,21.99620532989502,75648900
2009-11-18,22.451040267944336,22.47340837781916,22.227349213908145,22.369020072579332,59431200
2009-11-19,22.20499038696289,22.369029424086406,22.145339698719376,22.36157291028289,51967700
2009-11-20,22.08568572998047,22.19753057605112,21.944014833125976,22.115510358579932,42647100
2009-11-23,22.324296951293945,22.37649113786312,22.14534484497752,22.24973321811587,41832700
2009-11-24,22.30191421508789,22.361564881915307,22.182612881433062,22.331740259593637,37341400
2009-11-25,22.212446212768555,22.264640385591917,22.05586227211392,22.227357817729125,32033500
2009-11-27,21.78743553161621,21.91419342996193,21.436987893688485,21.70541671893464,29357900
2009-11-30,21.92909812927246,21.95892417505318,21.62338827094079,21.735233098250205,44172000
2009-12-01,22.376483917236328,22.40630854757255,21.929103084717315,22.01112330696473,49904200
2009-12-02,22.20499038696289,22.36157291028289,22.108057129701812,22.294465708235865,36308600
2009-12-03,22.24226951599121,22.51815481295469,22.190075346286232,22.249726029118275,43095200
2009-12-04,22.354114532470703,22.644912857820987,22.242269679113427,22.40630870255847,58810700
2009-12-07,22.212446212768555,22.428679417634562,22.13042598565496,22.204989699195995,38082700
2009-12-08,22.048404693603516,22.175162573845512,21.9067337869367,22.011123549725948,37402200
2009-12-09,22.152788162231445,22.22735185577255,21.80979716300018,21.973836151043287,44713300
2009-12-10,22.272092819213867,22.33919858470492,22.11550890724332,22.152790046092157,45940200
2009-12-11,22.25717544555664,22.369020262432,22.2124378032433,22.346650730183324,43744200
2009-12-14,22.451040267944336,22.488321399191705,22.294456387900603,22.301912898586874,34651200
2009-12-15,22.383935928344727,22.525605382770983,22.27954618770243,22.28700269933289,49473200
2009-12-16,22.44359016418457,22.67473637270788,22.398852509479763,22.421220625739966,55737800
2009-12-17,22.07077407836914,22.339201441209905,22.04840453888888,22.331746350234287,43691200
2009-12-18,22.6374568939209,22.704564092000467,22.21990067871814,22.24972673216884,94118000
2009-12-21,22.756759643554688,22.995362396893544,22.644914780700173,22.66728289996032,40129100
2009-12-22,22.980451583862305,23.06247182154595,22.771674865663538,22.81641253067974,36321000
2009-12-23,23.055023193359375,23.077392744611714,22.883527566980447,22.898439178963457,28362700
2009-12-24,23.114656448364258,23.114656448364258,22.935704440071277,23.025179733125697,11083900
2009-12-28,23.241416931152344,23.248873443448808,23.03263885340423,23.114659066481043,25384000
2009-12-29,23.405454635620117,23.487474844143062,23.28615328986905,23.375630010274463,29716200
2009-12-30,23.084836959838867,23.330897641092776,22.965535587089146,23.226507873298363,42006200
2009-12-31,22.726932525634766,23.10720617930705,22.726932525634766,23.099749665840786,31929700
2010-01-04,23.077383041381836,23.18922790624624,22.808954227959564,22.831323769806293,38409100
2010-01-05,23.084836959838867,23.18922672763328,22.84623421433943,23.002818154938776,49749600
2010-01-06,22.94316291809082,23.174309104175542,22.756754382367983,23.02518170672357,58182400
2010-01-07,22.704565048217773,22.890973623581846,22.510699959176993,22.83877802784487,50559700
2010-01-08,22.861146926879883,23.025185956607217,22.547980472175315,22.577806526044572,51197400
2010-01-11,22.570350646972656,22.93571128403326,22.45850578618832,22.89842871564877,68754700
2010-01-12,22.421220779418945,22.667280015258527,22.301919417932144,22.480871460162348,65912100
2010-01-13,22.629995346069336,22.75675320066601,22.37647963687598,22.562888162919084,51863500
2010-01-14,23.084836959838867,23.18922672763328,22.56289380960498,22.600174955270063,63228100
2010-01-15,23.01027488708496,23.29361529451088,22.898428604658186,23.17431392062791,79913200
2010-01-19,23.189228057861328,23.293616409459336,22.87606158088268,22.928255756681686,46575700
2010-01-20,22.808956146240234,23.06992846766191,22.600178004665946,22.972995200358415,54849500
2010-01-21,22.376483917236328,22.905883549818302,22.36902740410616,22.823864749755344,73086700
2010-01-22,21.593564987182617,22.518152614070516,21.504089682763993,22.369025210460382,102004600
2010-01-25,21.861995697021484,22.115511452486352,21.697956676149577,21.80234501468766,63373000
2010-01-26,21.99620819091797,22.257180436941994,21.69049829254775,21.7725185070027,66639900
2010-01-27,22.122976303100586,22.234821196854757,21.638314148709185,21.884373483842356,63949500
2010-01-28,21.74270248413086,22.27210373273814,21.541380822455487,22.249734185156996,117513700
2010-01-29,21.011978149414062,22.309381867468858,20.624247910312228,22.294468837768452,193888500
2010-02-01,21.183469772338867,21.235663944367943,20.818109145950828,21.168556745420698,85931100
2010-02-02,21.220752716064453,21.25057877242877,20.98214995388848,21.153646933614024,54413700
2010-02-03,21.347509384155273,21.466812180570194,20.967237142661364,21.071625489566784,61397900
2010-02-04,20.75846290588379,21.250581522094347,20.7360933607161,21.161104763608414,77850000
2010-02-05,20.892675399780273,21.086540506745024,20.557139364228835,20.877762371048053,80960100
2010-02-08,20.668989181518555,20.937418074195755,20.5571442836314,20.885223883327416,52820600
2010-02-09,20.88521385192871,21.131273077969503,20.69134879168682,20.85538780165256,59195800
2010-02-10,20.870304107666016,21.056712684642864,20.75845924591682,20.90013016263091,48591300
2010-02-11,20.967235565185547,21.17601224328902,20.654069125845883,20.825564660626437,65993700
2010-02-12,20.825559616088867,20.922491418559513,20.564587409489896,20.736082902729407,81117200
2010-02-16,21.237586975097656,21.25256974249033,20.99037702845992,21.07277939144894,51935600
2010-02-17,21.417367935180664,21.462314791813892,21.24507046072428,21.372421078547433,45882900
2010-02-18,21.70203971862793,21.746988017461117,21.357444667251585,21.417374303527264,42856500
2010-02-19,21.552217483520508,21.664585378882748,21.492287844071626,21.567200250591554,44451800
2010-02-22,21.522249221801758,21.679565398440012,21.46231958994793,21.604653001413944,36707100
2010-02-23,21.222604751586914,21.59716537299073,21.042815824773328,21.484797472336663,52266200
2010-02-24,21.44733428955078,21.567194967925193,21.260054033541017,21.364931948514258,43165900
2010-02-25,21.42486000061035,21.462315477528932,20.990369895714476,21.177650137977093,48735300
2010-02-26,21.477296829223633,21.612138823410014,21.35743759635458,21.462314067906313,40370600
2010-03-01,21.739492416381836,21.76196513260299,21.372423286808395,21.55221216075243,43805400
2010-03-02,21.31998634338379,21.94924819713363,21.155180211719834,21.78444206546968,93123900
2010-03-03,21.31998634338379,21.432355654209584,21.23758399196938,21.3574432566041,48442100
2010-03-04,21.44733428955078,21.462317052951953,21.177651692504494,21.319983658310743,42890600
2010-03-05,21.417367935180664,21.48478893454791,21.290017317357506,21.46980617272523,56001800
2010-03-08,21.44733428955078,21.672071454063474,21.349949185113086,21.364931948514258,39414500
2010-03-09,21.57468605041504,21.806914608787523,21.38740578459951,21.394897166692335,50271600
2010-03-10,21.70203971862793,21.806917653736797,21.574689062937708,21.619637361770895,44891400
2010-03-11,21.859352111816406,21.866843493654674,21.612142226493557,21.642106325011635,35349700
2010-03-12,21.926776885986328,22.009179242691907,21.75447936061484,21.96423237277657,31700200
2010-03-15,21.941755294799805,22.001684919063845,21.732000895458196,21.859351525623644,37512000
2010-03-16,22.001684188842773,22.091577907837845,21.874333562904003,22.03913966695157,36723500
2010-03-17,22.196447372436523,22.376237611257675,22.024149941470245,22.099062302839982,50385700
2010-03-18,22.18147850036621,22.263880858199148,22.09907471369802,22.19645983798613,43845200
2010-03-19,22.166486740112305,22.398713810602967,21.986697902103273,22.2938373456397,81332100
2010-03-22,22.173982620239258,22.248895008487573,22.016666462034294,22.09907023199094,37718200
2010-03-23,22.383737564086914,22.398720328823114,22.03165116579673,22.16649319075236,42026600
2010-03-24,22.211444854736328,22.36126967679665,22.173989363638945,22.26388311380682,33987700
2010-03-25,22.481121063232422,22.90062841722038,22.32380491246513,22.34627905652757,73168700
2010-03-26,22.21892547607422,22.623451442387086,22.166487242404337,22.54104768728601,55595500
2010-03-29,22.166486740112305,22.33878419793329,22.13652121936013,22.25638044469948,33336000
2010-03-30,22.301332473754883,22.368753477943272,22.099069461189718,22.196454562331326,34954800
2010-03-31,21.941755294799805,22.263876132197172,21.851860143986272,22.203946507933132,63760000
2010-04-01,21.844375610351562,22.1290424864723,21.439850876963405,21.98670904841193,74768100
2010-04-05,21.926776885986328,22.046636158317384,21.746987977489745,21.82189895107023,34331200
2010-04-06,21.9642276763916,22.15899930949236,21.709526419939454,21.836877048165526,47366800
2010-04-07,21.98670196533203,22.144016691849306,21.82938580997982,21.84436857312478,58318800
2010-04-08,22.41370391845703,22.458650785484735,21.94924819638694,21.964230961674556,63713800
2010-04-09,22.72833251953125,22.78077076383676,22.39871886110878,22.436175770494852,54752500
2010-04-12,22.713356018066406,22.840706687420862,22.630952223532525,22.660917759303167,37068800
2010-04-13,22.81073570251465,22.848191182098862,22.57101577513684,22.585998538504505,41374600
2010-04-14,23.087913513183594,23.222755548206166,22.968054244015796,23.06544079323663,68941200
2010-04-15,23.125362396240234,23.185292010010212,23.005501739865583,23.08790549461231,52745400
2010-04-16,22.975540161132812,23.207767261294904,22.923101921951197,23.065435306040477,88703100
2010-04-19,23.25271987915039,23.410034625996225,23.04296545452082,23.050456837061354,64970300
2010-04-20,23.492433547973633,23.552363167072144,23.32013464283494,23.387555642925122,52199500
2010-04-21,23.469961166381836,23.59731179512799,23.395048779677936,23.469961166381836,55343100
2010-04-22,23.514904022216797,23.619781917275237,23.14783496159899,23.25271285665743,84847600
2010-04-23,23.192787170410156,23.657242853066414,22.960560043499537,23.31264785370453,126766600
2010-04-26,23.305156707763672,23.4325073455211,23.11787644216952,23.222752933675036,63649300
2010-04-27,23.110380172729492,23.410028248543906,23.035467796567204,23.185292548891777,68730900
2010-04-28,23.15532875061035,23.222749751291857,22.938084415285932,23.162820131667726,64557900
2010-04-29,23.222745895385742,23.54486808319334,22.97553607687857,23.170307665525826,52665200
2010-04-30,22.878158569335938,23.28268321131509,22.863175804749837,23.275191829022038,63214800
2010-05-03,23.117876052856445,23.26769940550767,22.90812164454272,22.975542653328024,43989500
2010-05-04,22.57101058959961,22.88564140386154,22.28634529518864,22.86316869280795,82085600
2010-05-05,22.361255645751953,22.54104446211079,22.241396434846063,22.30132604029901,66833800
2010-05-06,21.709522247314453,22.38373073764177,20.907963153238168,22.166486430560976,128613000
2010-05-07,21.132705688476562,21.687056563610945,20.465988362182266,21.672073798588908,173718100
2010-05-10,21.6795597076416,22.08408425926006,21.507260811058888,21.73199794314448,86653300
2010-05-11,21.634618759155273,22.211442402928878,21.402391596548,21.484795382468583,63789400
2010-05-12,22.054126739501953,22.15900324176926,21.664583404173133,21.709530272454096,47146800
2010-05-13,21.9042911529541,22.271360158955076,21.859344306808026,21.91927391128095,45188800
2010-05-14,21.67207145690918,21.88182442921328,21.454825674068545,21.874334476346675,63334000
2010-05-17,21.6795597076416,21.896804030272776,21.312490630286696,21.814401701126005,46053300
2010-05-18,21.521533966064453,21.82253415004311,21.371033156434077,21.724709628480834,52690600
2010-05-19,21.25063705444336,21.589263221757605,20.912012322411474,21.46133794024804,61746700
2010-05-20,20.40030860900879,20.94963415717458,20.347633753058943,20.8066585229663,87991100
2010-05-21,20.1971378326416,20.40031355653605,19.89613755758456,20.039111791185075,117596300
2010-05-24,19.768205642700195,20.212181437993152,19.760680458932953,20.20465625422591,73711700
2010-05-25,19.617708206176758,19.813358711871075,19.09848191934501,19.3016576100986,98373600
2010-05-26,18.820066452026367,20.02406937993334,18.481440135174005,19.7381179489729,176684100
2010-05-27,19.565032958984375,19.83593387462987,19.361857272250255,19.361857272250255,136433600
2010-05-28,19.414533615112305,19.655335244801904,19.309183888879737,19.444634357054394,67496900
2010-06-01,19.482261657714844,19.798312317256013,19.20383693102535,19.211362117595687,76152400
2010-06-02,19.911184310913086,19.926234681835766,19.361858689776565,19.61018406887132,65718800
2010-06-03,20.212188720703125,20.264863590771203,19.87356250557611,19.978912245712266,67837000
2010-06-04,19.407005310058594,19.993955287347656,19.27908005739369,19.64028026423035,89832200
2010-06-07,19.03076171875,19.437111741722944,18.99313578634714,19.429586555242373,80456200
2010-06-08,18.895309448242188,19.008184364226032,18.5491580792383,19.00065917845612,87355000
2010-06-09,18.654510498046875,19.203836178615422,18.62440975294489,18.97808489619809,87794000
2010-06-10,18.812538146972656,18.925413088797942,18.64698832798109,18.910362713812503,78930900
2010-06-11,19.309186935424805,19.354336620179147,18.639461109652096,18.842636843970535,68057700
2010-06-14,19.188785552978516,19.534935505390763,19.16620999444978,19.459686514193322,50972400
2010-06-15,20.001480102539062,20.05415495232195,19.369379034580373,19.376904218161073,81641500
2010-06-16,19.805830001831055,20.001480472704102,19.738104783633382,19.918704887066493,48698000
2010-06-17,19.843460083007812,20.069209900834394,19.595134709285638,19.98643429783289,47995500
2010-06-18,19.896135330200195,19.963860563916466,19.692959629051387,19.843460467372513,52075600
2010-06-21,19.527416229248047,20.23476666851596,19.482265101844096,20.15199247217438,54625300
2010-06-22,19.391956329345703,19.90365737659725,19.384431145088225,19.685431338976738,55985400
2010-06-23,19.045806884765625,19.399483402900728,18.978081655134744,19.399483402900728,61466200
2010-06-24,18.812538146972656,19.354338728903677,18.759863269806374,19.15868815994123,85243400
2010-06-25,18.458860397338867,18.89531116466338,18.293309165927205,18.85016004594244,156256700
2010-06-28,18.293310165405273,18.519061465496506,18.15033592082506,18.443811032132764,73784800
2010-06-29,17.540803909301758,18.210531004424997,17.390304518980923,18.157854710766347,119882100
2010-06-30,17.315053939819336,17.8192298348787,17.2699042666851,17.53327855603667,81050500
2010-07-01,17.427934646606445,17.54833477193187,17.104358771563348,17.375259771186908,92239400
2010-07-02,17.510704040527344,17.668728610559338,17.345152850647505,17.57842926633597,62485100
2010-07-06,17.924583435058594,18.127759161116245,17.74398326810153,17.834284069221333,73592000
2010-07-07,18.285785675048828,18.300836049351375,17.766560679155177,17.924585303483845,79965300
2010-07-08,18.36855125427246,18.526577227473208,18.037450377080056,18.511526861400394,50758100
2010-07-09,18.26321029663086,18.36856003895983,18.17290949228989,18.30835998116005,53806100
2010-07-12,18.684606552124023,18.72975622662727,18.376081145000995,18.38360632996525,49854200
2010-07-13,18.910354614257812,19.038279876276455,18.737279681903804,18.917879798527395,61928700
2010-07-14,19.143632888793945,19.27155816329547,18.902832709798673,19.18878256353499,72808100
2010-07-15,19.196304321289062,19.256504355289948,18.797478198981917,19.188779137628696,56934700
2010-07-16,18.72975730895996,19.294133296351998,18.72223212356085,19.196308756728282,65064800
2010-07-19,18.98560333251953,19.03827818243799,18.744803198445435,18.782427681163757,38181800
2010-07-20,19.173736572265625,19.173736572265625,18.586786360742412,18.707186477736023,45530700
2010-07-21,18.9028377532959,19.301662617937083,18.797486570414833,19.26403811816127,73297300
2010-07-22,19.44463539123535,19.557510308956797,19.166209254592157,19.196309998135185,73016400
2010-07-23,19.422056198120117,19.58008220157649,19.00065591437342,19.44463175155165,108520100
2010-07-26,19.640275955200195,19.71552634060192,19.414524798995025,19.45967589140509,67249900
2010-07-27,19.685436248779297,19.745636302571672,19.534935396657108,19.67038587651058,60672100
2010-07-28,19.527416229248047,19.708016433015356,19.437115409722974,19.617715613490283,69704800
2010-07-29,19.587614059448242,19.8735639905917,19.264038193099942,19.662863059292587,69446200
2010-07-30,19.422056198120117,19.44463175155165,19.07590632386302,19.37690652653923,83534800
2010-08-02,19.813356399536133,19.850980885159224,19.376905764010484,19.55750587850915,55044600
2010-08-03,19.685436248779297,19.828411914767127,19.542460582791467,19.715536993316732,56877700
2010-08-04,19.361858367919922,19.74563420837447,19.143633734298128,19.677908975630586,78531900
2010-08-05,19.090965270996094,19.24898991017579,18.970563700543167,19.181264654732257,64922100
2010-08-06,19.22640609741211,19.233931282041876,18.827581359010015,18.94798144252184,55982100
2010-08-09,19.271554946899414,19.361854281310666,19.09095484279487,19.226403844411745,57096500
2010-08-10,18.865205764770508,19.068381443043272,18.72223012799165,19.060856258446258,87257700
2010-08-11,18.707181930541992,18.73728123483279,18.481430689590837,18.57173147302775,76746900
2010-08-12,18.428756713867188,18.57173236312718,18.330932176130773,18.376081852372014,70240500
2010-08-13,18.361026763916016,18.564202407718216,18.240626701355147,18.32340228259648,45263500
2010-08-16,18.436288833618164,18.519064467263703,18.28578794249589,18.330939071002295,40909700
2010-08-17,18.69349479675293,18.882623646301326,18.61027908414989,18.69349479675293,52912600
2010-08-18,18.776718139648438,18.875065981867067,18.466546839615688,18.670806410741378,46818900
2010-08-19,18.489234924316406,18.7161889443623,18.315235303146856,18.62540791351933,54064600
2010-08-20,18.33036994934082,18.45897764016856,18.307675408155138,18.390891130733944,49560100
2010-08-23,18.368194580078125,18.640539145083455,18.33793327122274,18.48923692962241,51643000
2010-08-24,18.186634063720703,18.421153474383516,18.15637274986028,18.224459263107367,66522500
2010-08-25,18.232030868530273,18.322811955488095,18.058032582744985,18.156379000772517,47404800
2010-08-26,18.02020263671875,18.300114063425887,17.997508090593236,18.22446220948295,49105300
2010-08-27,18.103416442871094,18.17150295442321,17.78567986994082,18.065589801487235,60939400
2010-08-30,17.884029388427734,18.020202435416017,17.85376951295205,17.95968124152557,45453100
2010-08-31,17.75541877746582,17.95211298628956,17.641941737781814,17.85376660334711,66074600
2010-09-01,18.08072280883789,18.11854945513985,17.80837817015888,17.906724564665936,65235900
2010-09-02,18.110973358154297,18.11853868291679,17.9369737744933,18.065581409579345,48837100
2010-09-03,18.375761032104492,18.496803389057995,18.30767452595081,18.337934393719827,64189100
2010-09-07,18.126108169555664,18.383323519261893,18.095848304087134,18.232021306042032,51928700
2010-09-08,18.103416442871094,18.307675977527445,17.959678091490087,18.209328152868242,65512400
2010-09-09,18.1639347076416,18.315236920049944,18.148804053519186,18.30010770886613,46028900
2010-09-10,18.04289436340332,18.179067379743827,17.99750383893607,18.14124074023882,58284300
2010-09-13,18.996103286743164,19.132276297720903,18.22445718649511,18.307674347190105,114680400
2010-09-14,18.935577392578125,19.17766204382539,18.82966427545369,18.943142718296894,87160400
2010-09-15,19.003671646118164,19.079322048340366,18.852367955795895,18.98854098849815,56201900
2010-09-16,19.162540435791016,19.192801752947357,18.950715544513685,18.95828087380277,44548300
2010-09-17,19.07931900024414,19.313839827070698,18.973407299702277,19.215492011191508,70341600
2010-09-20,19.23818588256836,19.30627238056942,18.99610119764838,19.124708866879434,49838700
2010-09-21,19.02635955810547,19.23061903596565,18.97340371783174,19.23061903596565,52675700
2010-09-22,18.617849349975586,18.89019398437092,18.428720450257636,18.829672794178737,94299400
2010-09-23,18.481678009033203,18.602720400536512,18.428722143117895,18.542199204784858,46201800
2010-09-24,18.74644660949707,18.76157581640726,18.595142996889678,18.64053350349662,51948800
2010-09-27,18.70863151550293,18.905325755945153,18.602719787164457,18.799414027606677,43603300
2010-09-28,18.670795440673828,18.837228265873957,18.421145481404515,18.761576456987267,56041200
2010-09-29,18.534631729125977,18.655674106615763,18.45897988246012,18.632978119734318,44318900
2010-09-30,18.527055740356445,18.78427100526447,18.428709406333084,18.61783819271027,61262700
2010-10-01,18.443843841552734,18.776711003969133,18.38332267047144,18.738885813145274,62672300
2010-10-04,18.08828353881836,18.14880471457385,17.98993716931768,18.126108732563548,98143400
2010-10-05,18.421157836914062,18.496809696542257,18.088290520313528,18.201767588286216,78152900
2010-10-06,18.481678009033203,18.5648951942939,18.254722442760155,18.398460823772506,50489700
2010-10-07,18.557323455810547,18.723756325916344,18.368194604033615,18.625409957885335,50096100
2010-10-08,18.587587356567383,18.648108544555768,18.43628510806589,18.62541400089696,41327800
2010-10-11,18.60271453857422,18.71619156448306,18.534628034441177,18.71619156448306,27587800
2010-10-12,18.78428077697754,18.85993261947065,18.481674849943968,18.648107749077713,50141500
2010-10-13,19.17010498046875,19.32140867417972,18.829672391088543,18.928020224882363,75336500
2010-10-14,19.086883544921875,19.170100702184833,18.91288534604355,19.1322755086682,51949100
2010-10-15,19.321407318115234,19.32897120362485,19.086886465029075,19.185234291920395,68954800
2010-10-18,19.533233642578125,19.631581484068946,19.253323663126878,19.359235391250152,48330500
2010-10-19,18.988536834716797,19.192796339087995,18.875059813267892,19.117144510475853,66150900
2010-10-20,19.14740562438965,19.21549213028532,18.988538072592224,19.109580429087035,56283600
2010-10-21,19.230627059936523,19.32140956895504,18.950715646490202,19.21549640127693,50032400
2010-10-22,19.20035743713379,19.32140121111168,19.117141736380646,19.30627055899714,25837900
2010-10-25,19.056625366210938,19.17766772770915,19.04149471028897,19.094450563077093,50912400
2010-10-26,19.59375,19.646705850990852,18.958276902232328,19.003668868457673,69304200
2010-10-27,19.70722198486328,19.75261393946881,19.381921634487096,19.51052928665939,64805500
2010-10-28,19.881221771240234,19.956872143722812,19.6088758129002,19.828264490388726,80730300
2010-10-29,20.1762638092041,20.57721745158238,20.032525493190985,20.53939081950605,114193200
2010-11-01,20.388086318969727,20.592344337374996,20.198957508749,20.335129040039742,61912100
2010-11-02,20.720958709716797,20.74365469376562,20.441048787808548,20.471308656934863,54402100
2010-11-03,20.4486083984375,20.79660473225441,20.395651117130324,20.773908754551332,110255300
2010-11-04,20.531827926635742,20.751218089866377,20.433481557457675,20.736087435242474,93599300
2010-11-05,20.312442779541016,20.569658181639966,20.070358034727626,20.554527524354405,110953700
2010-11-08,20.282182693481445,21.840605857755925,20.108184452974943,20.183836301046156,71670800
2010-11-09,20.388086318969727,20.50912864207593,20.206521391372117,20.28217320404807,58538600
2010-11-10,20.380529403686523,20.486441119375655,20.28218157374184,20.43348526153109,52277300
2010-11-11,20.183837890625,20.214097766473213,19.881231917447383,20.183837890625,62073100
2010-11-12,19.87366485595703,20.062793753079717,19.745057148196047,20.024967107891793,64962200
2010-11-15,19.82070541381836,20.047659472176953,19.798009430807014,19.91905178765676,51794600
2010-11-16,19.645639419555664,19.820708216069345,19.52385331438391,19.820708216069345,65339200
2010-11-17,19.46295166015625,19.721747382222816,19.44772804078663,19.714135572538005,58299700
2010-11-18,19.66847801208496,19.851157199130952,19.493410639308195,19.56952587839018,59514000
2010-11-19,19.554298400878906,19.660860868150838,19.48579354283131,19.638025431533396,52423200
2010-11-22,19.584739685058594,19.592351495510446,19.364002989172448,19.523846653248167,53350500
2010-11-23,19.120431900024414,19.485790110723133,19.097596467429067,19.462954678127783,69742500
2010-11-24,19.31072425842285,19.379227657715987,19.15087912192664,19.181326367660997,56825900
2010-11-26,19.219383239746094,19.341169314427844,19.15849020240522,19.18893599517339,21356500
2010-11-29,19.265050888061523,19.348779351153443,18.975809350168955,19.17371206632888,56603600
2010-11-30,19.22699546813965,19.38683915020156,19.029092729535925,19.067150334273173,75282100
2010-12-01,19.820707321166992,19.980551032561166,19.455347570342777,19.462959383047952,74123500
2010-12-02,20.467693328857422,20.53619818436249,19.942491372391444,19.972937168279987,91759200
2010-12-03,20.566646575927734,20.597092373509607,20.38396743502222,20.406801420257437,52622000
2010-12-06,20.42963218688965,20.536194631772155,20.36873915384187,20.49813703054395,36264200
2010-12-07,20.452470779418945,20.65037207855443,20.43724715585325,20.612314471444833,57860500
2010-12-08,20.726490020751953,20.73410183300348,20.39918935296009,20.422024789714662,41666800
2010-12-09,20.612316131591797,20.81021889847132,20.559034896625153,20.764549475900587,47148300
2010-12-10,20.81021499633789,20.855884410345126,20.635147699473073,20.69604073541755,37625800
2010-12-13,20.741708755493164,20.893942061025882,20.680815723640954,20.756932376407313,47943900
2010-12-14,21.023344039916992,21.122294691569927,20.749324617178587,20.787382225090173,64070500
2010-12-15,21.198408126831055,21.304970574178434,20.95483598900593,20.95483598900593,69634200
2010-12-16,21.304977416992188,21.304977416992188,21.053793387708225,21.12991006817714,57680200
2010-12-17,21.236474990844727,21.381096555179152,21.122300682919693,21.25169861904942,87456500
2010-12-20,21.167970657348633,21.304980411086348,21.069019975096467,21.27453460570304,52811000
2010-12-21,21.365873336791992,21.41915458472532,21.129912902313635,21.19841777874366,38153000
2010-12-22,21.45720863342285,21.617052339807802,21.297363475233116,21.320198912633018,42252300
2010-12-23,21.540931701660156,21.556155323791035,21.282135932653258,21.289747743718696,24902500
2010-12-27,21.365873336791992,21.464825470215416,21.221251769683587,21.40393240803374,21652800
2010-12-28,21.320205688476562,21.441991823038375,21.28214661404772,21.289758428933485,23042200
2010-12-29,21.28974723815918,21.403922949624977,21.221242392001496,21.266913257309604,19502500
2010-12-30,21.198408126831055,21.312582384961026,21.145126903157365,21.251689350504744,20786100
2010-12-31,21.24407958984375,21.251691401360905,21.030953222777157,21.160351114959624,24752000
2011-01-03,21.297359466552734,21.449592783621824,21.25169005215381,21.350640691985564,53443800
2011-01-04,21.381086349487305,21.44197938143533,21.198407253643232,21.26691209606031,54405600
2011-01-05,21.312580108642578,21.32019191861218,21.13751283475462,21.23646346075085,58998700
2011-01-06,21.93674087524414,21.959576312301415,21.206024311068383,21.343034029802528,88026300
2011-01-07,21.769287109375,21.875849587268135,21.502879462837278,21.79973290942809,73762000
2011-01-10,21.48004150390625,21.61705121758338,21.343033242033822,21.51048875219215,57573600
2011-01-11,21.396312713623047,21.502875170243247,21.350641844953316,21.464817564823058,50298900
2011-01-12,21.73122787475586,21.76167512637593,21.365869566144216,21.403928630669302,52631100
2011-01-13,21.45720863342285,21.60944052734117,21.320198912633018,21.563771104346152,67077600
2011-01-14,21.540931701660156,21.60182473837916,21.24407832913057,21.37347621363402,62688400
2011-01-18,21.814950942993164,21.87584397929401,21.419145481135395,21.434369103161735,53322700
2011-01-19,21.670337677001953,21.830182865446968,21.518105754269378,21.662725863094565,50005900
2011-01-20,21.578990936279297,21.73122280343939,21.411533995057308,21.6931651996005,58613600
2011-01-21,21.32781219482422,21.63988926843787,21.32781219482422,21.617053829464353,58080300
2011-01-24,21.60183334350586,21.738843093652815,21.304979852724184,21.32781529501704,52047800
2011-01-25,21.655115127563477,21.655115127563477,21.403931080171436,21.41915325591866,42436600
2011-01-26,21.906295776367188,22.06613948545226,21.69316937911562,21.700781191710835,74628800
2011-01-27,21.974794387817383,22.423879588767104,21.685551398685384,21.883454114458754,146938600
2011-01-28,21.122289657592773,22.0204629275737,20.893941160935125,21.9976274971862,141249400
2011-01-31,21.107074737548828,21.236472659473062,20.8711143335005,21.137521990615674,65029000
2011-02-01,21.304977416992188,21.35825865777895,21.015735773376235,21.160355869281748,62810700
2011-02-02,21.26692008972168,21.39631801272397,21.22124920974091,21.25930827639155,45824000
2011-02-03,21.04618263244629,21.28975486074694,20.962455586346064,21.28975486074694,60340100
2011-02-04,21.137516021728516,21.190797247744822,20.93961328809329,21.08423479571221,40412200
2011-02-07,21.464815139770508,21.57137758435149,21.152738164808124,21.16034852358869,68980900
2011-02-08,21.525711059570312,21.57138047740078,21.350642296245066,21.3887013542743,34904200
2011-02-09,21.28974723815918,21.51048539840161,21.244077824655548,21.457204174013295,52905100
2011-02-10,20.9320068359375,21.26691935181787,20.772163116965782,21.25930753875185,76672400
2011-02-11,20.741708755493164,21.16795997845862,20.604699070874595,21.129902377977636,83939700
2011-02-14,20.726490020751953,20.75693726975805,20.51336508492822,20.711266396248902,56766200
2011-02-15,20.64226531982422,20.925561156299683,20.634609978101295,20.703519736693014,44116500
2011-02-16,20.688209533691406,20.726492090142514,20.36663109418998,20.711178483407704,70817900
2011-02-17,20.833681106567383,20.956188480596612,20.60398288358216,20.649922236102064,57207300
2011-02-18,20.718826293945312,20.83367537383529,20.665230154022343,20.772422433868286,68667800
2011-02-22,20.358966827392578,20.749454893665018,20.305370683854566,20.504443117271027,60889000
2011-02-23,20.358966827392578,20.565696061369525,20.236460939195585,20.313027484415052,60234100
2011-02-24,20.49679183959961,20.718833274141517,20.290062549919167,20.397254865878313,64494200
2011-02-25,20.32834815979004,20.63461446925054,20.290065601300473,20.60398725415009,53006300
2011-02-28,20.351314544677734,20.565700626807338,20.29771838924176,20.435537909154668,51379900
2011-03-01,20.029733657836914,20.50444511616702,20.02207685653,20.366625613413586,60055000
2011-03-02,19.968482971191406,20.190525853103914,19.937857222877845,19.991453377715846,48658200
2011-03-03,20.060359954833984,20.213491592882708,20.045046352913474,20.106299300210054,68271500
2011-03-04,19.86894989013672,20.0909913387798,19.754099303874366,20.075677732560038,70437200
2011-03-07,19.692848205566406,20.11396365420151,19.56268546113534,20.00676986089086,64980400
2011-03-08,19.838315963745117,19.922539309063936,19.639243531418604,19.731123677255987,50549800
2011-03-09,19.8230037689209,19.89191351809094,19.64690172565767,19.76175082081258,39789100
2011-03-10,19.455486297607422,19.68518449048319,19.409546951109366,19.616276200928855,66549500
2011-03-11,19.662214279174805,19.79237696951145,19.41720249980827,19.455485042689766,49905800
2011-03-14,19.669872283935547,19.723468431404733,19.40954688732622,19.51673918226459,54473400
2011-03-15,19.44017791748047,19.501430882727277,19.141569894450523,19.20282285969733,76067300
2011-03-16,18.980785369873047,19.35596004286208,18.8965619774354,19.310019214049078,100725400
2011-03-17,18.973129272460938,19.310019933999694,18.950158857198012,19.18751397336992,62497000
2011-03-18,18.988435745239258,19.279388410037956,18.988435745239258,19.187508236842103,85486700
2011-03-21,19.394235610961914,19.585651280813643,19.256416095006962,19.27938650112801,46878100
2011-03-22,19.371261596679688,19.493767485735553,19.317665452765922,19.371261596679688,30895600
2011-03-23,19.555025100708008,19.608621253419862,19.279386074892034,19.317668623861753,43969000
2011-03-24,19.761754989624023,19.807695805685746,19.524399948181603,19.600966514565354,38696700
2011-03-25,19.61628532409668,19.86895403792572,19.59331490997179,19.85364042850913,57029800
2011-03-28,19.455486297607422,19.69284129163045,19.432515894165647,19.646901945132395,48973200
2011-03-29,19.516740798950195,19.539711204219255,19.371264486350682,19.4018916933761,40763500
2011-03-30,19.608627319335938,19.692849245200435,19.524403933085356,19.60097051509624,41999300
2011-03-31,19.44017791748047,19.66222082924132,19.401895361845924,19.600967863994516,63233700
2011-04-01,19.50908851623535,19.547372533885145,19.378925776997946,19.547372533885145,63114200
2011-04-04,19.56268310546875,19.6469064771311,19.455490785451815,19.4861179971057,35433700
2011-04-05,19.73878288269043,20.04504763882048,19.708155676884648,19.76940862811066,73651100
2011-04-06,20.022077560424805,20.144583464871214,19.800036156260273,19.891914854402295,65581400
2011-04-07,20.060359954833984,20.106299300210054,19.884256453519036,20.05270315387373,46134700
2011-04-08,19.96082878112793,20.121618727068896,19.87660540656905,20.037395352510014,39887600
2011-04-11,19.891918182373047,20.09864747835732,19.754098651716866,20.052708121600535,34286300
2011-04-12,19.631593704223633,19.79238365145678,19.562683935464555,19.77707004498012,36920400
2011-04-13,19.62393569946289,19.80769604515986,19.570339540462026,19.63924930500194,38144700
2011-04-14,19.463146209716797,19.47845981445902,19.210477573013048,19.463146209716797,55239900
2011-04-15,19.42485809326172,19.57033291547888,19.279381810659252,19.493766374088878,65080400
2011-04-18,19.20282554626465,19.35595871099867,18.927186433897845,19.21813915481527,58045100
2011-04-19,19.25642204284668,19.271735651657377,19.04203736104136,19.14157289753867,38892400
2011-04-20,19.723468780517578,19.907227629544032,19.532053130233503,19.555023534006377,61608600
2011-04-21,19.539714813232422,19.82300922861436,19.417208883274956,19.74644411768035,46892300
2011-04-25,19.608627319335938,19.616284123575635,19.401897986022373,19.570343298137452,33525100
2011-04-26,20.05271339416504,20.244129134765046,19.65456830322433,19.70816447693054,69200000
2011-04-27,20.198184967041016,20.205841770645787,20.00676925807958,20.136931998588793,52689000
2011-04-28,20.450851440429688,20.573358824517253,20.213496395805755,20.259435752097463,80200000
2011-04-29,19.845979690551758,20.397256376816625,19.41720893456797,20.32834660848528,319317900
2011-05-02,19.646909713745117,19.9072352141456,19.50909015937003,19.861295849482595,89825600
2011-05-03,19.761754989624023,19.79238220033184,19.51674314550465,19.600966514565354,71892900
2011-05-04,19.95316505432129,20.098641343429254,19.746437281824615,19.792376624558834,73292300
2011-05-05,19.746442794799805,19.968484230327704,19.662219425951747,19.94551382235484,55600000
2011-05-06,19.807708740234375,20.07568970699195,19.71582850849839,19.960840512612027,55993000
2011-05-09,19.77707862854004,19.87661419306653,19.65457264432904,19.75410820885553,38696400
2011-05-10,19.65456199645996,19.792381519130174,19.332983597024715,19.43251910762779,120798700
2011-05-11,19.417211532592773,19.646909817506984,19.30236092974959,19.6392530132917,78600000
2011-05-12,19.386571884155273,19.440168018907837,19.2181266805922,19.40954228207143,77400000
2011-05-13,19.164541244506836,19.38658270677784,19.10328827625422,19.35595695284451,66812300
2011-05-16,18.812334060668945,19.19516544638996,18.758737900329738,19.110942074207866,91350900
2011-05-17,18.897111892700195,19.035834806408378,18.704441505874033,18.804629460241944,82882100
2011-05-18,19.028118133544922,19.066651603322004,18.689018013667557,18.904809266309087,53931100
2011-05-19,19.051244735717773,19.17455364896191,18.88169534749663,19.15143414645251,37783600
2011-05-20,18.873985290527344,19.166845014374704,18.835451812632776,19.051241640775086,45451500
2011-05-23,18.627363204956055,18.689017637332455,18.51946831578676,18.658189686165446,52692500
2011-05-24,18.611957550048828,18.719853957411996,18.527183586355676,18.650492506235057,47691800
2011-05-25,18.64278793334961,18.735268900276687,18.619666956638607,18.627373948875608,34904200
2011-05-26,19.012704849243164,19.290150545594773,18.742966141118842,18.76608710580071,78016600
2011-05-27,19.08207893371582,19.18997390056753,18.997303476927378,19.020424456949318,50251000
2011-05-31,19.274744033813477,19.31327751991537,19.035833186073532,19.236209077753312,60196300
2011-06-01,18.82774543762207,19.344101996036734,18.781504968647653,19.259326577951967,74033500
2011-06-02,18.665895462036133,18.997288565777023,18.635068982828216,18.8739797090303,51487800
2011-06-03,18.426992416381836,18.604248788092722,18.373044952814013,18.534887343517482,60697700
2011-06-06,18.504058837890625,18.689022179977925,18.319095495803328,18.41157643186799,54778700
2011-06-07,18.542593002319336,18.627368421813546,18.419284103032137,18.565713972169945,41112600
2011-06-08,18.450111389160156,18.511765836552552,18.388456941767757,18.41928343048497,42205000
2011-06-09,18.465518951416016,18.52717485224807,18.35762406487509,18.50405388943605,42878700
2011-06-10,18.27286148071289,18.511773854045167,18.257448964658074,18.511773854045167,49327200
2011-06-13,18.52718162536621,18.642783541772587,18.265149830867426,18.334511274702876,47572500
2011-06-14,18.665895462036133,18.84315322982238,18.642775970119576,18.727549890409495,42894500
2011-06-15,18.29597282409668,18.504057115813804,18.24202537141991,18.496350126866,49410200
2011-06-16,18.49635124206543,18.573419666232287,18.22661249246039,18.303680916627247,57184100
2011-06-17,18.696735382080078,18.72756188102515,18.480944009630736,18.665907413176544,83320400
2011-06-20,18.858579635620117,19.005009562178408,18.619668733310302,18.627375726282697,54338400
2011-06-21,19.08207893371582,19.15914739716362,18.804633053287223,18.897115503416316,49708700
2011-06-22,18.997295379638672,19.12060428061326,18.951054909262716,18.958761899318382,44287300
2011-06-23,18.98187828063965,18.997292258218334,18.650486582444763,18.835449903515563,59470400
2011-06-24,18.727554321289062,18.91251912012875,18.642780380941897,18.88939815278432,101387200
2011-06-27,19.421173095703125,19.621548978806853,18.6736111496724,18.6736111496724,92044200
2011-06-28,19.883573532104492,19.9760559189793,19.390338055325984,19.498232948381865,81032100
2011-06-29,19.744861602783203,19.81422158867443,19.544484226990836,19.81422158867443,66051000
2011-06-30,20.037721633911133,20.037721633911133,19.775689771871,19.837344241177,52535400
2011-07-01,20.053129196166992,20.16873110534628,19.91440631716864,19.983767756667817,52906200
2011-07-05,20.060842514038086,20.15332348257022,19.9606530831767,20.11478999067491,37805300
2011-07-06,20.292037963867188,20.32286592052584,20.00688524460618,20.014592233770845,48744200
2011-07-07,20.63115119934082,20.715925193908557,20.315171793325803,20.415359775981788,51946500
2011-07-08,20.74673843383789,20.79297889529958,20.43075925226043,20.45388021797016,58320700
2011-07-11,20.523237228393555,20.65425307535482,20.415342343822235,20.515531710887792,43999800
2011-07-12,20.453889846801758,20.64656024187732,20.299752942757923,20.461595369041337,47319300
2011-07-13,20.523237228393555,20.77756193485277,20.43075631874887,20.50011773596116,40861800
2011-07-14,20.399932861328125,20.81610145624969,20.31515892047801,20.515536228778256,46382300
2011-07-15,20.638851165771484,20.754453097152787,20.39993884163071,20.39993884163071,49132400
2011-07-18,20.4924259185791,20.731336826972047,20.238101023848895,20.523252421294977,44501900
2011-07-19,21.22456932067871,21.301636295093683,20.638851201383385,20.661970705724553,86730600
2011-07-20,20.85463523864746,21.078133517714626,20.792980794414778,21.024186062755767,49795400
2011-07-21,20.885465621948242,21.047308005625595,20.538658414128093,20.83922515089158,81737400
2011-07-22,21.21686363220215,21.23227614605666,20.561784019737363,20.700506934136776,76380600
2011-07-25,21.509723663330078,21.64844658861899,20.954833432132943,21.008780909754517,108482400
2011-07-26,21.640731811523438,21.69467926973908,21.409527999182682,21.440354488181054,74636500
2011-07-27,21.062728881835938,21.57137863986379,20.96254091675226,21.4866031902063,71488700
2011-07-28,21.36328887939453,21.633027676019747,20.97024117059062,21.03189709663815,83761400
2011-07-29,21.116676330566406,21.3555872238544,21.00878137294445,21.20915877278419,104394800
2011-08-01,21.016477584838867,21.340163761622534,20.615722990733797,21.20144090443556,61838400
2011-08-02,20.654260635375977,21.155204714147807,20.623434144196935,20.792983520576907,63883100
2011-08-03,20.74673843383789,20.8083928724394,20.407638286550704,20.67737700666647,64581200
2011-08-04,19.991470336914062,20.708204073670636,19.983763348674373,20.44617235335194,92949500
2011-08-05,19.791095733642578,20.114781933770672,19.444288565663225,20.014592543039793,112071700
2011-08-08,18.86627197265625,19.729435405569053,18.796910559745513,19.28244045012067,134257200
2011-08-09,19.714031219482422,19.744859182729723,18.519475572855256,19.043537718435598,126268900
2011-08-10,18.650493621826172,19.33639971342793,18.57342517480209,19.228504769569234,127819900
2011-08-11,19.413461685180664,19.5598900687317,18.80462277372006,18.88169119503832,90690100
2011-08-12,19.344104766845703,19.52906813919514,18.997297524966626,19.3672242696655,64787100
2011-08-15,19.660078048706055,19.714025498775914,19.382632339823605,19.45199376704422,56529400
2011-08-16,19.660085678100586,19.846216486459735,19.427421058224525,19.55926389905011,54251500
2011-08-17,19.582530975341797,19.931527168577016,19.334356562035055,19.582530975341797,50923700
2011-08-18,19.132709503173828,19.458438705694775,18.63636080570793,19.055154649385834,105714200
2011-08-19,18.65186882019043,19.093931000992637,18.543292922749007,18.93106567559484,77397900
2011-08-22,18.597583770751953,18.993112217824144,18.45023116674858,18.938824260640178,54721000
2011-08-23,19.171493530273438,19.194760439088334,18.63636794065813,18.63636794065813,59670600
2011-08-24,19.311084747314453,19.334351647361224,18.938823221980943,19.117198351298775,45329700
2011-08-25,19.055158615112305,19.512730720531216,19.00087064993313,19.45068712043557,48192000
2011-08-26,19.582530975341797,19.65233021398884,18.93882803611387,19.008627274760915,71957000
2011-08-29,20.040096282958984,20.05560754831968,19.6755904223967,19.79967758681091,38863200
2011-08-30,20.34256362915039,20.49767336292767,19.931525349341886,19.95479077394324,57341400
2011-08-31,20.629518508911133,20.714827540753703,20.36583281942781,20.389099725877355,59300800
2011-09-01,20.327058792114258,20.831164846789093,20.327058792114258,20.520945281070265,60510800
2011-09-02,20.009071350097656,20.16418102661195,19.90049546407895,19.99356156583463,43894400
2011-09-06,19.784164428710938,19.84620800498237,19.47394654735377,19.543745755563574,54929300
2011-09-07,20.16419219970703,20.16419219970703,19.83070724588022,19.92377339920439,41961000
2011-09-08,20.334808349609375,20.67604888233625,20.12541212836059,20.164188822863974,65811900
2011-09-09,19.96254539489746,20.303785904338334,19.776414611357705,20.16418744687452,64529200
2011-09-12,20.078874588012695,20.109897121238415,19.598037156900457,19.72987996463816,55046100
2011-09-13,20.195207595825195,20.31153913687776,20.016830988359747,20.102141475441666,48792300
2011-09-14,20.551959991455078,20.78462309777717,20.07887666546608,20.2960299828064,66739200
2011-09-15,20.931983947753906,20.963006494208678,20.404612491914225,20.73034183350718,67808300
2011-09-16,21.032798767089844,21.14913031923063,20.80788981761317,20.97850932880393,89681500
2011-09-19,21.102598190307617,21.180153057637153,20.62951631014595,20.784624565568965,52324900
2011-09-20,20.924222946166992,21.327507071258346,20.885446252277305,21.18015297185265,49211900
2011-09-21,20.156436920166016,20.986270761768754,20.140925647798255,20.978515125584874,72750700
2011-09-22,19.4351806640625,19.892752882807116,19.078430244966146,19.621311510447967,96278300
2011-09-23,19.4351806640625,19.50497991636161,19.148229497265252,19.311093433138858,64768100
2011-09-26,19.72987937927246,19.791922964647327,19.179241264739233,19.535992990071534,51057600
2011-09-27,19.90825653076172,20.102142939717623,19.73763702340545,19.900500896895174,55620700
2011-09-28,19.838457107543945,20.45113886377356,19.78416915025492,20.10989837322497,60736200
2011-09-29,19.737638473510742,20.296030839803368,19.458441550746418,20.148676743984865,63407300
2011-09-30,19.303329467773438,19.776412756078226,19.29557383428236,19.543749668289287,54060500
2011-10-03,19.024131774902344,19.652323219922465,19.01637614234214,19.171484355839286,64592500
2011-10-04,19.652332305908203,19.69110900740145,18.814742832221505,18.845763897568837,83485400
2011-10-05,20.078874588012695,20.2882722495789,19.512726669765527,19.7143686980253,94061300
2011-10-06,20.427875518798828,20.47440785039963,19.931526703760532,20.086634968841924,55111400
2011-10-07,20.358068466186523,20.55971046469321,20.319291784611828,20.427867676409438,52741600
2011-10-10,20.893203735351562,20.916469162049275,20.52869627190144,20.61400678108954,41815300
2011-10-11,20.939735412597656,20.994023378841423,20.722582068386448,20.83115948011012,38826200
2011-10-12,20.908714294433594,21.180155623350704,20.86218196009348,21.079335319074413,52489800
2011-10-13,21.079328536987305,21.094839803188812,20.64502343799549,20.753599342934503,43823500
2011-10-14,21.14912986755371,21.3275050089758,20.955243458381204,21.18015092381864,50947700
2011-10-17,20.924222946166992,21.26546347349322,20.82340265451218,21.025044717057856,39453300
2011-10-18,21.180152893066406,21.24995212519704,20.78462440407149,20.893201809183616,52487900
2011-10-19,21.040552139282227,21.30423776991928,20.947487492725553,21.226684390867344,42880000
2011-10-20,20.970752716064453,21.203415793076115,20.474402550278068,21.141372207257287,76300200
2011-10-21,21.06382179260254,21.087088696899556,20.784624857982674,21.05606615783687,76620600
2011-10-24,21.087080001831055,21.249943827046483,20.970748486786395,20.98625827068634,56897800
2011-10-25,20.792381286621094,21.11811056303556,20.722582050301124,21.00177899558099,53554600
2011-10-26,20.62176513671875,20.986271169016465,20.24174783175227,20.963005739249695,63029900
2011-10-27,21.13361930847168,21.249950862028918,20.668291615006762,21.040553178084313,74512400
2011-10-28,20.924222946166992,21.087088314822985,20.776870325997347,21.048310141697247,57712100
2011-10-31,20.652774810791016,20.93972727993526,20.64502065797019,20.753596548288545,46799000
2011-11-01,20.156436920166016,20.412366997288697,20.05561660824826,20.31154668537094,61182600
2011-11-02,20.17194366455078,20.319297760495346,19.931524913762505,20.241742895301574,53533100
2011-11-03,20.575223922729492,20.621756241427477,20.148672983751464,20.350315003757046,65836100
2011-11-04,20.358068466186523,20.474399990146186,20.164182099841888,20.458888725822074,36549200
2011-11-07,20.78462028503418,20.8001315511528,20.265004703946538,20.327048289185253,42589700
2011-11-08,21.06382179260254,21.09484433166523,20.699315834032447,20.947490229589622,47822500
2011-11-09,20.31930160522461,20.745851225646177,20.210724181714376,20.62176400955131,62950900
2011-11-10,20.381336212158203,20.551955689128018,20.257249050864583,20.5286887916721,32514400
2011-11-11,20.869932174682617,21.001774987096706,20.60624654985444,20.614002183435957,37903000
2011-11-14,20.75360679626465,20.939737619821372,20.668296280754205,20.846671468424862,34199200
2011-11-15,20.89425277709961,21.050530508297772,20.628581528287675,20.753603117096244,43874200
2011-11-16,20.370725631713867,20.714535768346693,20.347285013781512,20.683279623936894,53262800
2011-11-17,19.95659637451172,20.347289320070285,19.878457487324944,20.32384720680166,70977500
2011-11-18,19.769058227539062,19.925335968540356,19.651850666975587,19.909707896365227,47626200
2011-11-21,19.534639358520508,19.729985752105712,19.456500503011487,19.72217171751734,61882500
2011-11-22,19.370548248291016,19.503382359306066,19.261153259257092,19.448685609976422,49204500
2011-11-23,19.120506286621094,19.370550946112996,19.120506286621094,19.22990129089094,49099700
2011-11-25,18.987668991088867,19.276782311350793,18.987668991088867,19.050179777851618,26164600
2011-11-28,19.433055877685547,19.511193226688484,19.292406264881222,19.487752618137364,46766700
2011-11-29,19.409624099731445,19.565901861586042,19.339299255934396,19.393996025470948,40917100
2011-11-30,19.987844467163086,19.995658502351603,19.64403437074233,19.823754199328636,81350900
2011-12-01,19.75343132019043,20.026915126873025,19.690920522895127,19.972218365536506,48545400
2011-12-02,19.706544876098633,20.01910031760757,19.65966215602221,19.995658212381958,52293800
2011-12-05,20.081615447998047,20.15975283488802,19.92533769346786,20.1441262517351,56818400
2011-12-06,20.05035400390625,20.214445751849613,20.011285320782687,20.167561543651665,46175300
2011-12-07,20.003475189208984,20.128496788048572,19.800314718500903,20.058171952404425,62667000
2011-12-08,19.847190856933594,20.097233971607636,19.82375024641698,19.909701635602104,60522200
2011-12-09,20.081615447998047,20.21445109223617,19.92533769346786,19.9409657669959,53788500
2011-12-12,19.933141708374023,19.980024415011645,19.761237457119837,19.855002870395076,38945900
2011-12-13,20.128488540649414,20.39415970192182,20.042535667774693,20.120674507626767,54581100
2011-12-14,19.99565887451172,20.206633357403952,19.98003080384381,20.09723835310343,47926400
2011-12-15,19.97221565246582,20.222258807680607,19.95658907304597,20.097237230073215,46213900
2011-12-16,20.316030502319336,20.448866145987967,20.02691710479051,20.058173251712596,101408100
2011-12-19,19.948776245117188,20.409793899328122,19.894077997526605,20.331655036002143,52258300
2011-12-20,20.3394775390625,20.39417431904948,20.16757167010287,20.206641863218913,60767600
2011-12-21,20.128488540649414,20.464484508751244,19.878445445422308,20.323834895092393,64132500
2011-12-22,20.167560577392578,20.206630749018956,19.90970340615711,20.175374611717853,35794100
2011-12-23,20.3394775390625,20.347291577685706,20.10506085149268,20.245710565959477,23205800
2011-12-27,20.347280502319336,20.425417865268987,20.26132761462512,20.28476822736015,21287200
2011-12-28,20.175378799438477,20.433236024196308,20.128496074130226,20.401981370782465,29822500
2011-12-29,20.331653594970703,20.355094209044715,20.20663201866014,20.276956841631677,22616900
2011-12-30,20.284767150878906,20.409790203787832,20.245698471477397,20.316023286699785,27395700
2012-01-03,20.91769790649414,21.06616013317276,20.62077047238667,20.74579207926083,64731500
2012-01-04,21.409963607788086,21.464660357408814,20.925505405111938,20.956760051877506,80516100
2012-01-05,21.62875747680664,21.667826167575612,21.324017515758612,21.394340861067757,56081400
2012-01-06,21.964750289916992,22.027261080001033,21.511546689214008,21.511546689214008,99455500
2012-01-09,21.67563247680664,21.95693171926485,21.660004409920187,21.91786155204872,59706800
2012-01-10,21.75377655029297,21.996005683764935,21.683451722772908,21.824101377813033,60014400
2012-01-11,21.66000747680664,21.86316790397299,21.386523719442998,21.433406436366095,65582400
2012-01-12,21.878795623779297,21.89442369262906,21.60531038040712,21.777216157005178,49370800
2012-01-13,22.074140548706055,22.074140548706055,21.714703931257365,21.824097425198342,60196100
2012-01-17,22.081958770751953,22.386698699028166,22.01163394263054,22.19135228544088,72395300
2012-01-18,22.058521270751953,22.19135691934447,21.85536077935309,22.12103207653813,64860600
2012-01-19,21.972572326660156,22.222615578053812,21.902247475908773,22.003826987896694,74053500
2012-01-20,23.2149658203125,23.238407925210627,22.464836348069888,22.519533102457398,165902900
2012-01-23,23.2305965423584,23.40250235048732,22.93367063162427,23.089946877661987,76078100
2012-01-24,22.925853729248047,23.105572060389193,22.80083215189988,23.0274332019529,51703300
2012-01-25,23.09775733947754,23.168082160944,22.71487858392388,22.71487858392388,59231700
2012-01-26,23.05088233947754,23.207160104030862,22.972743457200878,23.13683525901939,49102800
2012-01-27,22.839900970458984,23.0743175471486,22.79301825127097,23.01180675810632,44187700
2012-01-30,23.136831283569336,23.14464531949189,22.527349894984823,22.636743417150647,51114800
2012-01-31,23.074317932128906,23.207153547356867,22.8399013515282,23.175897407126854,50572400
2012-02-01,23.35561752319336,23.48063911289673,23.254038040449966,23.27748014740994,67409900
2012-02-02,23.402502059936523,23.574406375556244,23.21496818241965,23.363431881130953,52223300
2012-02-03,23.629098892211914,23.75412046118859,23.51189135759311,23.550960039007826,41838500
2012-02-06,23.59783935546875,23.61346593057187,23.418119583226513,23.47281781239767,28039700
2012-02-07,23.71505355834961,23.824447066814802,23.480636981156625,23.558775840220953,39242400
2012-02-08,23.957286834716797,23.965100871015792,23.613476689436034,23.644732834632027,49659100
2012-02-09,24.043231964111328,24.066672575048756,23.816629455885842,23.97290715054994,50481600
2012-02-10,23.832260131835938,24.066675209113946,23.722866627822828,23.941653635849047,44605300
2012-02-13,23.894775390625,24.043239095554117,23.777567830049378,23.933844080691877,33319800
2012-02-14,23.792524337768555,23.957694861015653,23.477912745736166,23.85544665617503,59644000
2012-02-15,23.635215759277344,23.90263596455613,23.6194863061681,23.855444604855837,43311300
2012-02-16,24.610511779785156,24.815008154588455,23.831846159554267,23.83971163553688,94705100
2012-02-17,24.57905387878418,24.634110719442834,24.34309556162241,24.539727992652683,70036500
2012-02-21,24.728500366210938,24.862210508624482,24.500405976134477,24.524002413096888,50829900
2012-02-22,24.59477424621582,24.91725117427676,24.523986481501396,24.736349775644673,49253200
2012-02-23,24.673442840576172,24.846478873021198,24.382426126723463,24.539732701809253,35034700
2012-02-24,24.75994873046875,24.775679680786904,24.571181827208882,24.75994873046875,35575400
2012-02-27,24.657705307006836,24.775684456763695,24.461072890683315,24.57118656376488,34568400
2012-02-28,25.066701889038086,25.11389325040221,24.68130102064103,24.704897451416254,45230600
2012-02-29,24.964452743530273,25.168950647564095,24.862204541606545,25.082431899653457,59323600
2012-03-01,25.397052764892578,25.475704559617085,25.05097916739483,25.113901503286527,77344100
2012-03-02,25.23187828063965,25.51502649793733,25.168954454324712,25.412779780735328,47314200
2012-03-05,25.011642456054688,25.208274870017966,24.870068378157587,25.176812963694438,45240000
2012-03-06,24.822879791259766,25.153222363585066,24.7678229459033,24.807150335576864,51932900
2012-03-07,25.043106079101562,25.106028395875732,24.79928228912495,24.909395968433156,34340400
2012-03-08,25.17681312561035,25.33411965786714,25.090295883036763,25.200411055691024,36747400
2012-03-09,25.161090850830078,25.29480099133911,25.10603399888872,25.247608118086486,34628400
2012-03-12,25.200407028198242,25.326251633816863,25.027369570333114,25.145348700577316,34073600
2012-03-13,25.6959285736084,25.711659530539496,25.28693569489279,25.357723500896117,48951700
2012-03-14,25.77457618713379,25.861094925996543,25.554348852117627,25.585807756853928,41986900
2012-03-15,25.837499618530273,25.908287412021014,25.625139238430762,25.790309756451588,49068300
2012-03-16,25.64086151123047,25.916148647312067,25.562209758276897,25.884686745981817,65626400
2012-03-19,25.32625389099121,25.648730909152587,25.28692801080028,25.593674076810817,44789200
2012-03-20,25.161090850830078,25.286937012650373,24.964458379504254,25.247608118086486,41566800
2012-03-21,25.098161697387695,25.28693013871041,25.027373906938248,25.13748758088792,37928600
2012-03-22,25.16895294189453,25.23974074205853,25.003782408302868,25.019511863749813,31749500
2012-03-23,25.17681312561035,25.255467891925022,24.948720304042904,25.24760091510728,35912200
2012-03-26,25.633005142211914,25.648736097544912,25.286933126004758,25.318392036297816,36758300
2012-03-27,25.57794761657715,25.71952321042542,25.483564887469253,25.680197323328205,36274900
2012-03-28,25.31838607788086,25.719517843537822,25.20040844120758,25.577942279232097,41344800
2012-03-29,25.26333236694336,25.318389204263905,25.019508587301104,25.216142506595812,37038500
2012-03-30,25.373449325561523,25.491429992445344,25.200414814604386,25.48356601482715,31749400
2012-04-02,25.397052764892578,25.530761415998967,25.129632462306155,25.341995908510697,35853600
2012-04-03,25.121753692626953,25.318384575601343,24.90152488342032,25.29478964974115,42752100
2012-04-04,24.547588348388672,24.925123700413195,24.42174373110922,24.901527272103486,49455900
2012-04-05,24.791412353515625,24.877929585904365,24.421742496285756,24.500395753155054,50368600
2012-04-09,24.46106719970703,24.697025444324005,24.358817526903323,24.55544989747945,31056400
2012-04-10,23.96555519104004,24.53185743525487,23.831845105621102,24.429607752188932,54131300
2012-04-11,23.871177673339844,24.012753265171792,23.77679344538974,23.934099991911108,43014000
2012-04-12,24.366683959960938,24.413876810888922,23.92622785260168,23.973419203343674,38304000
2012-04-13,24.23297691345215,24.508262577550614,24.16218912839294,24.295899222372984,39749200
2012-04-16,24.44533920288086,24.531857936444847,24.20151545396594,24.3745514209078,38124800
2012-04-17,24.728500366210938,24.862210508624482,24.53973337107183,24.594790223797393,34361500
2012-04-18,24.492530822753906,24.626240912352817,24.413879064319595,24.602645984896977,40552900
2012-04-19,24.390289306640625,24.917264333266413,24.335232460605873,24.48467204264691,54781200
2012-04-20,25.499290466308594,25.868960371401574,25.208275328454853,25.286930095694096,106045000
2012-04-23,25.26333236694336,25.562214484092465,25.192544576049432,25.412774925704216,61398200
2012-04-24,25.106027603149414,25.577945714147994,25.03523981149031,25.334120431683832,40871100
2012-04-25,25.32625389099121,25.420636603523914,25.066699181247028,25.106025061437958,62495500
2012-04-26,25.25546646118164,25.349849175039836,25.106025414022277,25.26333043718133,40308100
2012-04-27,25.153215408325195,25.341983826187803,25.074562150913458,25.26332906858996,41419100
2012-04-30,25.184680938720703,25.25546873056824,25.106027669980516,25.1532190311501,35697200
2012-05-01,25.17681312561035,25.43636935388994,25.1296232661941,25.208275032136218,43832300
2012-05-02,25.011642456054688,25.1138921514199,24.88579783113309,25.0509698389591,37385300
2012-05-03,24.980188369750977,25.090302069368896,24.862209191562258,25.074571112227297,31501300
2012-05-04,24.366683959960938,24.830736492784187,24.319492609218944,24.7363537913002,57927200
2012-05-07,24.107139587402344,24.272311635896205,24.04421725944912,24.146466979989757,48641400
2012-05-08,23.98915672302246,24.209385587104197,23.7296019725841,23.97342576840525,46328300
2012-05-09,24.19365119934082,24.248708032501938,23.674541772127167,23.745329557673227,50309300
2012-05-10,24.17792510986328,24.398153986988582,23.949832255150014,24.272309342970264,43839200
2012-05-11,24.508268356323242,24.807150519309875,24.13859989177297,24.13859989177297,43459300
2012-05-14,24.130733489990234,24.413884686151135,24.099271579222812,24.240847177303262,40528900
2012-05-15,23.916980743408203,24.384078483086892,23.86947971344967,24.25740806317713,61822800
2012-05-16,23.671554565429688,24.00406476109254,23.544884158513394,23.996147671906478,60083700
2012-05-17,23.529041290283203,23.916969456946653,23.521124204021117,23.742798089270146,48484000
2012-05-18,23.172786712646484,23.600298897336145,23.093617342139467,23.584466231258858,56205300
2012-05-21,23.552797317504883,23.58446566896472,23.006530335063566,23.038198686523405,38787900
2012-05-22,23.56072235107422,23.655724417432356,23.35488252725743,23.505304227360202,39504900
2012-05-23,23.046117782592773,23.275707310562247,22.674022170666376,23.236123377818274,65171000
2012-05-24,23.014446258544922,23.196534740136148,22.769022587268488,23.085698535694537,52575000
2012-05-25,23.00652503967285,23.244033090864292,22.96694111948916,23.117362734240764,29507200
2012-05-29,23.402372360229492,23.529042728103892,23.13319745098891,23.259867818863313,37758800
2012-05-30,23.22820472717285,23.33904093942646,23.05403332077002,23.236121815195276,41585500
2012-05-31,23.109447479248047,23.29153594256822,22.911524842587895,23.1965324125582,39134000
2012-06-01,22.52359962463379,22.927360527811434,22.515682536920295,22.76902330363179,56634300
2012-06-04,22.602773666381836,22.784863713556348,22.420685129237818,22.658193295540464,47926300
2012-06-05,22.571102142333984,22.76110773000694,22.476098593482412,22.571102142333984,45715400
2012-06-06,23.236116409301758,23.251950581662772,22.808602815733124,22.864020908966882,46860500
2012-06-07,23.1411190032959,23.513214602006716,23.093617983684158,23.465712072364788,37792800
2012-06-08,23.473623275756836,23.49737453462331,22.998608668635942,23.12527902919754,42551100
2012-06-11,22.87986183166504,23.600300276317313,22.816526633564735,23.536965078217012,46361900
2012-06-12,23.188617706298828,23.196533283236047,22.83235634292639,23.038196073982693,35337900
2012-06-13,23.06195068359375,23.30737590119254,22.99861548454283,23.133202971279818,32984600
2012-06-14,23.22820472717285,23.32320676338162,22.864026228292204,23.22028763915043,39458900
2012-06-15,23.766559600830078,23.8140606288645,23.346962908106388,23.426132294850728,62314400
2012-06-18,23.62405014038086,23.77447179320672,23.521129505804687,23.742803441020165,58679900
2012-06-19,24.30490493774414,24.62949800185476,23.790304778028613,23.9011425021365,75725800
2012-06-20,24.486989974975586,24.581991999323392,24.257398981080136,24.486989974975586,36257100
2012-06-21,23.86155891418457,24.653249670567924,23.798223714075114,24.510745092814076,48456600
2012-06-22,24.30490493774414,24.32865469217213,23.77447211175334,23.988227451756075,45098100
2012-06-25,23.647808074951172,24.00406807736075,23.44988534804677,23.98823389680106,42217200
2012-06-26,23.766559600830078,23.964482312675703,23.703224393440696,23.750725421475117,38421300
2012-06-27,23.885311126708984,24.146569026264068,23.774474899634203,23.901145304871193,33781700
2012-06-28,23.679471969604492,23.79030819962302,23.291543654509262,23.734890084613756,45328400
2012-06-29,24.217819213867188,24.296988587769484,23.86155778632195,24.106982996422094,55227200
2012-07-02,24.194067001342773,24.241569529842266,23.91697495854967,24.241569529842266,30589100
2012-07-03,24.352399826049805,24.352399826049805,23.885302312839773,23.932803319767803,20938100
2012-07-05,24.30490493774414,24.36824013293572,24.051562646947655,24.217818478094404,28801900
2012-07-06,23.901147842407227,24.304910368228153,23.71114221437923,24.23365806896384,38294800
2012-07-09,23.75072479248047,23.932813320148853,23.576553354279895,23.845728356063773,30680800
2012-07-10,23.544876098632812,23.924887189296314,23.36278763977695,23.814050998693588,37534100
2012-07-11,23.196537017822266,23.54488135031014,23.04611687131879,23.521130085584765,39184900
2012-07-12,22.666099548339844,23.101530252367343,22.594848788802125,23.07777899250152,63523600
2012-07-13,23.267784118652344,23.339036386925557,22.737351404857225,22.769019750769697,39085000
2012-07-16,23.307373046875,23.37862532583522,22.99069709040185,23.33903988750728,27900600
2012-07-17,23.481552124023438,23.639890909052696,23.117375032498934,23.4657179435144,33771300
2012-07-18,24.106985092163086,24.106985092163086,23.32320988342606,23.43404762053704,41090400
2012-07-19,24.281152725219727,24.38407184712622,24.051561707845856,24.154482339782454,46663200
2012-07-20,23.84572410583496,24.581995174744375,23.790304489438206,24.542411244491124,64021700
2012-07-23,23.18070411682129,23.41821072155113,22.966947266546327,23.410293633389447,55151900
2012-07-24,23.07778549194336,23.244041337767325,22.879862800743105,23.149037781577874,47723300
2012-07-25,22.82444953918457,23.220295005705307,22.784865596544744,23.149042700929126,45579500
2012-07-26,23.0856990814209,23.354874021453615,23.030280977890055,23.14111718495174,45301400
2012-07-27,23.56072235107422,23.631974655858134,23.101541670261568,23.339048346187532,44242600
2012-07-30,23.465707778930664,23.608212321722537,23.32320323613879,23.55279422397679,28905000
2012-07-31,23.331125259399414,23.52113085331362,23.22028904045702,23.339042347899618,37620900
2012-08-01,23.283618927001953,23.473624477572358,23.12528021317834,23.426123467437225,31721800
2012-08-02,23.109447479248047,23.37862238590825,22.93527459256799,23.12528014255815,39520500
2012-08-03,23.552797317504883,23.70321896687889,23.33904047524131,23.378625914566108,35859400
2012-08-06,23.711143493652344,23.837813919171847,23.60030573879984,23.750727435365718,27471800
2012-08-07,23.956558227539062,24.02781050379983,23.647799370429077,23.80613658765188,28002900
2012-08-08,24.01197624206543,24.1228124447228,23.837804850742415,23.91697270405196,26257600
2012-08-09,24.146568298339844,24.265321610915784,23.98822954155173,24.05948183110335,24920800
2012-08-10,24.083232879638672,24.241571634993566,23.94864539059609,24.14656807977457,27810300
2012-08-13,24.059471130371094,24.11488921759,23.877382698071937,24.027804299115843,23049100
2012-08-14,24.011659622192383,24.218862980024934,23.916028238597935,24.147138682312377,34551400
2012-08-15,24.067447662353516,24.13120242818619,23.92399905922162,23.99572336078757,24351000
2012-08-16,24.529674530029297,24.65718408475053,24.115267717168397,24.194961568877616,35787200
2012-08-17,24.625307083129883,24.641246158220945,24.37825749935385,24.641246158220945,32589900
2012-08-20,24.497793197631836,24.58545657512274,24.370283659481572,24.56154796670697,23737700
2012-08-21,24.545616149902344,24.673125725743336,24.39419947861244,24.513739515959116,28822700
2012-08-22,24.338411331176758,24.513736597073386,24.282624568359143,24.378257498869765,33437400
2012-08-23,24.115266799926758,24.226837276055726,23.971818176313096,24.21886773918455,28355600
2012-08-24,24.354347229003906,24.410132467991662,24.051512423055897,24.107297662043653,22943300
2012-08-27,24.457948684692383,24.67312009479595,24.378254837971134,24.649213004803162,34691100
2012-08-28,24.410133361816406,24.545612455761972,24.3224714916402,24.465920122880664,23947900
2012-08-29,24.42607307434082,24.505766929337305,24.25871734687867,24.42607307434082,23346800
2012-08-30,24.1630802154541,24.394192202755292,24.0833863743146,24.33043743385041,23982100
2012-08-31,24.561548233032227,24.673118700115086,24.21089623930002,24.38622299618293,36590100
2012-09-04,24.2188663482666,24.43403927132946,24.027602034444165,24.266683566747446,48556700
2012-09-05,24.2188663482666,24.33043833802159,24.075417732891363,24.083387269304836,33650000
2012-09-06,24.983922958374023,24.991892494096824,24.274649479380038,24.306527622271236,48371700
2012-09-07,24.66514778137207,24.760779164751185,24.489821045121307,24.736872078923124,42649100
2012-09-10,24.481857299804688,24.625305928832457,24.314501579294816,24.5695206886625,40524000
2012-09-11,24.537641525268555,24.63327292138581,24.394192911059033,24.45794768181508,25191800
2012-09-12,24.529674530029297,24.84844841683238,24.489826844157793,24.65718408475053,32775800
2012-09-13,24.65718650817871,24.84845085905895,24.226840578672718,24.61733881839078,45047300
2012-09-14,24.872350692749023,24.904228835274253,24.553576867664212,24.712964540223368,51422800
2012-09-17,24.872350692749023,24.91219837090556,24.73687314711729,24.856413141519905,36488500
2012-09-18,24.848445892333984,24.872352981394236,24.72890588693182,24.78469112145059,34542700
2012-09-19,24.744850158691406,24.856422178058157,24.736882140196826,24.776728312805922,48871900
2012-09-20,25.063623428344727,25.087530521806325,24.63327750562896,24.665155656956316,45543000
2012-09-21,24.856416702270508,25.19112964656649,24.776722854574565,25.04768102472054,102348900
2012-09-24,24.529674530029297,24.76078502794886,24.418102529622875,24.704999787762546,46825900
2012-09-25,24.2188663482666,24.70499742925299,24.194959259059825,24.66515126721927,54266400
2012-09-26,24.043546676635742,24.3862292216247,23.9399457193301,24.13121007745636,54672000
2012-09-27,24.035572052001953,24.22683636965312,23.82039912463176,24.04354158857496,47129900
2012-09-28,23.7168025970459,24.115270379549962,23.700863520937585,24.05151559515067,54229300
2012-10-01,23.501619338989258,23.89211741245107,23.4458341170709,23.756638364920786,54042700
2012-10-02,23.637109756469727,23.820404579522542,23.50960018216916,23.653048833265803,43338900
2012-10-03,23.796493530273438,23.900094472165282,23.6450753659388,23.708830142495422,46655900
2012-10-04,23.931968688964844,23.931968688964844,23.56537764396179,23.884151474377365,43634900
2012-10-05,23.78852081298828,24.107294653155524,23.7008574369297,24.091355581138767,41133900
2012-10-08,23.732738494873047,23.844308972621832,23.549442184242356,23.621166497090503,29752000
2012-10-09,23.334274291992188,23.700863928584848,23.254580430113872,23.653048219471454,45121100
2012-10-10,23.095186233520508,23.358174839987917,23.071279145681192,23.230665304733026,47227100
2012-10-11,23.0712890625,23.31036916385923,23.007534267468593,23.286460545709623,41488500
2012-10-12,23.270519256591797,23.366150673791587,22.951743812501906,23.08722292022992,46464700
2012-10-15,23.517560958862305,23.68491664276899,23.31035759781108,23.405990502924514,42440200
2012-10-16,23.501619338989258,23.700853143002426,23.366140291458972,23.469742720764465,47739400
2012-10-17,23.58131980895996,23.621165972976478,23.182852088659903,23.35020780156974,44206100
2012-10-18,23.509597778320312,23.69289258263129,23.31833343642618,23.629137801999914,59238500
2012-10-19,22.824228286743164,23.17488027171666,22.71265782244715,23.150971663638842,90470800
2012-10-22,22.314189910888672,22.975646193874386,22.178710839914075,22.895952354471643,83374000
2012-10-23,22.354032516479492,22.47357401659434,22.12292209099297,22.130891625669513,64414800
2012-10-24,22.23450469970703,22.473586310692184,22.21059760263242,22.44170815454717,53320400
2012-10-25,22.218563079833984,22.473583739717316,22.20262552361888,22.46561420159278,54084300
2012-10-26,22.481544494628906,22.585146936742795,22.186679279453802,22.202618350553397,57790000
2012-10-31,22.744543075561523,23.015499784965566,22.71266492149396,22.752511094044365,69464100
2012-11-01,23.525529861450195,23.55740648227488,22.967674556700732,22.983613627129785,72047900
2012-11-02,23.509597778320312,23.724770732963915,23.3741186794744,23.581322096534848,57131600
2012-11-05,23.61319351196289,23.700856885983665,23.37411351740346,23.605225496173308,38070800
2012-11-06,23.796493530273438,24.067451710647518,23.59725966352978,23.764615381978242,43401500
2012-11-07,23.174880981445312,23.772582521393215,23.15097237263529,23.5335025134275,57871800
2012-11-08,22.95970916748047,23.40599409988218,22.95173963082683,23.206760243642243,49841800
2012-11-09,22.97565269470215,23.262549989714525,22.95971361830502,23.015498865660984,43291200
2012-11-12,22.489517211914062,23.1190969291174,22.481547675236765,23.063311692410004,61112300
2012-11-13,21.766380310058594,21.9351112038072,21.49319564468313,21.71013667880906,131689200
2012-11-14,21.565505981445312,21.92707431563513,21.533365892840095,21.88689920487861,76086100
2012-11-15,21.42087745666504,21.66995699941035,21.396772391551487,21.59764333659337,50955600
2012-11-16,21.308391571044922,21.453018905863473,21.16376423622637,21.428913839219117,64083300
2012-11-19,21.477127075195312,21.533370710313566,21.268221050096,21.533370710313566,57179300
2012-11-20,21.461057662963867,21.533371348121836,21.26018665586376,21.501232783898384,47070400
2012-11-21,21.653892517089844,21.830658429904318,21.42891646507908,21.461055025352632,66360300
2012-11-23,22.25650978088379,22.312753421663704,21.85476773814238,21.87887127989133,57845700
2012-11-26,22.00742530822754,22.16008769066544,21.830659387658,22.127949128981903,85198700
2012-11-27,21.758344650268555,21.999389215009,21.72620609014768,21.983320701210545,45018600
2012-11-28,21.98332405090332,22.007427591535745,21.509268339825784,21.702104327506177,53018400
2012-11-29,21.653892517089844,21.98332080564462,21.581578840819382,21.782449823232,69551400
2012-11-30,21.388744354248047,21.798519837962246,21.284290577988287,21.734241180465503,83690200
2012-12-03,21.2360782623291,21.54943647137963,21.211973195277594,21.517297914501434,53173800
2012-12-04,21.1878719329834,21.39677640640458,21.16376686334681,21.29232416969399,49777500
2012-12-05,21.428916931152344,21.637822941307995,21.09948863543259,21.19590585087427,68283800
2012-12-06,21.477127075195312,21.677998076345716,21.380709852856622,21.541405734262476,39182300
2012-12-07,21.26017951965332,21.54943416319374,21.187867391291864,21.54943416319374,46162100
2012-12-10,21.645862579345703,21.669966122082734,21.308399188308265,21.340537756132417,47031100
2012-12-11,21.95118522644043,22.087777583868032,21.73424415302172,21.73424415302172,52282800
2012-12-12,21.886903762817383,22.19222853805561,21.758346446672057,22.11991485615835,43966300
2012-12-13,21.782447814941406,22.11187607312367,21.65389052065193,21.951178688999907,45080100
2012-12-14,21.541410446166992,21.79852513867616,21.453028228444747,21.782456619787673,42077500
2012-12-17,21.774412155151367,21.87082935678445,21.436948884388,21.52533259632148,42046100
2012-12-18,22.144020080566406,22.200263719095375,21.80655671686839,21.89494045314203,50486900
2012-12-19,21.943143844604492,22.28060712798376,21.894935241985696,22.24846857041251,53519900
2012-12-20,22.240428924560547,22.240428924560547,21.814582014468442,21.983314387344002,52607300
2012-12-21,22.055635452270508,22.087774013958022,21.694067055010713,22.055635452270508,98776500
2012-12-24,21.742277145385742,21.894939538245406,21.694068533307377,21.85476595026746,20842400
2012-12-26,21.58158302307129,21.85476773469429,21.453025692016265,21.71817537888279,31631100
2012-12-27,21.66193389892578,21.76638770604493,21.3485755426174,21.605690248565256,39394000
2012-12-28,21.33249855041504,21.61371824325501,21.33249855041504,21.461055861566336,28239900
2012-12-31,21.461057662963867,21.50926780808529,21.18787450322995,21.364640437769346,42749500
2013-01-02,22.192228317260742,22.280610513403765,21.814589863882457,21.894938568804907,52899300
2013-01-03,21.894941329956055,22.21633465765239,21.822627639658844,22.200264608136504,48294400
2013-01-04,21.485166549682617,21.96725735881096,21.477131524069293,21.911013712042134,52521100
2013-01-07,21.44498062133789,21.597641422623965,21.404805516375593,21.509259256754014,37110400
2013-01-08,21.33249855041504,21.525336049666016,21.26018487132693,21.493195955616176,44703100
2013-01-09,21.453020095825195,21.493193676603692,21.34053131110244,21.469088608622272,49047900
2013-01-10,21.26017951965332,21.67799144198423,21.12358875189662,21.412841862913393,71431300
2013-01-11,21.55747413635254,21.637822837183293,21.11555858056939,21.284289473042374,55512100
2013-01-14,21.605680465698242,21.758342827927272,21.5012282383987,21.613715488186493,48324400
2013-01-15,21.862796783447266,21.9270769684345,21.557473567377716,21.557473567377716,48244500
2013-01-16,21.726205825805664,21.87886666643934,21.702100756615316,21.8145880144557,41077400
2013-01-17,21.894941329956055,22.07170727705797,21.742278924603692,21.84673271393267,51685900
2013-01-18,21.894941329956055,21.927081428987822,21.72621040761208,21.774419023635463,52167700
2013-01-22,21.81458854675293,22.0556346469663,21.694066262908237,21.935110830597623,58650600
2013-01-23,22.184194564819336,22.20829810491051,21.854766235030514,21.854766235030514,50387700
2013-01-24,22.200260162353516,22.553793518283683,22.071702857019627,22.256505324395558,101739300
2013-01-25,22.40113639831543,22.682356144397737,22.007429366809927,22.160091777401636,81847700
2013-01-28,22.425241470336914,22.682356141282806,22.30471915989657,22.505590188138587,56056500
2013-01-29,22.505584716796875,22.602001928699394,22.176156433169353,22.35292234333994,49242600
2013-01-30,22.377029418945312,22.65021409803664,22.304715737272662,22.505586734691338,43580500
2013-01-31,22.055635452270508,22.473445949352442,22.015460334506063,22.328820122972566,50530000
2013-02-01,22.441307067871094,22.53772428408371,22.135982307308428,22.232401056045063,55565900
2013-02-04,22.047597885131836,22.513618469767273,22.031527839880024,22.393096195426427,50540000
2013-02-05,22.0958194732666,22.22437684578181,21.983332155446988,22.19223826891539,35410400
2013-02-06,21.96725082397461,22.127948223387808,21.89493714749107,21.999389384342862,41889600
2013-02-07,21.919044494628906,22.007426694217816,21.774417126634514,21.97528813051025,38028300
2013-02-08,22.135974884033203,22.26453215088783,21.943138983751258,21.97527906672667,33318500
2013-02-11,22.38505744934082,22.43326604455352,22.0958028130174,22.216325067310954,32247700
2013-02-12,22.40113639831543,22.49755516619554,22.296684137925936,22.40113639831543,35990900
2013-02-13,22.52165985107422,22.58593851770579,22.401136010181258,22.441311134653677,41715600
2013-02-14,22.529693603515625,22.545762119872762,22.393101253072583,22.433274842751743,32663200
2013-02-15,22.505584716796875,22.626106997937,22.4011309492912,22.52968978603448,49650900
2013-02-19,22.72431755065918,22.75672373716486,22.521783520634724,22.58659434843407,38781400
2013-02-20,22.578502655029297,22.84584761122563,22.546096456599393,22.7891367639733,44110200
2013-02-21,22.27064323425293,22.473177277720357,22.06000764362135,22.473177277720357,49078500
2013-02-22,22.489383697509766,22.489383697509766,22.262544979007682,22.42457285582522,31425900
2013-02-25,22.173429489135742,22.724320832380872,22.173429489135742,22.6595099952219,48011800
2013-02-26,22.173429489135742,22.359760452816253,22.149124845746538,22.1815294917199,49923300
2013-02-27,22.529888153076172,22.6838144696367,22.14102313301905,22.21393551743129,36394700
2013-02-28,22.521785736083984,22.659508951856814,22.47317799675598,22.586596570258717,35840200
2013-03-01,22.6433162689209,22.66761937549546,22.294957319366304,22.456983695643544,34849700
2013-03-04,22.805334091186523,22.805334091186523,22.44077372239544,22.5622938453258,38157500
2013-03-05,22.967363357543945,23.121289680122796,22.813437034965094,22.918755614439362,41432200
2013-03-06,22.75673484802246,22.87015346574436,22.50559296083278,22.853950364580438,51448500
2013-03-07,22.79722785949707,22.910647956778288,22.6919108533201,22.77292476703186,29196700
2013-03-08,22.683815002441406,22.951159903161688,22.65140881073603,22.886349064963202,37667800
2013-03-11,22.578502655029297,22.659515060678874,22.416474753304968,22.635211957069036,36627500
2013-03-12,22.61090850830078,22.643314708450614,22.392171292927426,22.554199203251247,39255200
2013-03-13,22.61901092529297,22.70002488356003,22.481287659802785,22.578504718765803,29093400
2013-03-14,22.79722785949707,22.8134309512818,22.627100031393066,22.683809307427733,55914800
2013-03-15,22.716224670410156,22.813440169978634,22.667615375413412,22.708123121244032,92710300
2013-03-18,22.76483154296875,22.910656331914723,22.529891261841914,22.586600558607028,44809400
2013-03-19,22.82964324951172,22.862047900937025,22.708123102544935,22.781035499767505,51901600
2013-03-20,22.943058013916016,23.080781236190447,22.82963943505904,22.959261109527652,35447800
2013-03-21,22.77293586730957,22.97546997770482,22.724326568261613,22.77293586730957,34233200
2013-03-22,22.8863525390625,22.959264936255273,22.764832392145376,22.837744789338153,28720900
2013-03-25,22.813438415527344,22.967364747421097,22.651410535090513,22.926857004705695,44154000
2013-03-26,22.813438415527344,22.959263198878016,22.77293221802433,22.8782492586596,27824300
2013-03-27,22.983566284179688,23.04837712291201,22.74862602801734,22.797233770763512,36047400
2013-03-28,23.178003311157227,23.218509513793425,22.89445525706608,22.943063009272038,55453800
2013-04-01,23.178003311157227,23.218509513793425,22.97546920755106,23.20230641465391,29201100
2013-04-02,23.331920623779297,23.372428358618116,23.10508348953024,23.161792773092504,28456500
2013-04-03,23.137489318847656,23.453443485946543,23.121287769293282,23.291415628705465,35062800
2013-04-04,23.169897079467773,23.177998627400388,22.90255217854059,22.99976766330742,45263200
2013-04-05,23.25090789794922,23.31571872751318,22.772927450460475,22.862041375353385,50927300
2013-04-08,23.16179656982422,23.275215155540568,23.06457953548711,23.275215155540568,34759500
2013-04-09,23.988140106201172,24.158268014227723,23.234712981597625,23.275219184876534,77733800
2013-04-10,24.530929565429688,24.563334216356655,23.915225745692553,23.955731945654378,71116700
2013-04-11,23.445344924926758,23.65598054808512,23.275215498632083,23.574966609145388,130923200
2013-04-12,23.32382583618164,23.510156822459187,23.218507247268295,23.372433583642646,62886300
2013-04-15,23.24281120300293,23.47774992976086,23.096986419740304,23.210405008850177,56332900
2013-04-16,23.469642639160156,23.607365840189352,23.25090706299426,23.412933358479663,52797300
2013-04-17,23.35623550415039,23.526364974634717,23.1699044778398,23.372438605189426,52840700
2013-04-18,23.32382583618164,23.477750627343564,23.08888555723066,23.453447526219275,56906600
2013-04-19,24.117759704589844,24.49852323587994,23.988138011162896,23.99623956015364,99790700
2013-04-22,24.97650718688965,25.260055259053964,24.52283119855436,24.54713430360011,137904000
2013-04-23,24.790178298950195,25.033218641550437,24.611947272178057,24.871192261554548,59126900
2013-04-24,25.72993278503418,25.859554488115453,24.790174665088657,24.80637776427696,90946600
2013-04-25,25.87575340270996,26.604875750932536,25.551699197412407,25.689420882603073,110700200
2013-04-26,25.754228591918945,25.908153345724905,25.47878218113388,25.843342516435012,47799300
2013-04-29,26.418550491333008,26.475259796376825,25.738035740381846,25.762338845279096,59116400
2013-04-30,26.815521240234375,26.82362433718,26.151209450288636,26.378049808376296,75165200
2013-05-01,26.50766372680664,26.799313322302567,26.410445134691276,26.677791627370905,54330900
2013-05-02,26.864118576049805,26.872218578958893,26.2403132776131,26.434747342101982,46059500
2013-05-03,27.13146209716797,27.155765193694172,26.799306386137992,26.920824959193283,46784600
2013-05-06,27.34210205078125,27.471723744293882,26.937033872251156,27.074755569547413,40978300
2013-05-07,26.985641479492188,27.3745065357241,26.928932185276583,27.26108794729289,43078300
2013-05-08,26.72640037536621,26.92893446914902,26.450953884204594,26.791209678355703,51595700
2013-05-09,26.459056854248047,26.734503376287417,26.40234754886571,26.612981670225057,46417800
2013-05-10,26.48335075378418,26.507656940803138,26.18360123089421,26.467147659246304,36394900
2013-05-13,26.758808135986328,26.791214338330207,26.369942979136432,26.41855228265225,36027600
2013-05-14,27.354347229003906,27.354347229003906,26.75880110069101,26.807751248587614,56870100
2013-05-15,27.61541175842285,27.656205109256394,27.272770018510347,27.28908673642462,46303900
2013-05-16,27.803043365478516,27.860150303453928,27.37065826240004,27.444081912953386,59382900
2013-05-17,28.447542190551758,28.447542190551758,27.81936263276729,27.84383926266744,60666700
2013-05-20,28.618867874145508,28.635181478933788,28.292539760660322,28.333329996822087,54020800
2013-05-21,28.431228637695312,28.773873485559367,28.325174640678835,28.635182941013344,48702400
2013-05-22,28.235429763793945,28.423067319586888,28.031475492876158,28.38227708782237,66047500
2013-05-23,27.86015510559082,28.18648007711262,27.656200831353978,27.92541885505708,51102700
2013-05-24,27.958057403564453,27.96621420670512,27.65620589382663,27.672519500107967,33174400
2013-05-28,28.569904327392578,28.700434889163258,28.072255588112462,28.08041238668197,48212100
2013-05-29,28.45570182800293,28.569915726109144,28.20279740212823,28.341487929896715,38412200
2013-05-30,28.578081130981445,28.75756194609026,28.39860342796889,28.431233757182646,51131000
2013-05-31,28.472021102905273,28.782029393602333,28.382280714299853,28.40675423406657,56165700
2013-06-03,29.034931182861328,29.06756461429174,28.41491154616003,28.488332098735494,51252600
2013-06-04,28.545442581176758,29.157305425100482,28.365961817755288,29.05940512936403,65529500
2013-06-05,28.374126434326172,28.4638668407527,28.088591606692866,28.227279062372983,46025100
2013-06-06,28.520967483520508,28.643341303718085,28.137535530286108,28.42307029461976,37618500
2013-06-07,29.100196838378906,29.18993722463884,28.602550980920615,28.7575551222179,40757300
2013-06-10,28.93703842163086,29.083885773407566,28.66781723934163,28.969668745951182,35994500
2013-06-11,28.423076629638672,28.700454653426558,28.292545977979444,28.594397526423368,39435900
2013-06-12,28.553611755371094,28.77388284807842,28.43123788872368,28.667825704457105,37372700
2013-06-13,28.325166702270508,28.569911175240943,28.21910962288188,28.545437661572347,45654900
2013-06-14,28.064098358154297,28.30068285816231,27.941724596834202,28.186469007380367,53192600
2013-06-17,28.553611755371094,28.68414242748321,28.251760159629963,28.300707216611563,49670100
2013-06-18,28.53728675842285,28.692290914084833,28.472022997337312,28.529129955323086,28616500
2013-06-19,28.2191219329834,28.62703060324214,28.2191219329834,28.520973477587937,30816200
2013-06-20,27.32171058654785,28.006996938038803,27.223810313410116,27.949886889327804,54493700
2013-06-21,27.14223289489746,27.51750798087309,26.96275215286782,27.460401037880928,85338500
2013-06-24,27.509353637695312,27.900945472668433,26.571162726840047,26.873014182780633,56109000
2013-06-25,27.468570709228516,28.04780343569757,27.297249799979678,27.803058835042595,44073400
2013-06-26,28.0233154296875,28.12937252138531,27.648040320104702,27.8356778748961,48665900
2013-06-27,28.243587493896484,28.374118107091626,28.145690312023955,28.16200702768526,28993100
2013-06-28,28.178327560424805,28.38228186567612,28.015163493804607,28.04779692954779,65545500
2013-07-01,28.031471252441406,28.54543680879123,28.006997739503944,28.34963936900734,31055400
2013-07-02,27.688831329345703,28.096739880460905,27.43593001939525,28.07226636326448,37630000
2013-07-03,27.745933532714844,28.039628137228455,27.411448702484286,27.460398840601467,15994400
2013-07-05,27.90910530090332,27.933581932808952,27.39514271231902,27.811208109567588,26085900
2013-07-08,28.006990432739258,28.21910141774718,27.721452703885852,28.023304029045015,32396900
2013-07-09,28.0233154296875,28.22726969951665,27.851994589933852,28.21095609657408,25318500
2013-07-10,28.308849334716797,28.398589698886905,27.998838016336805,28.015154729103617,29658800
2013-07-11,29.116514205932617,29.181781074524235,28.472020995116104,28.553601468760043,53638300
2013-07-12,29.100196838378906,29.149146988728553,28.78202864134497,29.0267762809977,35501200
2013-07-15,29.50811004638672,29.548903400785935,29.026780830274422,29.092044595540358,34142600
2013-07-16,29.58968162536621,29.720212214979647,29.33677724644873,29.377567472185167,36378500
2013-07-17,29.15731430053711,29.68759372609661,28.95335995714585,29.646803479837615,37285100
2013-07-18,28.912551879882812,29.27967013351244,28.733074265293112,29.140982744416092,49547100
2013-07-19,25.616657257080078,26.652743816895565,25.30664743613755,26.43247593313697,248428500
2013-07-22,26.114299774169922,26.114299774169922,25.77981649784912,25.861398505851756,79040700
2013-07-23,25.95929718017578,26.138777919428044,25.869556810549646,26.032720836043076,65810400
2013-07-24,26.07351303100586,26.261150585242767,26.016406084590066,26.138779890964003,52803100
2013-07-25,25.608501434326172,25.820614093252864,25.49428752415327,25.796140573100285,63213000
2013-07-26,25.796144485473633,25.796144485473633,25.46165795086283,25.50244975071686,38633600
2013-07-29,25.730871200561523,25.77981978919349,25.616655752356838,25.673762698435393,28870700
2013-07-30,25.983774185180664,26.204043613133077,25.73902812872036,25.92666723882087,45799500
2013-07-31,25.97562026977539,26.146941138152297,25.869563160358194,26.081675823144735,43898400
2013-08-01,25.83692741394043,26.179570655459674,25.779820466361826,26.155097138524624,42557900
2013-08-02,26.01641273498535,26.024571094565584,25.75535145260983,25.853250211524642,29199900
2013-08-05,25.861400604248047,26.106145092067173,25.812450461846215,26.024563077444963,30984000
2013-08-06,25.763505935668945,25.836929604795323,25.600341880710825,25.7390308606109,36331500
2013-08-07,26.155094146728516,26.187724461544363,25.494281256213313,25.730868933173742,38078600
2013-08-08,26.83222770690918,26.97907505459596,26.146941121736102,26.301948384347536,59034400
2013-08-09,26.677217483520508,26.840381511817803,26.489579940211865,26.734324426610314,26800700
2013-08-12,26.815908432006836,26.89749201299512,26.48142353019338,26.48142353019338,25493700
2013-08-13,26.479068756103516,26.741969595120864,26.46263706191178,26.709106206737392,39464100
2013-08-14,26.577653884887695,27.40743714503853,26.043637964992843,26.405125809261282,48519600
2013-08-15,26.117576599121094,26.437986748206004,25.337088490258672,26.2901046587784,33338000
2013-08-16,26.12579345703125,26.281891407616417,26.010774739238236,26.117579177485325,32866300
2013-08-19,25.788957595825195,26.265465838223246,25.78074174735126,26.09293772130925,27902500
2013-08-20,25.977922439575195,26.207959959458016,25.772530901386634,25.830040281357338,22979600
2013-08-21,25.969697952270508,26.298322423653307,25.912188591427892,25.969697952270508,37409100
2013-08-22,26.61051368713379,26.692672141147103,26.372258871532033,26.44619991313173,31169900
2013-08-23,28.54941177368164,28.919117013383204,27.933237418853977,28.89446790805321,225493800
2013-08-26,28.056474685668945,28.483686164466967,27.95788452838482,28.261866145640095,72786800
2013-08-27,27.32527732849121,28.015392730889733,27.234907722412395,27.538886193104354,58522300
2013-08-28,27.128101348876953,27.604607852564545,27.11166965784985,27.43207979781686,44257400
2013-08-29,27.563535690307617,27.604613359057133,26.94736125698915,27.054165702958084,45284700
2013-08-30,27.440303802490234,27.506027448363227,27.185617231422157,27.41565469301567,42790200
2013-09-03,26.191518783569336,26.347616734876137,25.706796370481122,26.084715911841002,154507000
2013-09-04,25.632854461669922,25.8546760443114,25.558913411785277,25.788950840748655,142320600
2013-09-05,25.657508850097656,25.830038545427847,25.4274713456747,25.550705946903136,71644900
2013-09-06,25.591781616210938,25.788957276102213,25.575349919466785,25.723232056138453,75434900
2013-09-09,26.010770797729492,26.11757521979211,25.632851315384276,25.649281438998912,49628500
2013-09-10,26.61051368713379,26.618731099547404,26.117575499152178,26.207946664542256,56881200
2013-09-11,26.898073196411133,27.05416961383426,26.725541948282142,26.758405341642494,39087500
2013-09-12,26.85698127746582,26.930922314925734,26.774825962076754,26.881630379302052,32860200
2013-09-13,27.136327743530273,27.169191140257727,26.709112988151432,26.922721932853857,40899000
2013-09-16,26.947357177734375,27.52245385524596,26.889847823385693,27.42386683836604,52839700
2013-09-17,27.054161071777344,27.497807339988515,27.029515101551624,27.45672654424605,84716500
2013-09-18,27.374568939208984,27.440295699699014,26.9720035002931,27.103453887248715,64099900
2013-09-19,27.63747787475586,27.670341264705776,27.37457702320726,27.50602744898156,42026600
2013-09-20,26.93914222717285,27.50602147762951,26.85698377013405,27.44851212471469,102904900
2013-09-23,26.898073196411133,27.08703300719461,26.700895970274725,26.733759363635073,39826100
2013-09-24,26.659814834594727,27.00487101800594,26.413345684440248,27.00487101800594,40685000
2013-09-25,26.709102630615234,26.947357463457283,26.61873302569823,26.692674072648355,28907500
2013-09-26,26.922710418701172,27.111670168031765,26.774828330699023,26.81590599202747,28504000
2013-09-27,27.333494186401367,27.72784538918683,27.004866617067762,27.013084030014728,55348000
2013-09-30,27.34171485900879,27.36636396958895,26.86520821947428,27.111677387097338,39839500
2013-10-01,27.58818244934082,27.612828421686608,27.358141882688578,27.399219547939882,36718700
2013-10-02,27.867515563964844,27.957888320052557,27.349931271140388,27.407440637009774,46946800
2013-10-03,27.818225860595703,27.933244601628896,27.456734807033506,27.834657557032678,38703800
2013-10-04,27.83464813232422,27.925020865114895,27.62103928499633,27.678548636040475,33008100
2013-10-07,27.358150482177734,27.694992457557927,27.27599512585123,27.604619685183202,35069300
2013-10-08,27.119895935058594,27.382799973784792,26.947367803978956,27.36636827548778,41017600
2013-10-09,27.1691837310791,27.399221177386828,27.078810981736734,27.1691837310791,35878600
2013-10-10,27.736061096191406,27.842865531827723,27.325278180386277,27.366358979186735,42875100
2013-10-11,28.040040969848633,28.048255248683876,27.670335741767833,27.670335741767833,30033300
2013-10-14,28.30293846130371,28.344016118728877,27.752487822928476,27.851077961578124,27757900
2013-10-15,28.33580207824707,28.74658492398897,28.319370388334466,28.48368101941171,47097800
2013-10-16,28.45903778076172,28.67264663608615,28.39331414883284,28.426174397784933,35111600
2013-10-17,28.68907356262207,28.746586046574308,28.237213041465214,28.30293980368233,31359200
2013-10-18,28.72194480895996,28.74659391855356,28.20436051787501,28.60692607760775,41811700
2013-10-21,28.746593475341797,28.919121569710093,28.6808666961394,28.738376060928832,27433500
2013-10-22,28.40974998474121,28.83696148966237,28.360454903084854,28.771237848145716,40438500
2013-10-23,27.736061096191406,28.335806911208838,27.662120045985485,28.22078506220246,58600500
2013-10-24,27.703203201293945,28.01539598736384,27.57996706245964,27.78535853783335,53209700
2013-10-25,29.35454559326172,29.814623568497296,29.140939864703114,29.477781716600205,113494000
2013-10-28,29.223102569580078,29.35455300512005,28.976633394695835,29.25596596197147,38383600
2013-10-29,29.18202018737793,29.346333988796097,28.96841130532679,29.272392934859177,31702200
2013-10-30,29.198448181152344,29.403839623393385,29.108075445122335,29.190230768408874,36997700
2013-10-31,29.091659545898438,29.321697083195044,29.03415016157429,29.29705109963509,41682300
2013-11-01,29.190237045288086,29.321687471227612,29.075218314344173,29.305255776232002,40264600
2013-11-04,29.527070999145508,29.559934380279,29.206660868155268,29.23952424928876,28060700
2013-11-05,30.102176666259766,30.159686033489127,29.387415149248074,29.403846844745814,51681900
2013-11-06,31.367385864257812,31.400249251954005,30.447232946940428,30.595115057548153,88948800
2013-11-07,30.808717727661133,31.227714909786396,30.75120837195815,31.186637246287816,60437400
2013-11-08,31.03875160217285,31.03875160217285,30.67726381707527,30.948378872392336,36737800
2013-11-11,30.882671356201172,31.03876779469451,30.68549410344938,30.964826716665854,26872500
2013-11-12,30.693700790405273,30.890874840205406,30.562250379196847,30.710132483559455,31651600
2013-11-13,31.35095977783203,31.35095977783203,30.315787952452627,30.381511605575177,44957600
2013-11-14,31.235937118530273,31.326309872516912,30.989467965673732,31.112700975089343,46183700
2013-11-15,31.088058471679688,31.235940606712983,30.989471426332713,31.178431235758442,50601300
2013-11-18,30.5622615814209,30.874457597731933,30.455457103783356,30.685494624209298,53277500
2013-11-19,30.413253784179688,30.818872420644336,30.355305106890757,30.504308773533197,44275000
2013-11-20,30.694705963134766,30.96787725710233,30.512589661960327,30.562255447521284,32229900
2013-11-21,30.959598541259766,31.06720984107487,30.84370434809954,30.85198408365078,23064700
2013-11-22,31.100318908691406,31.191377042571446,30.901649487310888,31.06720628586348,27982000
2013-11-25,31.15825653076172,31.414874556014563,31.10031103438087,31.398318248792503,30646800
2013-11-26,30.918197631835938,31.166539105017755,30.918197631835934,31.100313870091135,34465300
2013-11-27,31.12514877319336,31.257596093844654,31.034093805952576,31.10031588738162,26002100
2013-11-29,31.563875198364258,31.696322485906986,31.30725719721604,31.30725719721604,22090400
2013-12-02,31.828786849975586,32.10195814555795,31.505946610744555,31.53077950367183,42950400
2013-12-03,31.712888717651367,31.86189235749886,31.522495879578106,31.572161654331662,52109800
2013-12-04,32.234405517578125,32.26751814669102,31.5556124097344,31.630114246341353,51983600
2013-12-05,31.45627784729004,32.184739902672796,30.777484735840467,32.15990385180913,116305000
2013-12-06,31.75428581237793,31.9115660678649,31.44800187998996,31.803951599482133,36457300
2013-12-09,32.04401397705078,32.1764613412476,31.762562933408265,31.919846349375533,30286000
2013-12-10,31.547338485717773,32.201298755647514,31.472836642842307,31.961236911071627,37828600
2013-12-11,31.13343620300293,31.704614822417554,30.951319907916822,31.505945371227245,39853400
2013-12-12,30.810598373413086,31.158271518940683,30.777485743040675,31.158271518940683,36012800
2013-12-13,30.371856689453125,31.000983885671296,30.313911178984803,30.97614783990381,40066100
2013-12-16,30.53742027282715,30.628478416610037,30.247692686057842,30.404972924904914,31734200
2013-12-17,30.231136322021484,30.719536508750018,30.073856083438816,30.578809425560177,45687700
2013-12-18,30.280807495117188,30.297360651730983,29.411618356570685,30.098691194424536,63192100
2013-12-19,30.00762939453125,30.255967764858283,29.866905475870286,30.22285514006969,34160100
2013-12-20,30.462915420532227,30.570529866854958,29.957958969856577,29.966238704539467,62649100
2013-12-23,30.31390380859375,30.537409219398057,30.255958312214045,30.471187148303844,25128700
2013-12-24,30.694705963134766,30.769204641476204,30.330473360785888,30.396698618592627,14243000
2013-12-26,30.992704391479492,31.03409674881511,30.769198924599905,30.794034970559977,17612800
2013-12-27,30.868532180786133,31.141703383184332,30.769194327374933,31.10859392317364,14563000
2013-12-30,30.868532180786133,30.943033991948013,30.54569205168233,30.810586678526118,16290500
2013-12-31,30.967866897583008,31.108593944448597,30.810586699597273,30.959590322022933,17503500
2014-01-02,30.760910034179688,30.959582533363875,30.711241119935583,30.91819019259766,30632200
2014-01-03,30.553970336914062,30.81058840256275,30.29735227126537,30.794032092734458,31134800
2014-01-06,29.908294677734375,30.53741875974438,29.891738365340203,30.50430613495604,43603700
2014-01-07,30.140085220336914,30.206310488556536,29.974525207582452,30.073863109911887,35802800
2014-01-08,29.601999282836914,29.916562813983692,29.452998828917718,29.8006718177172,59971700
2014-01-09,29.4116153717041,29.72617899794195,29.304004075665016,29.701346107747355,36516300
2014-01-10,29.833799362182617,29.924857521327457,29.593737516763394,29.717908307923516,40548800
2014-01-13,28.95631980895996,29.817228885738515,28.83215223456239,29.79239600241758,45901900
2014-01-14,29.61855697631836,29.70133851880524,28.66659292116647,28.749371305860386,41623300
2014-01-15,30.429811477661133,30.454647531000877,29.676516454107496,29.717908823742256,44812600
2014-01-16,30.53742027282715,30.628478416610037,30.057299820781747,30.37186029847589,38018700
2014-01-17,30.115232467651367,30.48774146129237,29.924839683744306,30.48774146129237,46267500
2014-01-21,29.941415786743164,30.47948509649136,29.85036076986118,30.47948509649136,31567300
2014-01-22,29.74273109436035,30.06557125229954,29.593727458727905,30.01590232115762,21904300
2014-01-23,29.850353240966797,29.90829876336521,29.403342218641217,29.875186134053507,43954000
2014-01-24,30.471200942993164,31.083768798550707,30.239415694749585,31.00099038275995,76395500
2014-01-27,29.82550621032715,30.537411689482045,29.784117017821323,30.52085538092112,44420800
2014-01-28,30.024169921875,30.123504586222392,29.59371549931358,29.899999223096728,36205500
2014-01-29,30.347021102905273,30.52913735263608,29.717897120424713,29.784119201731148,52745900
2014-01-30,30.5125789642334,30.52913527288043,29.991066294127283,30.454633462865274,35036300
2014-01-31,31.323829650878906,31.365218857486806,30.26425080430519,30.58709103675849,93162300
2014-02-03,30.198030471801758,31.448005556630886,30.156641258444637,31.241056332050725,64063100
2014-02-04,30.090412139892578,30.78576157180348,30.007633723772248,30.603648424779927,54697900
2014-02-05,29.651670455932617,30.18973944547534,29.63511414695359,30.04073582245714,55814400
2014-02-06,29.949674606323242,30.007620102863974,29.544052972745384,29.635111083821602,35351800
2014-02-07,30.26424789428711,30.28908078430527,29.808957191995912,30.06557530076061,33260500
2014-02-10,30.462915420532227,30.462915420532227,30.040740527717738,30.32219150885858,26767000
2014-02-11,30.769193649291992,30.843695458812025,30.512578761450865,30.52913506998787,32141400
2014-02-12,31.017539978027344,31.125151263684245,30.87681291231633,30.918202111245403,27051800
2014-02-13,31.13343620300293,31.34038539003933,30.90165412401624,30.90165412401624,37635500
2014-02-14,31.14171028137207,31.27415762413232,30.90165164360231,30.95131742351632,31407500
2014-02-18,31.208417892456055,31.50865974278075,31.200079255045583,31.383561092793283,32834000
2014-02-19,31.28347396850586,31.48363623447972,31.033273522142,31.041615339854523,29750400
2014-02-20,31.483638763427734,31.58371831371799,31.191738749468016,31.33351784725658,27526100
2014-02-21,31.67547607421875,31.984056707595776,31.575396470699516,31.642115145887928,38021300
2014-02-24,31.433610916137695,31.67547284970514,31.308512219841813,31.433610916137695,32085100
2014-02-25,31.30850601196289,31.567045175261413,31.15004324067951,31.366886028286576,30736500
2014-02-26,31.250123977661133,31.475305389570934,31.016600745973886,31.34186490638054,41041800
2014-02-27,31.575397491455078,31.600416597775382,31.049973988415278,31.233455918693092,33903400
2014-02-28,31.950693130493164,32.075791816696345,31.542029786695053,31.675470294195378,41215000
2014-03-03,31.508665084838867,31.800568347243104,31.266806381269074,31.625425117211655,29717500
2014-03-04,32.03409957885742,32.0924796153947,31.750538037902068,31.858959469245598,26802400
2014-03-05,31.78390121459961,31.917341762042586,31.63378020104206,31.900661295928014,20520100
2014-03-06,31.817243576049805,31.89230403901802,31.60040082459863,31.808901757124588,23582200
2014-03-07,31.608736038208008,31.992376910332652,31.433592873567555,31.925655098760846,26591600
2014-03-10,31.54203987121582,31.70049953032447,31.458640720416252,31.683822245343492,19006600
2014-03-11,31.708831787109375,31.88397185982946,31.458631228727437,31.58372991718205,25216400
2014-03-12,31.917329788208008,32.05077028559058,31.51700829606029,31.52534693525252,30494100
2014-03-13,31.600414276123047,32.06745770912,31.3919132548433,32.04243542316472,32169700
2014-03-14,31.441944122314453,31.80890465162242,31.283481363033257,31.400244568309102,27195600
2014-03-17,31.733850479125977,32.03409241790014,31.51701084638501,31.608751792285187,20479600
2014-03-18,32.9848518371582,33.27675509536413,31.87562836409792,31.908986100387324,64063900
2014-03-19,32.751338958740234,32.984859071342434,32.45109699598145,32.91814040265877,35597200
2014-03-20,33.63539123535156,33.902272327390534,32.726326521383314,32.73466516361484,59269800
2014-03-21,33.49361038208008,34.14413267569386,33.36850847262802,33.96065390503088,80721800
2014-03-24,33.77716064453125,33.893920690810056,33.243398614986624,33.643720137145095,46098400
2014-03-25,33.64372634887695,34.185830299801694,33.326803892268344,33.910607412924236,43193100
2014-03-26,33.18500900268555,33.952290903073504,33.02654625869154,33.760470427976514,41977500
2014-03-27,32.826385498046875,33.33512825411731,32.80970504259701,33.1433077886512,35369200
2014-03-28,33.6103630065918,33.89392451446068,33.09328137982137,33.185022335524984,43472700
2014-03-31,34.18581771850586,34.61115826358412,33.69375534123458,33.71877443757093,46886300
2014-04-01,34.54444122314453,34.686223545485674,34.25254112048998,34.319262961938165,32605000
2014-04-02,34.486061096191406,34.744603458796526,34.33594013486876,34.561121576852734,28666700
2014-04-03,34.20249557495117,34.43601881011382,33.95229506292958,34.43601881011382,30139600
2014-04-04,33.25174331665039,34.51942995865651,33.05992275115563,34.40266989109216,51409600
2014-04-07,33.193363189697266,33.58534614239724,33.14332497886627,33.32680372103529,37559600
2014-04-08,33.21003723144531,33.30177817552502,32.69295567019091,33.15165720911688,35918600
2014-04-09,33.75214767456055,33.8188663496365,33.26008511766661,33.30178468727324,27398700
2014-04-10,32.826385498046875,33.935608742954656,32.60120412168103,33.727107822038676,45960800
2014-04-11,32.7012825012207,33.18500614752029,32.52614249747973,32.52614249747973,34330200
2014-04-14,32.67627716064453,32.86809769996042,32.44275705738567,32.61789713482982,32006600
2014-04-15,33.15164566040039,33.32678566637387,32.56784245901728,32.80970428525009,33968700
2014-04-16,33.69375991821289,33.71043719705453,33.285096594197775,33.41019845581755,30615800
2014-04-17,33.368492126464844,33.52695489167474,32.95149020786559,33.368492126464844,36688400
2014-04-21,33.31011962890625,33.485262892158374,33.18502093398087,33.46858242987375,22221200
2014-04-22,33.35181427001953,33.47691293454277,33.21837378564482,33.3267919919372,27056700
2014-04-23,33.10161590576172,33.351819638022896,32.918137198635506,33.351819638022896,24602800
2014-04-24,33.24340057373047,33.33514152449007,32.7763571796238,33.143320982662196,42381600
2014-04-25,33.28509521484375,33.927278593699334,33.151654719333,33.602017584733915,56876800
2014-04-28,34.08574676513672,34.43603014241685,33.435224583510546,33.47692415232473,50610200
2014-04-29,33.78548049926758,34.352603135700775,33.685400969741394,34.277542693188416,29636200
2014-04-30,33.69375991821289,33.77715903831108,33.50193621533656,33.69375991821289,35458700
2014-05-01,33.36015319824219,33.66039508606191,33.318453643038815,33.56031551727938,28787400
2014-05-02,33.10161590576172,33.64371975036411,33.07659680512465,33.61870064972704,43416600
2014-05-05,32.88478469848633,33.05992481074385,32.77636326550497,32.9598452010929,22460900
2014-05-06,32.57619857788086,32.81805732881552,32.48445762548676,32.7680191231263,27112400
2014-05-07,32.87643814086914,32.95149863266681,32.11749458223617,32.709639875961386,41744500
2014-05-08,33.05992126464844,33.27676410735202,32.501140057437446,32.80972067662153,32120400
2014-05-09,32.97651672363281,33.235055910242636,32.834734398725516,32.97651672363281,29647600
2014-05-12,33.33515548706055,33.37685506901564,33.06827434477897,33.1433348648878,22782600
2014-05-13,33.94824981689453,34.015442352012954,33.469514217883216,33.52830608415363,27004800
2014-05-14,33.79706954956055,33.97344513025701,33.63748889700233,33.84746074180748,18818700
2014-05-15,33.25953674316406,33.931449165382226,33.18394675586031,33.67108294157689,37793200
2014-05-16,33.452728271484375,33.46112573867104,32.98239001109905,33.31834316515947,29867100
2014-05-19,33.38553237915039,33.44432425532862,33.14196420417375,33.26794862679393,24537400
2014-05-20,33.32674789428711,33.54511731082022,33.1419715545084,33.32674789428711,21320900
2014-05-21,33.88944625854492,33.88944625854492,33.37711777264747,33.42750895268459,22398700
2014-05-22,33.679500579833984,33.88947253657589,33.46952862309208,33.83908131746522,20201800
2014-05-23,33.696292877197266,33.906264797525616,33.595507252536486,33.906264797525616,18020000
2014-05-27,33.75507354736328,33.813865409215055,33.43591864128684,33.813865409215055,26160600
2014-05-28,33.60391616821289,33.75509625866854,33.44433860780674,33.713102501079376,25711500
2014-05-29,33.881072998046875,33.88947046607967,33.51992099820216,33.721495474082914,19888200
2014-05-30,34.38500213623047,34.41020094651836,33.80548076228723,33.973458947231144,34567600
2014-06-02,34.25901794433594,34.510983598051624,34.166629790392854,34.393399839912114,18504300
2014-06-03,33.83907699584961,34.16663269390773,33.80548071812124,34.099440138450994,18068900
2014-06-04,33.8642578125,33.90625153936166,33.477910399107145,33.771869691054754,23209000
2014-06-05,34.61176300048828,34.64535926932578,33.93145617806992,34.09103364917323,31865200
2014-06-06,34.83854293823242,34.98972298717085,34.63697167559282,34.83854293823242,24060500
2014-06-09,34.66215515136719,34.8385307454282,34.452183290651796,34.76294074741401,15019200
2014-06-10,34.52777099609375,34.56976472466526,34.31779914932005,34.46057846724643,15117700
2014-06-11,34.317806243896484,34.49418186270894,34.24221623527446,34.376598116833975,18040000
2014-06-12,34.08263397216797,34.3345995642651,33.839065844777,34.27580769957298,29818900
2014-06-13,34.62856674194336,34.914128665467025,34.31780921467019,34.519380452500386,26310000
2014-06-16,34.8553466796875,34.94773485821234,34.46899902759995,34.46899902759995,24205300
2014-06-17,35.006507873535156,35.199681595398246,33.88105860413385,34.67895229281443,22518600
2014-06-18,34.98130798339844,35.0568979699744,34.58655991973334,34.94771172182782,27097000
2014-06-19,34.86374282836914,35.08211546096121,34.712565964774896,34.914137252179124,19828200
2014-06-20,35.006507873535156,35.132492267927546,34.75454228866661,34.813334151672066,47764900
2014-06-23,35.266876220703125,35.27527368566696,35.014907416958074,35.04850368464627,18743900
2014-06-24,35.065303802490234,35.22488127716344,34.90572632781702,35.13249634166839,26509100
2014-06-25,35.300472259521484,35.317270394781296,34.82173661832538,35.02331103752639,20049100
2014-06-26,35.04011154174805,35.22488463426453,34.79654336988892,35.21648716802524,23604400
2014-06-27,35.48524856567383,35.51884483621448,34.86373037633867,34.94772105269029,74640000
2014-06-30,35.023311614990234,35.45165285746939,35.023311614990234,35.41805658639584,30793100
2014-07-01,35.16609191894531,35.40126261894843,35.01491189891361,35.1576944529066,26917000
2014-07-02,35.191307067871094,35.191307067871094,34.88054621353361,35.04852444756932,20208100
2014-07-03,35.10731506347656,35.266895821730856,34.90574375314869,35.199703249009424,15969300
2014-07-07,35.266876220703125,35.37605928481512,35.03170555080217,35.065301818490376,21952400
2014-07-08,35.090511322021484,35.27528766360834,34.94773193364452,35.1661013523145,31218200
2014-07-09,34.99811935424805,35.266886369178174,34.88053558741963,35.25848569788051,18445900
2014-07-10,35.01491165161133,35.27527795180854,34.477384119258076,34.7461478854347,21854700
2014-07-11,35.350868225097656,35.350868225097656,34.83853629077616,35.0233125828703,24083000
2014-07-14,35.39287185668945,35.65323823161118,35.30888435712386,35.460064419476126,21881100
2014-07-15,35.65322494506836,35.67002307950503,35.300470529731406,35.55243934236489,28748700
2014-07-16,37.022239685058594,37.21541341070323,35.678417866259494,35.7036134640647,63318000
2014-07-17,37.40019226074219,38.391259844193975,37.16502476769153,38.17289048692076,82180300
2014-07-18,37.53458023071289,37.66056466751854,37.16503079542287,37.50098715762639,43407500
2014-07-21,37.660552978515625,37.929316703293196,37.139823662248624,37.425385520314336,37604400
2014-07-22,37.652164459228516,37.92092824785897,37.45059001579713,37.79494382022472,43095800
2014-07-23,37.68575668334961,38.17289304174814,37.47578477795376,38.17289304174814,52362900
2014-07-24,37.2910041809082,37.79493537095438,37.22381164681332,37.73614350557954,30725300
2014-07-25,37.374996185302734,37.50937806590221,37.2070180335742,37.2070180335742,26737700
2014-07-28,36.92985916137695,37.3833960348719,36.89626288810563,37.2574148159799,29684200
2014-07-29,36.86267852783203,37.03065674455757,36.6527065579046,36.879476669896384,27763100
2014-07-30,36.602298736572266,37.0390374165135,36.35873059297372,37.01384181680211,31921400
2014-07-31,36.249549865722656,36.69468928293343,36.182360521576236,36.43432616898013,31537500
2014-08-01,35.99759292602539,36.32514866727688,35.77922029591252,36.29155238511831,31170300
2014-08-04,36.4259147644043,36.50990542473297,35.955579882228086,36.08996173483787,34277400
2014-08-05,36.18235397338867,36.50150890717916,35.97238210456608,36.37552770823548,26266400
2014-08-06,35.89678955078125,36.257938191869364,35.45164704187113,35.89678955078125,24634000
2014-08-07,36.30834197998047,36.49311828444233,35.82120881901338,35.980786315828674,30314900
2014-08-08,36.28315353393555,36.3839391726529,36.03958530344405,36.308349142635464,28942700
2014-08-11,36.28315353393555,36.493125483548695,36.131973473900665,36.33354475133538,20351600
2014-08-12,36.55189895629883,36.61069081625457,36.115157136687564,36.14875340063829,21431100
2014-08-13,37.022239685058594,37.10622714702016,36.55190156789146,36.68628342937974,22889500
2014-08-14,37.181827545166016,37.30780877334889,36.96345495671485,37.022250041234166,19313200
2014-08-15,37.61856460571289,37.710952749999436,37.29100896972735,37.442188986938646,41611300
2014-08-18,37.887332916259766,37.887332916259766,37.526180965564606,37.74455034779283,26891100
2014-08-19,38.30989074707031,38.318340660816595,37.887324133353296,38.00564226936567,28139500
2014-08-20,37.9887580871582,38.36906887319134,37.946502049583195,38.318359693743915,24770500
2014-08-21,38.21693801879883,38.24229099221943,37.88733646861709,37.89578638511447,22285500
2014-08-22,38.15777587890625,38.42821832018551,38.09016365662233,38.32679998675963,18294500
2014-08-25,38.174678802490234,38.402865235288004,38.06481376827271,38.3690623453364,16910000
2014-08-26,38.03945541381836,38.36906016956564,37.98029632984717,38.29299802961293,14873100
2014-08-27,37.921142578125,38.031010845489796,37.82817736911854,37.946498777626864,21287900
2014-08-28,37.929588317871094,38.01410036924275,37.7014019104539,37.81972007194546,17657600
2014-08-29,38.394412994384766,38.40286291037899,37.91268718450708,38.107067491657,21607600
2014-09-02,38.1070556640625,38.4197540416465,37.90422227994512,38.39440107760455,22976800
2014-09-03,37.9972038269043,38.12397514961849,37.63379614064752,37.63379614064752,33684500
2014-09-04,38.250732421875,38.25918556042531,37.79436288191829,37.811265935091164,26475500
2014-09-05,38.80006790161133,38.816970953710495,38.12396193728216,38.12396193728216,36939400
2014-09-08,39.27335739135742,39.55224978848243,38.867693671220984,38.8930466462518,45736700
2014-09-09,39.51844787597656,39.6959283918565,39.23110230732454,39.27336156877582,40302400
2014-09-10,39.58604049682617,39.67055252998764,39.11276472891071,39.5691374454084,27302400
2014-09-11,39.72126770019531,39.72126770019531,39.27334805353089,39.50153444633953,29216400
2014-09-12,39.467735290527344,39.73817775395434,39.38322000575112,39.645212552664724,38244700
2014-09-15,39.0789680480957,39.47617853566677,38.960646669404994,39.33250741171994,37667600
2014-09-16,39.51844787597656,39.59451003308825,39.12123725455245,39.20574932959698,27910600
2014-09-17,39.31560516357422,39.45927629046624,39.07051571001112,39.0958686797149,38311900
2014-09-18,39.450828552246094,39.577599855616626,39.264898167016824,39.374766415009404,35556600
2014-09-19,40.16072463989258,40.20298064941383,39.383200524208604,39.56068092248088,202522400
2014-09-22,39.77197265625,40.042415043439995,39.704360447488725,39.97480283467871,38686100
2014-09-23,39.34941482543945,39.70436932905411,39.273352685532274,39.59450107720412,33430300
2014-09-24,39.78888702392578,39.81423999745756,39.16348681073783,39.40857630130665,26582700
2014-09-25,38.90994644165039,39.7973359565368,38.90149330139647,39.6198586983452,33077400
2014-09-26,39.222652435302734,39.4001297274614,38.67331427508323,38.81698867154192,27078800
2014-09-29,39.24799346923828,39.34941179726195,38.67330250614963,38.859232883598324,26091000
2014-09-30,39.18038558959961,39.28180069658163,38.88458696033722,39.188835505211394,33033100
2014-10-01,38.791622161865234,39.324053852609815,38.74936291510604,39.10432059953032,38088400
2014-10-02,38.67329406738281,38.96063948622648,38.57187898541662,38.732456357784365,25119400
2014-10-03,38.95220184326172,39.129679098592554,38.54653816367909,38.85923664553747,32453200
2014-10-06,38.95220184326172,39.129679098592554,38.80852747661651,38.977554815758026,20604000
2014-10-07,38.47893524169922,38.81699000171547,38.385970021498295,38.75783090230199,25723700
2014-10-08,39.53533172607422,39.62829689781005,38.31834102753605,38.436659164680776,33031000
2014-10-09,38.749366760253906,39.55224416943069,38.65640479037147,39.29870478335597,34422800
2014-10-10,37.21122360229492,38.977552586236364,37.14361460486256,38.5380828191775,51978100
2014-10-13,36.89006423950195,37.65913529690082,36.754843060967886,37.033735331226254,37100200
2014-10-14,36.95767593383789,37.50701382547749,36.814004831551266,37.07599407076274,38115700
2014-10-15,36.526676177978516,36.670347346246324,35.58012420001948,36.34074574946354,60218700
2014-10-16,36.120994567871094,36.40833998627078,35.68152491479349,35.94351414479531,49040400
2014-10-17,36.873172760009766,37.13516206217282,36.16326054395339,36.50976512417566,40683300
2014-10-20,37.25347900390625,37.30418494075998,36.18015928015527,36.391442614186694,34527900
2014-10-21,37.929588317871094,38.01410036924275,37.34644420205113,37.49011855809667,36433800
2014-10-22,37.50701141357422,38.09015214688794,37.380240147062565,38.03099308222976,33570900
2014-10-23,38.047908782958984,38.41131642893006,37.63379196873788,37.709854109148765,45451900
2014-10-24,38.98600387573242,39.636756967768214,38.18312651678291,39.577597888849326,61076700
2014-10-27,38.80006790161133,38.960642060662146,38.63104060454715,38.63104060454715,30371300
2014-10-28,39.290260314941406,39.29871023194655,38.68176312485409,38.757825273615005,29049800
2014-10-29,39.400123596191406,39.46773582492787,39.163487243470804,39.24799930546287,30276100
2014-10-30,38.918392181396484,39.146578584838295,38.68175586253596,39.146578584838295,30073900
2014-10-31,39.679012298583984,39.695915352826496,39.28179858370478,39.67055915949875,35849700
2014-11-03,40.09312057495117,40.11002362697238,39.49307673587229,39.6282979281144,23130400
2014-11-04,40.203006744384766,40.33822799697833,39.93256423919764,39.974820276146446,21530800
2014-11-05,40.448081970214844,40.48188807739203,39.94100003434056,40.39737280944907,22449600
2014-11-06,41.15800476074219,41.29322600054383,40.38893335488372,40.4480924458014,33037800
2014-11-07,41.1411018371582,41.34393208555886,40.81150026556064,41.34393208555886,28000600
2014-11-10,41.318565368652344,41.53830182592263,41.0312199257103,41.11573518770949,36370100
2014-11-11,41.30167770385742,41.3692899386468,41.115750506044236,41.28477464516008,23445200
2014-11-12,41.22560501098633,41.34392316768696,41.00587175196057,41.039677860711606,22722100
2014-11-13,41.92707443237305,41.960880546907305,41.16645297499495,41.250968261330584,26210400
2014-11-14,41.90171813964844,42.29892867021538,41.74114072029338,42.03693936314685,29081700
2014-11-17,41.80030822753906,42.01159163332799,41.529865726043546,41.75805219116706,30318600
2014-11-18,41.451602935791016,41.95337665788619,41.41758360853605,41.78328326587295,23995500
2014-11-19,41.00935745239258,41.46010214005935,40.762722220013615,41.3835602832611,26177500
2014-11-20,41.4175910949707,41.4175910949707,40.71170452601483,40.82226573744716,21510600
2014-11-21,40.80524826049805,41.71524416717838,40.45655827050149,41.68973129413962,42884800
2014-11-24,40.473567962646484,40.8222579528903,40.30347457232379,40.813754743291874,35434200
2014-11-25,40.371524810791016,40.79675678648753,40.35451514245165,40.53311179362119,28008000
2014-11-26,40.60964584350586,40.81375857993274,40.20992682531173,40.38852668628346,27163600
2014-11-28,40.660675048828125,40.99235540850691,40.49058164163693,40.77973946058339,21534400
2014-12-01,41.349552154541016,41.48562624299491,40.57563016816032,40.720210712040064,31191600
2014-12-02,41.213478088378906,41.715251898123206,40.992358911120036,41.536655265230024,25773500
2014-12-03,40.89030456542969,41.247497834794416,40.660678930439985,41.19646883448708,23534800
2014-12-04,41.536651611328125,41.72375468319264,40.99235530509887,41.15394225717884,30320400
2014-12-05,41.17946243286133,41.64722019544518,41.14544634088816,41.51964930669277,27313400
2014-12-08,40.56711196899414,41.11991132973508,40.35449608157201,41.04336948049268,26663100
2014-12-09,40.473567962646484,40.75421929905659,40.01431678205369,40.06534577242898,24330500
2014-12-10,39.88676071166992,40.53311188877039,39.71666727213953,40.46507645951574,30431800
2014-12-11,40.116371154785156,40.60113844830072,39.6996457587479,40.03983253630862,29060400
2014-12-12,39.929283142089844,40.59264398560263,39.69115102974839,39.78470258342583,34248400
2014-12-15,39.69115447998047,40.54161850477641,39.58909970539854,40.141902619221014,29247800
2014-12-16,38.40693664550781,39.410483968707446,38.3814237752733,39.03628114680264,47801400
2014-12-17,38.90020751953125,39.07880410162853,38.18581794688089,38.313385543695546,34970900
2014-12-18,40.41403579711914,40.41403579711914,39.41048836204763,39.61460107946115,40105600
2014-12-19,40.533103942871094,40.90730684107115,40.116375259928084,40.507591067434824,64551200
2014-12-22,40.80524826049805,40.92431266036103,40.575622670364474,40.63515487029596,26566000
2014-12-23,41.20497512817383,41.50263618480873,40.93282694946129,41.13693646136459,23648100
2014-12-24,40.94133377075195,41.36656574301861,40.89030801040794,41.36656574301861,11437800
2014-12-26,40.720218658447266,41.170963556112916,40.66918964872061,41.170963556112916,13197800
2014-12-29,40.35448455810547,40.63513576234532,40.192894453480655,40.56710038481386,14439500
2014-12-30,39.98881912231445,40.49909624315041,39.8357353372111,40.346012458047056,16384700
2014-12-31,39.5040397644043,40.34599701595789,39.5040397644043,39.74216856375092,21552500
2015-01-02,39.7676887512207,40.32899477025131,39.580588907718614,39.68264366274359,27913900
2015-01-05,39.4019889831543,39.74217255290114,39.333950322647794,39.43600506914566,39673900
2015-01-06,38.82366943359375,39.75917821145271,38.73011790695554,39.44450754897456,36447900
2015-01-07,39.31694793701172,39.51255425579138,38.687606432114116,39.10433194995611,29114100
2015-01-08,40.473567962646484,40.60964202605233,39.733665445643595,39.75917831870044,29645200
2015-01-09,40.13337326049805,40.66916619876846,39.88674129968488,40.490569634098634,23944200
2015-01-12,39.63161087036133,40.43104890029368,39.42750137984462,40.32899091077347,23651900
2015-01-13,39.42749786376953,40.74571595702822,39.17235940124552,39.9462812426499,35270600
2015-01-14,39.087310791015625,39.32544283261171,38.79815300385445,39.087310791015625,29719600
2015-01-15,38.67909622192383,39.44451499874286,38.61956401086704,39.308440910004165,32750800
2015-01-16,39.32544708251953,39.3594631684852,38.41544784237261,38.53451549816908,35695300
2015-01-20,39.45302200317383,39.67414444629811,38.755641825804936,39.37648011813273,36161900
2015-01-21,39.05329132080078,39.24039437188194,38.6790884629,39.070300984013755,39081100
2015-01-22,40.08235549926758,40.090858708879445,39.18936925398838,39.44450771774507,35898000
2015-01-23,40.1248893737793,40.30348602444816,39.80171216476243,40.277973144141896,26211600
2015-01-26,39.98030471801758,40.08236271730814,39.32545039934502,39.97180150687445,42525500
2015-01-27,36.28078079223633,36.740031962276895,35.813026412792716,36.527416040324205,169164000
2015-01-28,35.03061294555664,36.39135736799653,35.00510006229797,36.34883481447778,84507100
2015-01-29,35.72798538208008,35.821536925895444,34.69042167749857,34.80948609898643,63585300
2015-01-30,34.35874557495117,35.362293315857286,34.316219781178184,35.33677719074098,78004900
2015-02-02,35.10715103149414,35.183692917230466,34.21416452741203,34.520332070357334,50352500
2015-02-03,35.37930679321289,35.659961515603534,34.911552166825025,35.40482292341591,52082400
2015-02-04,35.58340072631836,35.898071381517944,35.17517854664449,35.66844579715236,41614800
2015-02-05,36.10218811035156,36.26377506061953,35.60041435037415,35.90658183026028,36548200
2015-02-06,36.06816482543945,36.39134193479895,35.84704569435864,36.297790410174244,34616600
2015-02-09,36.025634765625,36.3488118074856,35.89806394155189,35.92358005292301,31381100
2015-02-10,36.229766845703125,36.37434741967707,35.87257350576076,36.34883453661343,29670700
2015-02-11,36.042640686035156,36.27226619898878,35.898060217467105,36.27226619898878,38262500
2015-02-12,36.646488189697266,36.646488189697266,36.15321758917554,36.280788467037965,33268800
2015-02-13,37.30984878540039,37.30984878540039,36.69751700974504,36.89312330904932,40264900
2015-02-17,37.32697296142578,37.686708152737744,36.99292894004376,37.6610137154582,33695700
2015-02-18,37.284149169921875,37.42975862305899,37.16423742460308,37.369802750399586,27111700
2015-02-19,37.258460998535156,37.284155443326796,36.87302798990778,36.98437602958915,27603400
2015-02-20,37.566795349121094,37.58392606260128,37.07858145065915,37.267012764242146,29721100
2015-02-23,37.81519317626953,37.849451342568656,37.38693505770408,37.4297602160906,32518800
2015-02-24,37.763797760009766,37.943665370088404,37.61818831326764,37.81518990603932,25271700
2015-02-25,37.67815017700195,37.76380049256559,37.5154100031409,37.643888743836456,29759800
2015-02-26,37.738101959228516,37.88370813336789,37.592492517739394,37.67814609136528,28957300
2015-02-27,37.558231353759766,37.85801396254465,37.39549446374495,37.79805809425763,33807700
2015-03-02,37.58393478393555,37.849452736117925,37.30128284694754,37.40406388432942,31924000
2015-03-03,37.070011138916016,37.54109754903978,36.90727427645913,37.309837838801535,31748600
2015-03-04,36.881591796875,37.01006727708477,36.72741860674306,36.8387633694548,25748700
2015-03-05,36.92441177368164,37.03575978811319,36.67602130585351,36.89015034349504,23193500
2015-03-06,36.282020568847656,36.92440760932343,36.10215298167831,36.830190320611074,36248800
2015-03-09,36.70170593261719,36.941532612455916,36.136405555070596,36.136405555070596,32108000
2015-03-10,35.99937438964844,36.58180565974298,35.99937438964844,36.27345930882823,39159700
2015-03-11,35.95656204223633,36.29060295227063,35.83665025579849,36.2392140537122,32215300
2015-03-12,35.1342887878418,35.67389481457991,34.9972463504392,35.39980993977471,59992500
2015-03-13,35.44264602661133,35.51973262564894,34.78312807203411,34.86021467107172,58007700
2015-03-16,35.59682083129883,35.66534044056343,35.356994030496224,35.51973422878203,35273500
2015-03-17,35.71672439575195,35.82807241100551,35.24564116293283,35.434072495650575,31673400
2015-03-18,36.40193176269531,36.68458362470984,35.39980956249706,35.48545985970482,44194800
2015-03-19,36.222068786621094,36.479022978285606,36.1621129174777,36.19637108030977,33879100
2015-03-20,36.727413177490234,36.813063484968765,36.39337240403424,36.45332827273917,71904500
2015-03-23,36.71028518676758,36.94154495494099,36.64176232181988,36.7274159030045,26246100
2015-03-24,36.74455261230469,36.975809150846175,36.6160738532478,36.64176829811895,25513300
2015-03-25,35.51115798950195,36.77023774700006,35.494027274808474,36.76167075597844,43469900
2015-03-26,35.29702377319336,35.639631482048685,35.04863334764071,35.30559076295683,37495600
2015-03-27,35.09146499633789,35.485461610693925,34.97155326739036,35.219940448489,34401400
2015-03-30,35.08290100097656,35.57968194028548,35.040075846603344,35.20281274016152,35049700
2015-03-31,34.825950622558594,35.142860720457634,34.72316958733327,34.92873165778392,34887200
2015-04-01,34.87733840942383,34.91159657197853,34.526166921277266,34.77455411971035,36865300
2015-04-02,34.5090446472168,34.894477659544535,34.36343516818161,34.8259547829749,37487500
2015-04-06,35.58824157714844,35.78523987852119,34.41481549186316,34.55185793052896,39223700
2015-04-07,35.57112121582031,35.89659832762814,35.38268984991087,35.63964408876951,28809400
2015-04-08,35.476890563964844,35.708150272215725,35.151416841848075,35.51115198756109,24753400
2015-04-09,35.528289794921875,35.64820153410782,35.33129147092355,35.33129147092355,25723900
2015-04-10,35.733848571777344,35.930846859729755,35.46832743548536,35.65676200106994,28022000
2015-04-13,35.76811981201172,36.02507731992688,35.45120969089357,35.459776683744316,30276700
2015-04-14,35.67390823364258,35.99938210281029,35.45121214700082,35.80238372915068,24244400
2015-04-15,36.19636154174805,36.36766538016522,35.6995840044221,35.7681035793796,27343600
2015-04-16,36.110713958740234,36.26488709811911,35.81949839184115,35.93084638524794,22509700
2015-04-17,35.648193359375,35.75097762712122,35.254196801728426,35.69101850392804,42387600
2015-04-20,36.75310134887695,36.97579407075595,35.69958706326433,35.74241220970077,46057700
2015-04-21,36.521846771240234,36.95867182140513,36.42762947542625,36.830193096686116,26013800
2015-04-22,36.821624755859375,36.94153647464086,36.444755619861226,36.547536626338314,25064300
2015-04-23,37.121402740478516,37.35266244738833,36.65888332665889,36.73596989562882,46309500
2015-04-24,41.001434326171875,41.23269411902848,39.09997036382377,39.10853408918125,130933700
2015-04-27,41.13847351074219,41.22412709421346,40.44469745505055,40.45326117972262,59248200
2015-04-28,42.10633850097656,42.14916365978447,40.85582556662476,40.92434516724737,60730800
2015-04-29,42.020687103271484,42.23481615915726,41.541036841841304,41.72947145657282,47804600
2015-04-30,41.660945892333984,42.43181175054036,41.626684461447056,41.71233803866437,64725500
2015-05-01,41.678077697753906,41.8665123052101,41.45538492586475,41.609558101538,38937300
2015-05-04,41.3183479309082,41.8579508497833,41.266955776436596,41.42969269790442,34039500
2015-05-05,40.77016830444336,41.249818534940886,40.521781098820426,40.95860290702272,50369200
2015-05-06,39.63957595825195,40.915786767875595,39.41688314305586,40.744482842997506,52433000
2015-05-07,39.99931716918945,40.33335804772233,39.53679752167432,39.63101484994787,32971700
2015-05-08,40.898658752441406,41.09565713550196,40.70166036938085,40.7273548162385,35364900
2015-05-11,40.57316589355469,41.03568536204501,40.57316589355469,40.72733904971813,24609400
2015-05-12,40.5560417175293,40.83869363850939,39.759481371394585,40.127783607450425,29928300
2015-05-13,40.79587173461914,41.386866797416374,40.7444795810649,41.275518765057356,34184600
2015-05-14,41.72947692871094,41.81512725535685,41.13847856586236,41.13847856586236,32980900
2015-05-15,41.36973190307617,41.892207309071495,41.15560285257645,41.857945876827536,28642700
2015-05-18,41.121337890625,41.30120876079131,40.77873339964339,41.095643452322555,24136500
2015-05-19,41.01789474487305,41.21617336302688,40.67306036372805,41.00065269695736,28574800
2015-05-20,41.01789474487305,41.31962236193663,40.750647935056456,40.8540969339662,25047900
2015-05-21,40.87995910644531,41.03513425192966,40.52650533919417,40.75926805742069,22410700
2015-05-22,40.43167495727539,40.819609493547304,40.3627067712636,40.776506021581994,25720600
2015-05-26,40.1644287109375,40.41443345572515,39.819594353396994,40.37132998317863,29581900
2015-05-27,41.04377365112305,41.1817068046036,40.1903100030594,40.362727267056535,27335600
2015-05-28,40.905826568603516,41.39721346609009,40.85410042044216,40.94893004777899,19283700
2015-05-29,40.3972053527832,41.009283424531965,40.16444257438889,40.88859234430943,36519600
2015-06-01,40.71616744995117,41.18169291920459,40.19029645193358,40.569614962548066,28837300
2015-06-02,40.448917388916016,40.81961320093707,40.19029324505082,40.45754005724269,21498300
2015-06-03,40.3885612487793,41.15581738754272,40.36269982776581,40.836844514986495,28002200
2015-06-04,39.966156005859375,40.65582153415946,39.82822290019936,40.33685184393029,27745500
2015-06-05,39.77649688720703,40.10408924747941,39.5178727242908,39.923052662296506,25438100
2015-06-08,39.42304992675781,40.026508603826954,39.371323769779806,39.91443690800056,22121600
2015-06-09,39.35407638549805,39.60407786799899,39.19027856857369,39.44890271964144,24406100
2015-06-10,40.181678771972656,40.37133803530619,39.388560906874545,39.47477115774652,28417400
2015-06-11,40.03511428833008,40.44891353682371,39.76787079017316,40.22477351044203,27347800
2015-06-12,39.629940032958984,40.06098135317447,39.569594511215556,39.84546069306673,23931000
2015-06-15,39.20752716064453,39.354082953479136,38.810969843585106,39.181665727796975,33254500
2015-06-16,39.509254455566406,39.862708255499975,39.052348356687844,39.09545183695589,27070300
2015-06-17,39.629940032958984,39.716146981568365,39.1040690961226,39.42303875227846,28704100
2015-06-18,40.2765007019043,40.345465600829485,39.80235263423779,39.845459395723246,32658300
2015-06-19,39.74201202392578,40.37133530264665,39.64718568726244,40.336851204632026,63837000
2015-06-22,39.85408020019531,40.276502142337115,39.79373467825853,39.940290437665226,20318100
2015-06-23,39.57822036743164,39.89719007578539,39.32821557153432,39.76787963171027,25896500
2015-06-24,39.34546661376953,39.871337756844305,39.26787901415874,39.37132805077794,34890900
2015-06-25,39.35407638549805,39.70753015929369,39.224762665671925,39.68166544217777,20616000
2015-06-26,39.01786804199219,39.8971929368157,38.819589382657234,39.35408311330108,49835300
2015-06-29,38.2506103515625,38.9920020360465,38.241990971117545,38.828207498914914,34081700
2015-06-30,38.06095504760742,38.5523419561478,37.87991516926249,38.543719286967935,35945400
2015-07-01,38.319576263427734,38.99199970989857,38.0178453484998,38.328195643358484,28343900
2015-07-02,38.276466369628906,38.578193945388314,37.983358172355224,38.34543126326651,21752000
2015-07-06,38.267860412597656,38.34544800718431,37.888545110499216,37.89716449274868,23034000
2015-07-07,38.190269470214844,38.354067315864306,37.34542867465604,38.22475357336053,36435800
2015-07-08,38.13854217529297,38.70751665678503,37.95750229909368,38.310956093829894,39785900
2015-07-09,38.379913330078125,38.98337173835223,38.36267128543215,38.578191910631205,32424700
2015-07-10,38.4575080871582,38.91441084578009,38.423023991409735,38.80233917888976,25465800
2015-07-13,39.259254455566406,39.32821937469195,38.75062543374806,38.776486867347,28178300
2015-07-14,39.32821273803711,39.6213209941751,39.06096919971852,39.181660254260414,22880300
2015-07-15,39.448909759521484,39.560981450798316,39.16442412915425,39.379944841602345,26629600
2015-07-16,40.224788665771484,40.25065010086352,39.62995263855746,39.66443345581839,26271700
2015-07-17,40.1902961730957,40.32822927911182,39.87994586241329,40.129950644750195,29467100
2015-07-20,40.448917388916016,40.62995724934762,40.035118101014824,40.21615796144643,30631900
2015-07-21,40.75926971435547,40.80237648097472,40.06960420004696,40.32822835683958,42781900
2015-07-22,39.259254455566406,40.45754911156593,38.96614614996626,39.17304419592804,59152400
2015-07-23,39.75062561035156,39.85407459217444,38.879920421639426,39.0264761604237,33934000
2015-07-24,39.604068756103516,39.93166102599703,39.483377732612155,39.57820733352215,32333200
2015-07-27,39.0954475402832,39.66442196761024,39.00924058922144,39.60407644415013,39701400
2015-07-28,39.08681869506836,39.34544277420778,38.61267400188215,39.293719931530056,34328900
2015-07-29,39.90579605102539,40.32821459564171,39.017848921299375,39.13854322263035,40945900
2015-07-30,40.414432525634766,40.86271586468705,39.59545341176203,39.87993895488931,39777900
2015-07-31,40.259273529052734,40.83686751421044,40.086856285162916,40.76790258980575,31201500
2015-08-03,40.35408401489258,40.51787851008572,40.043733780982336,40.500636465025835,24125900
2015-08-04,40.9834098815918,41.12996235325425,40.24201827802232,40.30236380030502,33403900
2015-08-05,41.01789474487305,41.73342164616,40.983410649041666,41.36272583743366,26959700
2015-08-06,40.1902961730957,41.181692633488474,39.940294679343445,41.12996648551319,27368000
2015-08-07,40.29374694824219,40.32822775700632,39.879944357227316,39.992016029318194,19163000
2015-08-10,40.8023681640625,40.94030123880874,40.37994627282368,40.47477587832121,23079900
2015-08-11,40.00924301147461,40.466145619239995,39.56958244589062,40.362696654734926,29237400
2015-08-12,40.29374694824219,40.431680049052304,39.40579952872908,39.819598831159425,30181400
2015-08-13,40.285118103027344,40.60408773313615,40.0782201278264,40.569606929658676,22627200
2015-08-14,40.517887115478516,40.604094070503166,40.10408781190803,40.11270719197668,21473400
2015-08-17,40.79374694824219,40.90581860314278,40.14718502075917,40.3540862845307,21099700
2015-08-18,41.01935958862305,41.158202220557996,40.52473250546295,40.64621939462235,23574100
2015-08-19,40.446651458740234,40.85450332121672,40.177642290470715,40.59417037309159,31485500
2015-08-20,39.622249603271484,40.325142216035005,39.622249603271484,39.97803401732655,36238200
2015-08-21,37.37473678588867,39.466055815126644,37.37473678588867,39.309857438646674,70053100
2015-08-24,36.1685676574707,37.04501181195334,34.46774330583252,35.10121349873025,88753700
2015-08-25,35.1185417175293,37.52225740073477,35.0491187484997,36.94085162105463,70616600
2015-08-26,37.062339782714844,37.17515045613755,35.6305257550075,36.45490202386803,63408000
2015-08-27,38.09499740600586,38.13838512217714,37.2532618091466,37.51359141644486,50943200
2015-08-28,38.12102508544922,38.311934987452226,37.65242985886193,37.66110938728217,28246700
2015-08-31,37.7652473449707,38.12103193794068,37.40078322202029,37.79995884435089,34441700
2015-09-01,36.2900276184082,36.958208825542194,36.151184985125134,36.5937448442557,49688900
2015-09-02,37.62638854980469,37.64374429206476,36.34209341498352,36.7586212984172,37671500
2015-09-03,37.74787902832031,38.16440695140045,37.556969155557454,37.66977983585093,28285200
2015-09-04,36.97557067871094,37.34871093799626,36.61978616523773,37.14912482656202,37138800
2015-09-08,38.086326599121094,38.18178158272131,37.48756803418064,37.57434348639648,32469800
2015-09-09,37.37473678588867,38.528868866516305,37.235894152380865,38.3639909634155,33469500
2015-09-10,37.56566619873047,37.9995500680336,37.09707082541799,37.41814396182637,31366600
2015-09-11,37.730533599853516,37.82598856233212,37.26193831692431,37.43549249322445,27132500
2015-09-14,37.34870910644531,37.6958140748557,37.19251071206618,37.68713785751014,23656000
2015-09-15,38.16442108154297,38.4334302463742,37.38343217796249,37.478883839414635,28882200
2015-09-16,38.442100524902344,38.51152351552415,38.04292825963812,38.15573896426336,23372200
2015-09-17,38.398719787597656,39.04954554670948,38.25120087112905,38.43343128921532,32768200
2015-09-18,37.730533599853516,38.17309691493241,37.60037045033135,37.74788934851059,63143700
2015-09-21,38.277225494384766,38.58962232843307,37.834662209392874,37.85201795687004,26177200
2015-09-22,38.09499740600586,38.22516055451971,37.58301441053536,37.64375787522928,28085900
2015-09-23,38.06896209716797,38.3292917042548,37.75656524455555,38.121029342693554,17145200
2015-09-24,38.10368728637695,38.294597278301886,37.54831637561906,37.704514858053685,27905600
2015-09-25,38.129703521728516,38.81524065491909,37.973505103779516,38.598298775575515,29384600
2015-09-28,37.56566619873047,38.25987972756124,37.49624319071178,38.034261572042944,27613800
2015-09-29,37.69582748413086,37.8086382113718,37.357398612679084,37.63508401029444,32763600
2015-09-30,38.40739059448242,38.44210209120763,37.886731384686406,38.07764130640452,34958900
2015-10-01,38.71110153198242,38.832588429829244,37.96482109061518,38.832588429829244,28657900
2015-10-02,39.544166564941406,39.544166564941406,38.1123487986759,38.41606942408367,41839000
2015-10-05,40.464012145996094,40.689630310256696,39.656987852999784,39.70037557955705,34369300
2015-10-06,40.56813049316406,40.94127078177308,40.10821477894517,40.20366973327821,27017200
2015-10-07,40.611515045166016,41.088786469414806,39.873914054078796,40.871844612004445,27711500
2015-10-08,41.175567626953125,41.23631108578889,40.35118785812028,40.403255098666754,33772700
2015-10-09,40.88052749633789,41.253667786540085,40.71564955259673,41.17556857904962,28600600
2015-10-12,40.785072326660156,40.84581578658037,40.35118857850419,40.76771657950148,19769100
2015-10-13,40.68961715698242,40.897882811513504,40.40325560605625,40.40325560605625,19987800
2015-10-14,40.50737762451172,40.871838299744084,40.37721120606043,40.48134566492927,24697800
2015-10-15,40.79374694824219,40.81110269472148,40.3772189635498,40.79374694824219,27189400
2015-10-16,41.227630615234375,41.253665890047856,40.69829524465589,40.80242641309934,26450300
2015-10-19,41.323097229003906,41.548718686294755,40.80243792956073,41.149543025765816,29387600
2015-10-20,41.4532470703125,41.48795855908168,40.80242155210421,41.16688225337136,30802200
2015-10-21,40.95862579345703,41.64416289838393,40.88052658770244,41.58341612922348,25144300
2015-10-22,41.678871154785156,42.4772189605926,40.863170912353205,41.24498741322705,56637100
2015-10-23,45.878868103027344,46.92018979469905,45.34085316460062,45.3842408787806,135227100
2015-10-26,47.076385498046875,47.13712895644854,45.55779241746472,45.5838243824168,64633300
2015-10-27,46.590431213378906,47.18051331905451,46.49497957857342,46.85076408550107,50999900
2015-10-28,46.84209060668945,46.84209060668945,45.87019190547342,46.46027408735076,47000800
2015-10-29,46.30406951904297,46.711921260957126,46.18258261130768,46.460267917636905,30202100
2015-10-30,45.679290771484375,46.850779141699476,45.661935020414035,46.26937306679175,46619800
2015-11-02,46.199947357177734,46.30407853977002,45.66192907486463,45.86151522077926,30285000
2015-11-03,46.9896125793457,47.197874930603646,45.90490317825527,45.93093514459492,36596900
2015-11-04,47.20654296875,47.62307088014685,46.9115019510602,47.01563310134202,37087800
2015-11-05,47.18919372558594,47.466879038101354,46.859441175622614,47.28464867243874,31468500
2015-11-06,47.657806396484375,47.7098736566294,46.82475009579298,46.93756083763811,32851200
2015-11-09,46.998294830322266,47.614409054755725,46.47763557507978,47.33672367725696,32513100
2015-11-10,46.43424606323242,46.9722643962116,46.22598367843545,46.920197144876894,55283700
2015-11-11,46.55573654174805,47.03300809534534,46.39085856685868,46.59912426293491,36516300
2015-11-12,46.26935958862305,46.84208596602607,46.15654889466288,46.40820224647014,35361100
2015-11-13,45.85284423828125,46.243340355438434,45.58383506640164,46.05243040699026,36848200
2015-11-16,46.65985870361328,46.763989876361286,45.861510885157784,46.06110032247438,32165200
2015-11-17,46.27548599243164,46.76470929961126,46.170649570107,46.45020669780503,31551300
2015-11-18,47.044254302978516,47.157825398268535,46.284208766216324,46.30168149876732,29710000
2015-11-19,47.12287902832031,47.7518840577464,46.98310050317929,47.1665625251505,28149200
2015-11-20,47.341270446777344,47.43736878181951,46.53754497657382,47.39368862932271,37147600
2015-11-23,47.341270446777344,47.57714726935847,46.956880439190705,47.39368862932271,28235900
2015-11-24,47.393707275390625,47.55969325321499,46.8083856699705,47.105412156840416,24600000
2015-11-25,46.90447235107422,47.37622609776378,46.90447235107422,47.2539203114182,21005100
2015-11-27,47.1141471862793,47.245191019552685,46.99184138593513,47.000576086281235,9009100
2015-11-30,47.48106002807617,48.01396667776185,47.17529555657593,47.64704931196156,56241400
2015-12-01,48.2411003112793,48.249835009239554,47.43737146306555,47.53346980353937,39952800
2015-12-02,48.23237228393555,48.88758474205575,48.10133179186124,48.328470644339774,47274900
2015-12-03,47.35002517700195,48.72160311116028,47.114148271227926,48.476991504839006,38627800
2015-12-04,48.843910217285156,49.1234672984193,47.26266276939626,47.28013550354005,43963700
2015-12-07,48.756553649902344,48.896332201279655,48.30227252478018,48.73908091440723,30709800
2015-12-08,48.73906707763672,49.00988606946791,48.040174519162136,48.459510054246884,32878000
2015-12-09,48.03143310546875,48.80895123030918,47.62083229827252,48.372142995447604,36373200
2015-12-10,48.28478240966797,48.62549229772865,48.057640262572626,48.389615452321486,31775800
2015-12-11,47.22771072387695,48.13626938062794,47.18402723139196,47.7955594677735,39549500
2015-12-14,48.17122268676758,48.23237558710686,46.89574314742953,47.46359531638928,46768900
2015-12-15,48.2236328125,48.835165046085145,48.127534461604576,48.62549561389671,39843000
2015-12-16,49.03609848022461,49.140931534374786,47.83924139272784,48.52066457616075,37503300
2015-12-17,48.66044235229492,49.61268452217809,48.511925806307374,49.23702914022346,41280900
2015-12-18,47.28886413574219,48.922526128702515,47.20150048239136,48.72159472486955,84684200
2015-12-21,47.90039825439453,48.35467593927547,47.376226311513626,47.94407841648892,37246300
2015-12-22,48.35468673706055,48.46825784993302,47.61211381788834,48.04018750020243,28322200
2015-12-23,48.76527404785156,48.817692238961925,48.433298835984374,48.660440998213396,27279800
2015-12-24,48.63423538208008,48.88758500037849,48.42456926062016,48.80022467186734,9558500
2015-12-28,48.87884521484375,48.87884521484375,48.03143611960808,48.35467330056684,22458300
2015-12-29,49.40302276611328,49.66510710454428,48.97495245761205,49.17588389482859,27731400
2015-12-30,49.193355560302734,49.60395312631581,49.17588282710895,49.333134093269905,21704500
2015-12-31,48.46824645996094,49.0885134191625,48.41582826651104,48.95747293441183,27334100
2016-01-04,47.87419128417969,47.87419128417969,46.64239195305816,47.45485569620034,53778000
2016-01-05,48.092586517333984,48.38961625358931,47.647043579242194,47.987753472944576,34079700
2016-01-06,47.21898651123047,47.5247543851971,46.86080376307449,47.45486344283322,39518900
2016-01-07,45.576576232910156,46.72975320609292,45.489215906306434,46.039595295141844,56564900
2016-01-08,45.71635437011719,46.54628740311388,45.55910312895132,45.7512964983676,48754000
2016-01-11,45.690147399902344,46.170635862191325,44.95630932442327,45.8736060856264,36943800
2016-01-12,46.10947036743164,46.38902733574048,45.480468855027716,46.09199764033959,36095500
2016-01-13,45.11355972290039,47.23644828196163,44.816529951969684,47.00057140511229,66883600
2016-01-14,46.39777374267578,46.66859273004388,45.05240350691976,45.42805887576829,52381900
2016-01-15,44.54570388793945,45.40184760203569,43.97785186704536,44.825260883049154,71820700
2016-01-19,44.1700553894043,45.14850502377391,43.73324710034502,44.97378104163364,43564500
2016-01-20,44.37098693847656,44.88642085444984,42.89457278407742,43.66335630830156,63273000
2016-01-21,44.10017395019531,45.06115439239826,43.94292266569999,44.554455068450316,40191200
2016-01-22,45.6814079284668,45.71635338854948,44.78158066054159,44.912624469560384,37555800
2016-01-25,45.24460220336914,45.99591297421613,45.122296418828036,45.375642687127744,34707700
2016-01-26,45.576576232910156,45.81245311383962,45.03493487628482,45.244604325749734,28900800
2016-01-27,44.74665451049805,45.602798592727595,44.571930480279356,45.43680926435717,36775200
2016-01-28,45.48047637939453,45.611516855391514,44.77284581171384,45.305752412149396,62513800
2016-01-29,48.127540588378906,48.127540588378906,47.175298322274124,47.813038066350465,83611700
2016-02-01,47.795555114746094,48.127530298418115,47.61209646031509,47.94407164398711,44208500
2016-02-02,46.30167770385742,47.40243310368821,45.99591324073295,47.323807479944385,56313800
2016-02-03,45.56782531738281,46.64237294861457,44.7815693274173,46.52006720186031,57559800
2016-02-04,45.428062438964844,46.13569307284006,44.877683057061894,45.5154227644682,46987100
2016-02-05,43.82060241699219,45.42805687032227,43.29643386305989,45.375638681896085,62009000
2016-02-08,43.165401458740234,43.305179998878046,42.099588007324854,43.28770726478791,59290500
2016-02-09,43.05182647705078,43.89050097494652,42.51891979932612,42.82468761949719,46740500
2016-02-10,43.42747116088867,44.02153058929934,43.261485241878866,43.58472238209045,38237000
2016-02-11,43.410011291503906,43.77693202719051,42.379143350523016,42.52765991790999,48878600
2016-02-12,44.11763000488281,44.274881229922634,43.46241767807762,43.89922589594775,34243300
2016-02-16,44.95353698730469,44.95353698730469,44.10884420549356,44.78635925648084,37291200
2016-02-17,46.1237907409668,46.431753978132285,45.27030049036241,45.30549686429749,40789000
2016-02-18,45.92140197753906,46.590119442953345,45.84221183970079,46.0445892470174,27176000
2016-02-19,45.59584426879883,46.00059237267618,45.340675672502705,45.72782895143749,33559100
2016-02-22,46.32615661621094,46.63411641977522,46.00059527357428,46.00059527357428,25008300
2016-02-23,45.03272247314453,46.079789248847334,44.85674398939766,46.05339365106394,28895300
2016-02-24,45.191097259521484,45.31428117616266,44.17042620612463,44.60156991436874,33014500
2016-02-25,45.84221267700195,45.84221267700195,44.531180029023474,45.51665470728051,26939500
2016-02-26,45.1383171081543,46.35256519292184,44.96233858975869,46.28217244295917,35975900
2016-02-29,44.768760681152344,45.44627572624541,44.57518399497983,45.182306297279,31654000
2016-03-01,46.26457214355469,46.273369558004646,44.803952963072554,44.847950104854334,33024500
2016-03-02,46.59012985229492,46.59892726668255,45.895016637799706,46.11498891910751,29289900
2016-03-03,46.062191009521484,46.60772464413291,45.560654513176765,46.60772464413291,24427800
2016-03-04,45.78063201904297,46.15018721242229,45.49906775575909,46.106193425629954,33034200
2016-03-07,44.900733947753906,45.578248870754884,44.50478658867772,45.36707739344894,38407800
2016-03-08,45.446258544921875,45.868604772481746,44.52237260584338,44.69835103978735,33835100
2016-03-09,46.49334716796875,46.50214458342669,45.63105612311506,45.65745172599994,28251600
2016-03-10,45.798213958740234,46.58131449798569,45.01511341949479,46.5725170863523,38387800
2016-03-11,46.695709228515625,46.695709228515625,46.08858702338737,46.63411726668422,32275700
2016-03-14,46.78371047973633,47.15326571540165,46.308572828896864,46.37896222451668,24083600
2016-03-15,47.15325927734375,47.15325927734375,46.40535484887842,46.414152263438055,21104800
2016-03-16,47.82197189331055,48.041944171304635,46.986079922141485,47.03007370643819,31691700
2016-03-17,48.094730377197266,48.39389275759553,47.514003798366524,47.69877967424221,28223900
2016-03-18,47.06527328491211,48.36750885662904,47.03007691247119,48.32351171282247,67625500
2016-03-21,47.390830993652344,47.45242296672009,46.57253380116847,46.85409806562413,23925700
2016-03-22,47.57560348510742,47.733983792016524,47.03887059574997,47.17085530367774,23124100
2016-03-23,47.487606048583984,47.72517645957557,47.28523199992668,47.6107899602441,20129000
2016-03-24,47.69878387451172,47.80437297560439,47.27643753967193,47.37322587075173,19950000
2016-03-28,47.1092643737793,47.76918121494782,46.92448846381466,47.69878847409807,17025100
2016-03-29,48.13871765136719,48.2707023200273,47.03005918935859,47.2148350402751,23924300
2016-03-30,48.43788528442383,48.95701989123424,48.305903957850965,48.33229955186356,23008300
2016-03-31,48.596275329589844,48.9130359474509,48.27071729745957,48.349907451924835,26360500
2016-04-01,48.89543151855469,48.93062788415821,48.0155425175276,48.437888835239384,24399200
2016-04-04,48.772254943847656,48.974629041793875,48.393902347879745,48.772254943847656,18928800
2016-04-05,48.00674057006836,48.65785648968377,47.91874966437043,48.56106817167098,19272300
2016-04-06,48.499488830566406,48.569881573433776,47.698789841259085,47.83077455588003,21188700
2016-04-07,47.91875076293945,48.314701456382934,47.716376709959434,48.27950509329686,19225100
2016-04-08,47.883567810058594,48.64027304578129,47.79558023421166,48.10354010618678,22167200
2016-04-11,47.786766052246094,48.52587284216618,47.77796528384282,47.945146318408234,21414200
2016-04-12,48.08592987060547,48.20031301125859,47.3028259278084,47.839558695446144,24944300
2016-04-13,48.70186233520508,48.78105249170584,48.2971141382059,48.49948823670549,20818000
2016-04-14,48.71065902709961,48.90423569489343,48.455490393464196,48.587475095416416,20877100
2016-04-15,48.96583557128906,49.20340270276599,48.49069459531333,48.657872335818446,28793800
2016-04-18,49.678531646728516,49.792918155428396,48.57867040752618,48.825041607534395,23786000
2016-04-19,49.616939544677734,49.95129830026672,48.99221916815077,49.82811437886818,29596800
2016-04-20,48.91303253173828,49.71373143474545,48.82504496914819,49.52895553940003,36195700
2016-04-21,49.08021545410156,49.476166240815736,48.76345482473022,49.09781363979005,38909100
2016-04-22,45.56066131591797,46.13259063367685,44.67197470831189,45.675047850771925,126834100
2016-04-25,45.85102081298828,45.86861899749126,45.42867445444821,45.560655803454836,33226900
2016-04-26,45.26148986816406,46.06218874011714,44.953530054532195,45.9829985942532,33532600
2016-04-27,44.82154846191406,45.3142875543439,44.47839225825294,45.29668936998814,43369300
2016-04-28,43.90645980834961,44.67196225259894,43.60729743203804,44.53997756791355,43134800
2016-04-29,43.88007354736328,44.21443238382021,43.422530759714576,43.422530759714576,48411700
2016-05-02,44.53117370605469,44.65435760378223,43.80086437451361,43.99444098894801,33114500
2016-05-03,43.800872802734375,44.35520380568286,43.64249251617767,44.293611844967494,26460200
2016-05-04,43.88007354736328,44.04725464384721,43.51931910893981,43.85367794539674,24257600
2016-05-05,43.941650390625,44.258410931183356,43.756874527469215,43.880058436239736,25390700
2016-05-06,44.33760452270508,44.33760452270508,43.6952859793935,43.92405563401419,24787300
2016-05-09,44.05605697631836,44.51359981503573,43.99446499384788,44.42561222765256,17951600
2016-05-10,44.89194869995117,44.962338092624506,44.16163903146306,44.28482634253569,22891000
2016-05-11,44.91835021972656,45.56066903634677,44.87435642394655,44.988742978183744,24039100
2016-05-12,45.32307434082031,45.58704368775015,44.803939771839794,45.050310938540335,24102800
2016-05-13,44.944740295410156,45.6662491443739,44.909543923140994,45.26149757630018,22592300
2016-05-16,45.60464859008789,45.719031743673874,44.65436685669251,44.69836063549559,20032000
2016-05-17,44.754058837890625,45.83503306533124,44.62115433155826,45.82617411690426,27803500
2016-05-18,45.01985549926758,45.31224799306636,44.567971581596936,44.727459625482275,24907500
2016-05-19,44.58570098876953,44.85151331709942,44.14267931489067,44.71860884292804,23842400
2016-05-20,44.85151290893555,45.38314094074447,44.656585672594005,44.727467382176265,23905800
2016-05-23,44.32874298095703,44.90467244889536,44.284441494189494,44.83378736607788,26118700
2016-05-24,45.71099090576172,45.81731519472977,44.656600205190365,44.9224126176046,34757900
2016-05-25,46.18058395385742,46.50842246598057,45.88819137113852,46.003374586761474,24040200
2016-05-26,45.97678756713867,46.05653160154252,45.50718568675329,46.012230111315276,24335200
2016-05-27,46.35778045654297,46.35778045654297,45.870457367253245,46.0033618207032,17721400
2016-05-31,46.96029281616211,46.96029281616211,46.14513463872806,46.30461931606301,37653100
2016-06-01,46.827396392822266,46.916002768487154,46.46411870256529,46.46411870256529,25324800
2016-06-02,46.499549865722656,46.72992300604849,45.93248272028492,46.64131665208209,22840800
2016-06-03,45.88817596435547,46.44638072030937,45.71982560114292,46.41094156277878,23368300
2016-06-06,46.18943405151367,46.384361261719064,45.97678219130539,46.06538854138661,18243300
2016-06-07,46.16285705566406,46.72106531102064,46.16285705566406,46.286905963511074,20866800
2016-06-08,46.109703063964844,46.46411842454082,45.959073916229656,46.0919817889379,21149400
2016-06-09,45.7375602722168,46.07425771731674,45.622377061514435,46.07425771731674,20305700
2016-06-10,45.613494873046875,46.118539130791504,45.22363715583629,45.23249609896079,25833200
2016-06-13,44.426204681396484,44.940111350237416,43.469279800777066,43.93002266181105,83217800
2016-06-14,44.15153503417969,44.39076372788662,43.92116190544368,44.213557788842465,42577100
2016-06-15,44.02750015258789,44.40849912672679,44.02750015258789,44.10724420252365,33757600
2016-06-16,44.6477165222168,44.71860160095172,43.86799755606558,43.876859880900746,31188600
2016-06-17,44.41735076904297,44.68316307822001,44.142676134234115,44.66544180694329,45710500
2016-06-20,44.36420440673828,45.03759946019924,44.32876185024281,44.86924900683989,35607900
2016-06-21,45.3565559387207,45.56920782086173,44.4439324086701,44.4793749523581,34097800
2016-06-22,45.17934036254883,45.595778332277725,45.14389782640578,45.25908437887756,28816800
2016-06-23,45.994503021240234,46.12741085509707,45.32111166699928,45.43629485102281,29028800
2016-06-24,44.15153503417969,45.13504016382661,43.87686042068264,44.133813764277946,133503000
2016-06-27,42.91107940673828,43.54903169581225,42.565523043485584,43.504726824636585,50216300
2016-06-28,43.80598831176758,43.83257191448475,43.12373442847906,43.34524529785893,38140700
2016-06-29,44.78062438964844,44.94011243693936,44.12495093078726,44.22241622413022,31304000
2016-06-30,45.338844299316406,45.45403090078083,44.74519677636078,44.94012742807168,28527800
2016-07-01,45.329959869384766,45.826145167543366,45.25021586396617,45.303379660907176,21400400
2016-07-05,45.338844299316406,45.43630962517186,44.95784870368065,45.037592753927136,24806400
2016-07-06,45.52490997314453,45.6666767792506,44.64772553662198,44.99328191525632,28167500
2016-07-07,45.52490997314453,45.728699545672804,45.25023530756959,45.560349139680596,19585200
2016-07-08,46.34006881713867,46.393232637559116,45.67553627182601,45.83502435310004,28391000
2016-07-11,46.597023010253906,46.80967491558893,46.490698747580076,46.517278968251695,22269200
2016-07-12,47.146366119384766,47.31471652006594,46.774229532591534,46.90713400788033,27317600
2016-07-13,47.41217041015625,47.72228755988382,47.119777910112845,47.45647527439347,25356800
2016-07-14,47.61598205566406,47.83749294405478,47.474215222293516,47.70458505902518,24545500
2016-07-15,47.58051681518555,47.84632907851336,47.146354193760615,47.80202759795644,32024400
2016-07-18,47.81089401245117,48.14759140126754,47.44761640714479,47.5805242495685,31433900
2016-07-19,47.040035247802734,47.75773148138469,46.89826846610605,47.58938110437904,53336500
2016-07-20,49.53868103027344,50.36270157403833,49.20198362809315,49.7513329105944,89893300
2016-07-21,49.44121551513672,49.822214404929724,49.4057729719032,49.60070357970063,32776700
2016-07-22,50.12347412109375,50.176637941097404,49.42349903432177,49.68931475435275,32157200
2016-07-25,50.26523971557617,50.27410204202336,49.84879825222542,50.03486992775722,25610600
2016-07-26,50.29182434082031,50.761429664032946,50.070313480055624,50.079175807279206,28079000
2016-07-27,49.78677749633789,50.32726451186467,49.71589578183573,50.158917482433104,32327500
2016-07-28,49.80448913574219,49.94625591731038,49.37032984593377,49.61842086868143,37550400
2016-07-29,50.220947265625,50.29182899002884,49.662738898498134,49.848807227544484,30558700
2016-08-01,50.13233184814453,50.28295758768746,49.7424706305285,50.15004973986619,26003400
2016-08-02,50.13233184814453,50.41586543550874,49.89309975005842,50.371560566243666,35122000
2016-08-03,50.4778938293457,50.60193936516147,50.05259340083992,50.22094043087741,22075600
2016-08-04,50.85001754760742,50.96520410737692,50.212065376559714,50.32725193632921,26587700
2016-08-05,51.355064392089844,51.576575197832106,50.903183835569756,51.080393156160895,29335200
2016-08-08,51.44367599487305,51.470256212680276,51.19558156871989,51.44367599487305,19473500
2016-08-09,51.56772232055664,51.83353464272706,51.40823425125698,51.541138722348656,16920700
2016-08-10,51.40823745727539,51.674049796022906,51.231028104781295,51.53228299002508,15756900
2016-08-11,51.65631866455078,51.7892264985537,51.4170865913375,51.4170865913375,18162300
2016-08-12,51.33735656738281,51.55886743113919,51.05382293217365,51.417100613534615,21655200
2016-08-15,51.496829986572266,51.83352734994249,51.35506320936163,51.399364693492466,19283900
2016-08-16,51.21153259277344,51.37201469088638,51.059968056251904,51.36310053034821,20523500
2016-08-17,51.31853485107422,51.42552180766032,51.024316469144914,51.30070312480087,18856400
2016-08-18,51.354183197021484,51.44334180806566,51.059968283208825,51.19370109819521,14214300
2016-08-19,51.37200927734375,51.47008203819497,50.99755335524225,51.20261303654348,17271000
2016-08-22,51.41659927368164,51.48792617188006,51.05105742304897,51.35418993828487,15221900
2016-08-23,51.61273193359375,51.87128677331423,51.57706849341447,51.62164949416499,18732400
2016-08-24,51.66623306274414,51.74647411189115,51.46117335960249,51.53249684714803,18151500
2016-08-25,51.86237335205078,51.96936368112787,51.51466328518306,51.6038218927473,18552600
2016-08-26,51.7375602722168,52.33491110351786,51.434427775971514,51.96045171354264,20971200
2016-08-29,51.79996871948242,52.24575159452462,51.79996871948242,51.87129561199482,16417200
2016-08-30,51.61273193359375,51.88020093283263,51.36309465444451,51.692972973470695,16930200
2016-08-31,51.229373931884766,51.53250646288632,51.0867235291225,51.398773623389495,20860300
2016-09-01,51.34526824951172,51.55032795019065,50.82815851654061,50.82815851654061,26075400
2016-09-02,51.41659927368164,51.8802139088103,51.19370781839211,51.41659927368164,18900500
2016-09-06,51.36309814453125,51.532494395313904,51.00647052061158,51.51466267401261,16278400
2016-09-07,51.407684326171875,51.56816644361167,51.18479287428922,51.23828804712037,17493400
2016-09-08,51.202613830566406,51.523577997946674,50.97972242555821,51.380927634783546,20146100
2016-09-09,50.11491012573242,51.2828624857459,50.11491012573242,50.63201989462575,35113900
2016-09-12,50.86383056640625,51.00648096497336,49.5799769793022,49.927687113243685,29303000
2016-09-13,50.40020751953125,50.50719785141258,49.97225639516556,50.37346163708752,30130200
2016-09-14,50.159488677978516,50.48937046133611,49.954428959192,50.27539318026776,24062500
2016-09-15,50.98863983154297,51.13129020378808,49.90984617887343,50.06141411247627,26847000
2016-09-16,51.04212951660156,51.380925389705226,50.59634672606356,51.380925389705226,44607000
2016-09-19,50.75682830810547,51.48791180537901,50.68550142980914,51.05996073875933,20937100
2016-09-20,50.64984893798828,51.131291834007186,50.596353771295846,51.131291834007186,17384000
2016-09-21,51.496826171875,51.577067209754894,50.89056470918028,51.27393477788115,33707300
2016-09-22,51.550323486328125,51.710805568798285,51.3809272441887,51.639478687232476,19822200
2016-09-23,51.202613830566406,51.63056492005578,51.158036229775355,51.59490147900177,19955300
2016-09-26,50.730079650878906,50.94405347194343,50.667670336314046,50.890561717203575,21688700
2016-09-27,51.66623306274414,51.76430583404085,50.533944214137726,50.75683563942906,28065100
2016-09-28,51.7375602722168,51.76430955789227,51.41659605253903,51.60382744805339,20536400
2016-09-29,51.175872802734375,51.86237540232634,51.00647314219201,51.541414605565905,25463500
2016-09-30,51.354183197021484,51.50575113526996,51.122377610413125,51.32743731423486,29910800
2016-10-03,51.193695068359375,51.3095995485384,50.87273430956437,51.184780908831534,19189500
2016-10-04,51.033226013183594,51.35418683250444,50.79250284790283,51.05997189786362,20085900
2016-10-05,51.389854431152344,51.67515522763332,51.051058459936016,51.077807747830576,16726400
2016-10-06,51.479007720947266,51.585994658277144,51.0688848925848,51.479007720947266,16212600
2016-10-07,51.532501220703125,51.692983332617246,51.19370527321182,51.57707882933404,20089000
2016-10-10,51.74647521972656,52.05852186139373,51.59490727873586,51.63057072379877,18196500
2016-10-11,50.98863983154297,51.72864097578856,50.721170808715016,51.61273648551029,26497400
2016-10-12,50.917320251464844,51.05997063465169,50.28430938863904,50.917320251464844,22177500
2016-10-13,50.74791717529297,51.08671308800535,50.21297912452873,50.551775037241114,25313700
2016-10-14,51.193695068359375,51.47899918904302,50.92622606883711,50.92622606883711,27402500
2016-10-17,51.015380859375,51.229354682591364,50.70333088235995,51.14019948975998,23830000
2016-10-18,51.407684326171875,51.66623922660862,51.18479287428922,51.29177981889787,19149500
2016-10-19,51.29177474975586,51.5681613471545,51.17587365498996,51.238282983264924,22878400
2016-10-20,51.04212951660156,51.28285263161842,50.516105687724604,51.265020911870565,49455600
2016-10-21,53.19081497192383,53.895152763290554,53.039250419911376,53.74358481022452,80032200
2016-10-24,54.38550567626953,54.38550567626953,53.431530684852,53.440444845056874,54067000
2016-10-25,54.37659454345703,54.715387066954065,54.207194880655216,54.25177248626763,35137200
2016-10-26,54.05562973022461,54.56382191077799,53.91297935324565,54.2161118294576,29911600
2016-10-27,53.583106994628906,54.23395306740966,53.574192832464476,54.0378074892536,28479900
2016-10-28,53.37804412841797,53.95756326573042,53.11949262814431,53.5028627977336,33574700
2016-10-31,53.422611236572266,53.86839405423814,53.422611236572266,53.636588485515205,26434700
2016-11-01,53.31563186645508,53.51177742235517,52.82527137775831,53.46719981448337,24533000
2016-11-02,52.98575210571289,53.431534974917234,52.86984760742481,53.33346219952374,22147000
2016-11-03,52.78960418701172,53.17297770941524,52.70044897759132,53.074904938420865,21600400
2016-11-04,52.34382247924805,52.8520146663434,52.17442621723403,52.29033071285062,28697000
2016-11-07,53.86838912963867,53.957547725652844,53.2977877193587,53.2977877193587,31664800
2016-11-08,53.912986755371094,54.189369985622136,53.627685962242055,53.984310253126495,22935400
2016-11-09,53.645503997802734,54.0199633426297,52.78068762244505,53.493939468480846,49632500
2016-11-10,52.33489227294922,53.930795234874715,51.38091751940767,53.92187767584035,57822400
2016-11-11,52.62021255493164,52.70936777219035,51.71972921577248,51.91587477500587,38767800
2016-11-14,51.81779098510742,52.6736965337738,51.06887575568234,52.62020137415315,41328400
2016-11-15,52.8410530090332,53.397560544149584,52.34737984158384,52.35635764726325,35904100
2016-11-16,53.541175842285156,53.55015022414003,52.78720107737686,52.90388516163871,27332500
2016-11-17,54.429779052734375,54.70803278664115,53.82839625806939,54.223334059460015,32132700
2016-11-18,54.16947937011719,54.87857530015905,54.12460061769047,54.55544280423975,27686300
2016-11-21,54.62725067138672,54.72598597955986,54.23230943869417,54.30411818064892,19652600
2016-11-22,54.860633850097656,54.986295751095064,54.582383476183395,54.73497194910025,23206700
2016-11-23,54.21437072753906,54.84268021597323,54.07973102342894,54.76189707831314,21848900
2016-11-25,54.3310546875,54.3310546875,53.97202118412386,54.12460965265199,8409600
2016-11-28,54.40285873413086,54.770870012057934,54.04382183779877,54.16050934271114,20732600
2016-11-29,54.83369827270508,55.12092640610697,54.32207294608112,54.438760445284835,22366700
2016-11-30,54.08869934082031,54.91448281364228,54.05279839124246,54.62725467284234,34655400
2016-12-01,53.13725280761719,53.98996277479923,52.90387782340523,53.95405840430059,34542100
2016-12-02,53.182132720947266,53.379603338976025,52.77821710408358,53.02954427903727,25515700
2016-12-05,54.05279541015625,54.38490228763449,53.46038697442483,53.58604885109068,23552700
2016-12-06,53.81044006347656,54.26820876679743,53.675800396837445,54.24128220308119,19907000
2016-12-07,55.08502960205078,55.09400740846969,53.675815308913975,53.86430815535217,30809000
2016-12-08,54.76189041137695,55.27351917028972,54.6093019610568,55.022191981483736,21220800
2016-12-09,55.623573303222656,55.64152548825737,54.86959865191054,54.91447740248274,27349400
2016-12-12,55.803104400634766,55.919791925001654,55.399192104956605,55.488949631989485,20198100
2016-12-13,56.53013610839844,56.92507390509827,55.86592238558376,56.099293941808845,35718900
2016-12-14,56.260868072509766,56.95201188168484,56.1262283785554,56.5480962238514,30352700
2016-12-15,56.17110824584961,56.68273358335773,55.919781055754214,56.27881794215934,27669900
2016-12-16,55.91976547241211,56.50319939422564,55.75819926095693,56.50319939422564,42453100
2016-12-19,57.10459518432617,57.239234866126814,56.02748800200906,56.15315330290335,34338200
2016-12-20,57.03279113769531,57.266162710790944,56.575018948581246,57.16742739847107,26028400
2016-12-21,57.03279113769531,57.1764052036071,56.65580207465847,56.93405582537544,17096300
2016-12-22,57.04177474975586,57.535447967215944,56.91611284975111,57.302076356354256,22176600
2016-12-23,56.76351547241211,57.03279141932273,56.36857422118239,56.95200829284659,12403800
2016-12-27,56.79941940307617,57.50851539225834,56.73658845963265,56.73658845963265,11763200
2016-12-28,56.539119720458984,56.90713098955739,56.3955056501774,56.90713098955739,14653300
2016-12-29,56.45832061767578,56.72759649526147,56.30572878515914,56.42241625425674,10250600
2016-12-30,55.77616882324219,56.53912137597705,55.677433505027,56.512191382990416,25579900
2017-01-03,56.17110824584961,56.40447982519228,55.767192604651214,56.359601070399016,20694100
2017-01-04,55.91976547241211,56.32368100105005,55.75819926095693,56.08133168386728,21340000
2017-01-05,55.91976547241211,56.242897895322464,55.67741615522934,55.8210301849641,24876000
2017-01-06,56.40447998046875,56.682733739400206,55.68640962971122,55.919781209696346,19922900
2017-01-09,56.22496032714844,56.619901579590454,56.13520281924586,56.33267002143742,20382700
2017-01-10,56.207008361816406,56.610923997025445,55.90182804010618,56.30574367531522,18593000
2017-01-11,56.718624114990234,56.754528481841916,56.03645826495261,56.198024491756314,21517300
2017-01-12,56.198028564453125,56.90712445303246,55.605620164583726,56.601944160734334,20968200
2017-01-13,56.278812408447266,56.43140084454674,55.96465430772554,56.20700366861515,19422300
2017-01-17,56.12623596191406,56.27882786394807,55.67744148680129,56.260875674059946,20664000
2017-01-18,56.099300384521484,56.27881883055786,55.75821567945531,56.25188883803319,19670100
2017-01-19,55.91976547241211,56.530125954791984,55.83000798783859,55.86591235127942,18451700
2017-01-20,56.31472396850586,56.38652929347674,55.982613640422976,56.251889601115614,30213500
2017-01-23,56.51217269897461,56.65578672597977,56.1621137221513,56.2788011891019,23097600
2017-01-24,57.01484298706055,57.2123136256776,56.49423982126273,56.72761483490646,24672900
2017-01-25,57.15845489501953,57.53544054641093,56.952009882491446,57.40080428121237,23672700
2017-01-26,57.688026428222656,57.9303792276473,57.041764851197996,57.55339359305203,43554600
2017-01-27,59.04338836669922,59.1600792898964,58.24453490691963,58.69332929322542,44818000
2017-01-30,58.4599609375,59.05237288180568,58.163761813406815,58.962615363957454,31651400
2017-01-31,58.02912902832031,58.477923519106916,57.679069873351594,58.21762189268343,25270500
2017-02-01,57.068687438964844,58.002180447382436,56.96995214060909,57.76880548326357,39671500
2017-02-02,56.70068359375,56.91610641513936,56.32369793635561,56.77249234222298,45827000
2017-02-03,57.15845489501953,57.17640708185191,56.61092518073527,56.99688863755763,30301800
2017-02-06,57.12255096435547,57.13152876985605,56.67375656215402,56.99688907958379,19796400
2017-02-07,56.934043884277344,57.24819851756077,56.75452548353165,57.2122975766346,20277200
2017-02-08,56.853275299072266,57.27514313499211,56.745565600720454,57.059720314258904,18096400
2017-02-09,57.499534606933594,57.84062272343087,56.835320832370854,57.01483927177654,22644400
2017-02-10,57.4456787109375,57.71495806911844,57.42772652545682,57.6700758934021,18170700
2017-02-13,58.091949462890625,58.21761134970917,57.56236849867596,57.661103816613284,22920100
2017-02-14,58.30867004394531,58.44412597580065,57.81200059033402,58.16418876898786,23108400
2017-02-15,58.27256393432617,58.3086859853349,57.938447019254816,58.245474118463825,17005200
2017-02-16,58.263519287109375,58.91370228760225,58.191282090057626,58.46218708054612,20546300
2017-02-17,58.35383605957031,58.41704792187882,58.0648665619348,58.21838010045885,21248800
2017-02-21,58.23643112182617,58.65182429730098,58.20030907749243,58.344797254827405,20655900
2017-02-22,58.1190299987793,58.14611980513958,57.83909281362395,58.091940192419024,19292700
2017-02-23,58.35383605957031,58.45316997028029,57.96553265122482,58.173225817562944,20273100
2017-02-24,58.35383605957031,58.5163818325888,57.92037836832891,58.272559728272924,21796800
2017-02-27,58.001644134521484,58.28158134667148,57.839098391110994,58.28158134667148,15871500
2017-02-28,57.77588653564453,57.97455088791824,57.577218738583106,57.86619164557596,23239800
2017-03-01,58.64280319213867,58.68795058363751,57.81200989156328,57.91134379826712,26937500
2017-03-02,57.802978515625,58.4712190904346,57.68558359769826,58.4170394704589,24539600
2017-03-03,58.01970672607422,58.04679653738854,57.45079657495889,57.78492032351191,18135900
2017-03-06,58.03777313232422,58.29965283082515,57.62238333142796,57.76686808839601,18750300
2017-03-07,58.15515899658203,58.498308067501014,57.965523439791916,57.965523439791916,18521000
2017-03-08,58.68793869018555,58.76921500173393,58.01969818107199,58.02873041337172,21510900
2017-03-09,58.453163146972656,58.87758166460046,58.22740553799861,58.868556320735834,19846800
2017-03-10,58.63376235961914,58.931764036029996,58.47121661699276,58.79630810224552,19538200
2017-03-13,58.43509292602539,58.868550523986464,58.308669228614825,58.70600478594791,20100000
2017-03-14,58.164188385009766,58.290612083353516,57.92939856398217,58.272547618118786,14280200
2017-03-15,58.47122573852539,58.624739272294306,58.01971048185724,58.29062239168856,24833800
2017-03-16,58.37188720703125,58.480253340294894,58.06486016381421,58.47122110679571,20674300
2017-03-17,58.57959747314453,58.913714385649435,58.40801945456522,58.61571952387579,49219700
2017-03-20,58.63376235961914,58.85951995273494,58.44412680815086,58.61570478358287,14598100
2017-03-21,57.98358917236328,59.14849937613866,57.91134507687888,58.8685621181068,26640500
2017-03-22,58.724063873291016,58.82339776518158,57.90230981896677,57.90230981896677,20680000
2017-03-23,58.57959747314453,58.913714385649435,58.48928890152802,58.642809339530054,19269200
2017-03-24,58.678916931152344,59.103335421115816,58.48024914587263,59.02206599417867,22617100
2017-03-27,58.78728103637695,58.89564717084406,58.110008197502616,58.36285562168361,18614700
2017-03-28,58.958866119384766,59.12141189585118,58.3809271118545,58.6608643809336,20080400
2017-03-29,59.12141036987305,59.1485001836555,58.651830632389725,58.80535105978403,13618400
2017-03-30,59.3381233215332,59.58194537357785,59.02206407774829,59.07624369394719,15122800
2017-03-31,59.47358322143555,59.77158490957055,59.10333744716323,59.28394766250653,21040300
2017-04-03,59.193641662597656,59.54582294474425,58.868550188373916,59.428424590978885,20400900
2017-04-04,59.356201171875,59.42843837990525,58.949833290020145,59.04916720183513,12997400
2017-04-05,59.20267868041992,59.916073617895364,59.09431942735983,59.8709262256457,21448600
2017-04-06,59.356201171875,59.65419601774361,59.130443534036644,59.23880279087019,18103500
2017-04-07,59.311038970947266,59.56388638924099,59.094313596634855,59.46455249068625,14108500
2017-04-10,59.175567626953125,59.43744721047737,59.02205414716866,59.24781169611298,17952700
2017-04-11,59.130435943603516,59.24782741996271,58.561522359952065,59.23879518652724,18791500
2017-04-12,58.904685974121094,59.157533426502326,58.79631982756784,59.076257094193295,17108500
2017-04-13,58.65182113647461,59.4735820992366,58.65182113647461,58.95885505197721,17896500
2017-04-17,59.130435943603516,59.13946128746351,58.70601053661766,58.73310034734859,16689300
2017-04-18,59.04916000366211,59.338129469286386,58.84146686033165,58.994980381849906,15155600
2017-04-19,58.73309326171875,59.37424396677835,58.59763733483019,59.28394231204419,26992800
2017-04-20,59.14849090576172,59.37424850463867,58.82339941221289,59.11236886319239,22299500
2017-04-21,59.96121597290039,60.23212094124133,59.10333301588392,59.302000793078776,32522600
2017-04-24,60.98164749145508,61.09904586372146,60.593344107693035,60.93650010099372,29770000
2017-04-25,61.333831787109375,61.44219793067943,61.04486229383208,61.31577420796912,30242700
2017-04-26,61.25254821777344,61.685998912919246,61.06291267745033,61.47830579762113,26190800
2017-04-27,61.649879455566406,61.749213346025904,61.026793193999865,61.54152022202868,34971000
2017-04-28,61.82146072387695,62.43552167510159,61.12613034316645,62.22782854003199,39548800
2017-05-01,62.679344177246094,62.80576788370628,61.85758319567962,62.02012894535346,31954400
2017-05-02,62.58001708984375,62.950256016311045,62.42649666708801,62.950256016311045,23906100
2017-05-03,62.38135528564453,62.6522603309611,62.04723148455305,62.6522603309611,28928000
2017-05-04,62.13751220703125,62.38133424410814,61.983998710841725,62.33617997366446,21749400
2017-05-05,62.30908966064453,62.33617946686075,61.848542286245916,62.21878801006571,19128800
2017-05-08,62.25490951538086,62.354243397039674,61.78532991307113,62.28199932136521,18566100
2017-05-09,62.34523391723633,62.56195933377645,62.02014234763775,62.182688132437036,22858400
2017-05-10,62.58901596069336,62.814773492670554,62.23683476197479,62.30004659534548,17977800
2017-05-11,61.82146072387695,62.065282791485025,61.514433693052254,61.73115906125647,28789400
2017-05-12,61.74924850463867,61.95694863647048,61.442221315367675,61.95694863647048,18714100
2017-05-15,61.79435729980469,61.839511565954375,61.017750771131404,61.5324777131987,31530300
2017-05-16,63.03861999511719,63.06586508298117,61.90336180701091,61.96693598838222,34956000
2017-05-17,61.28580093383789,62.75709158776079,61.24038781997208,62.56636898184739,30548800
2017-05-18,61.494651794433594,61.87609680259805,60.976974446477655,61.21311004017859,25201300
2017-05-19,61.47651672363281,61.84887788558779,61.240381030034804,61.30395522495724,26961100
2017-05-22,62.1667366027832,62.2121497026598,61.30394313765747,61.658143143683084,16237600
2017-05-23,62.37562561035156,62.439199791158096,62.103160876000096,62.41195470353616,15425800
2017-05-24,62.45736312866211,62.55726640626092,62.16673730175635,62.548189329436504,14593900
2017-05-25,63.229339599609375,63.46546830282994,62.584513810231805,62.639003983426434,21854100
2017-05-26,63.53813934326172,63.77427502332955,63.13852618146494,63.39282987565109,19827900
2017-05-30,63.94681930541992,63.94681930541992,63.365560804179914,63.383728813409604,17072800
2017-05-31,63.42914962768555,64.24653700516951,63.4019045366139,64.05581443860108,30436400
2017-06-01,63.665279388427734,64.12846668084678,63.074943730100124,63.792427754336295,21603600
2017-06-02,65.17290496826172,65.26372423884219,63.792427110800325,63.97407258102746,34770300
2017-06-05,65.64515686035156,66.19916331341902,65.21829874775221,65.36361509632428,33316800
2017-06-06,65.8631362915039,65.95396249021776,65.6360846528515,65.66333666990532,31511100
2017-06-07,65.74507904052734,66.09019507412023,65.34546589600208,65.97213070372271,22301800
2017-06-08,65.34545135498047,65.86312875470688,64.93676122379946,65.8540516791271,24588300
2017-06-09,63.86509323120117,65.46353892240252,62.293892631651296,65.42720982384488,49187400
2017-06-12,63.374664306640625,63.51998070892499,61.87612182115343,62.89331584994168,47761700
2017-06-13,64.16481018066406,64.31920366977731,63.53814528723431,63.59263547655244,25258600
2017-06-14,63.81966018676758,64.5734731559266,63.056770142605345,64.40091865302223,25510700
2017-06-15,63.4836311340332,63.76517291132387,62.48460544226338,62.91145664590674,26068700
2017-06-16,63.574462890625,63.60170798035604,62.86606284135154,63.32925015397902,48345100
2017-06-19,64.36460876464844,64.42818295395836,63.89233741914594,64.02856980454347,23798300
2017-06-20,63.49272155761719,64.36459899107562,63.45639246508985,64.31918589314998,21512200
2017-06-21,63.81966018676758,64.13753796756673,63.519957343169494,63.76517002048881,19891100
2017-06-22,63.81057357788086,64.1102763767006,63.31105736474153,64.06487022127402,22965700
2017-06-23,64.67339324951172,64.70972234617652,63.50180586607189,63.65619933009729,27617300
2017-06-26,64.05582427978516,65.12750857734139,63.97408899401285,64.8459666875906,19607000
2017-06-27,62.85696029663086,63.7379215598004,62.82971521493523,63.67434739282242,25215100
2017-06-28,63.39282989501953,63.42915206513291,62.47553919564539,62.856984343440395,25806200
2017-06-29,62.203094482421875,63.11130146771259,61.839810302491706,63.01139814500507,28918700
2017-06-30,62.60268783569336,63.011378077287695,62.43012634614289,62.466455445472846,24161100
2017-07-03,61.91243362426758,63.21116915829917,61.77620126745423,62.965956459287554,16165500
2017-07-05,62.73892593383789,63.06588092848628,61.95786754985206,61.9941966524872,21176300
2017-07-06,62.275718688964844,62.46644122021412,61.86702854044004,62.00325397057123,21117600
2017-07-07,63.08403396606445,63.42915000346142,62.393794962203565,62.393794962203565,16878300
2017-07-10,63.556278228759766,63.80149087443563,62.847871513227716,63.08400708507173,15014500
2017-07-11,63.565391540527344,64.19205644537959,63.34742385021402,63.57447554860188,17460000
2017-07-12,64.61890411376953,64.73696848303892,64.07398151312086,64.20112988896999,17750900
2017-07-13,65.1819839477539,65.42720360745238,64.76420974763522,64.93677121712182,20269800
2017-07-14,66.09927368164062,66.54429296501459,65.35454456435372,65.60884129771027,25868100
2017-07-17,66.61693572998047,66.70775498099887,66.04476821240627,66.11742638484688,21803900
2017-07-18,66.57152557373047,66.6532608160223,65.99027408721868,66.38079615025428,26435300
2017-07-19,67.08012390136719,67.2436013272228,66.70775595894861,66.75316904965594,22416200
2017-07-20,67.40708923339844,67.47974741820097,66.55337288463329,67.37076014099716,42361000
2017-07-21,67.01657104492188,67.47067438015317,66.45348041477095,66.70777717384975,46717100
2017-07-24,66.84400939941406,66.98024178546909,66.4171511566729,66.78043520979732,21394800
2017-07-25,67.37983703613281,67.48881737277064,66.75317238420475,67.0256370839296,22018700
2017-07-26,67.25270080566406,67.55240371447208,67.03472623499191,67.51607461936005,16252200
2017-07-27,66.44438171386719,67.58871675731856,65.68148475583484,66.98930415299614,36844200
2017-07-28,66.33541107177734,66.58062380563976,65.88130777057054,65.99937213442038,18306700
2017-07-31,66.026611328125,66.69868914282706,65.76323753452101,66.57154078416794,23600100
2017-08-01,65.91763305664062,66.68052323262715,65.83589086403288,66.38989741381332,22132300
2017-08-02,65.62699127197266,65.89944901322693,64.88226235937458,65.89037193886354,26499200
2017-08-03,65.527099609375,65.79048032284254,65.25463489087323,65.56342870044627,18214400
2017-08-04,66.0084457397461,66.33540061942259,65.60883268034918,65.75414903979002,22579000
2017-08-07,65.75414276123047,66.20824594752479,65.62699442339324,66.11742669607887,18705700
2017-08-08,66.10836029052734,66.41714721345673,65.16382458010817,65.47261150303757,22044600
2017-08-09,65.81773376464844,65.85406286033181,65.4362886535728,65.61792720292316,22213400
2017-08-10,64.85502624511719,65.563426171013,64.80052914607995,65.30004546770667,24734500
2017-08-11,65.84498596191406,66.02662453087176,64.7369726756973,65.03668255063802,21443700
2017-08-14,66.83490753173828,66.95297880166406,66.25365597369876,66.35355923483665,20096600
2017-08-15,66.85316467285156,67.19098690837609,66.68881627292723,67.19098690837609,19181400
2017-08-16,67.24581146240234,67.65667920596265,66.80754649875078,66.96276258267487,18150400
2017-08-17,66.10447692871094,67.44665454930688,66.10447692871094,67.18187059315005,22977500
2017-08-18,66.18667602539062,66.50624060393521,65.67537269971928,65.98580487145249,18761500
2017-08-21,65.8762435913086,66.17755032101586,65.46536887825724,66.16841791424085,17734800
2017-08-22,66.79839324951172,66.87143157472634,66.0588218666113,66.0588218666113,14343700
2017-08-23,66.39667510986328,66.78928498445951,66.22319422206951,66.61580409666574,13766500
2017-08-24,66.3692626953125,66.52447871888532,65.80317212195082,66.41491077907844,17098300
2017-08-25,66.48795318603516,66.97186604203934,66.1775211523654,66.524475831052,12794300
2017-08-28,66.4970932006836,66.73447997149324,66.24144162228362,66.70708972609083,14569700
2017-08-29,66.69795227050781,66.7983877962087,65.7849071030319,65.96751335013437,11478400
2017-08-30,67.57449340820312,67.75709970560298,66.49709953518304,66.6614479892364,16897800
2017-08-31,68.26839447021484,68.44187530748367,67.38274637474746,67.59274289419436,27652800
2017-09-01,67.51056671142578,68.24099871774185,67.23665035531832,68.21360847532756,21736200
2017-09-05,67.20926666259766,67.46491823802121,66.63405061789464,66.96274052487995,21556000
2017-09-06,67.01753997802734,67.60188853102505,66.97188491739331,67.32797209918928,16535800
2017-09-07,67.87578582763672,68.11317956160052,67.20013424049064,67.27317953801534,17471200
2017-09-08,67.54708099365234,67.96708091263002,67.41924826824211,67.86664539222433,14703800
2017-09-11,68.25926208496094,68.42361050196575,67.8483875594578,67.8483875594578,17910400
2017-09-12,68.18624114990234,68.6975444227678,67.90319926184964,68.25928646487874,14394900
2017-09-13,68.67015075683594,68.68841556766422,68.06754435320418,68.41449913311433,13380800
2017-09-14,68.26839447021484,68.92578820514629,68.04013314369604,68.47839795564462,15733900
2017-09-15,68.76143646240234,68.83448175520908,67.62926228782791,68.32317863752694,38578400
2017-09-18,68.6244888305664,69.36405330241496,68.51492088563285,68.68840172361526,23307000
2017-09-19,68.8801498413086,69.12666904371065,68.48754002564321,68.67014632623852,16093300
2017-09-20,68.42361450195312,68.98057267180754,67.84839152581812,68.79795943891446,21587900
2017-09-21,67.75708770751953,68.69752320797029,67.6657845749871,68.57882983227638,19186100
2017-09-22,67.9397201538086,68.0310233121641,67.42840992824576,67.55623574314035,14111400
2017-09-25,66.88971710205078,67.793630221191,66.57927800128489,67.64753959354009,24149200
2017-09-26,66.88971710205078,67.39188796113555,66.64319090938602,67.26406214493328,18019600
2017-09-27,67.42837524414062,67.72054938017908,66.80750433431129,67.1544659099688,19565100
2017-09-28,67.44664764404297,67.5379507657191,66.93533762388964,67.14534107312824,10883800
2017-09-29,68.01275634765625,68.05841140838082,67.45579804354088,67.51058550960721,17079100
2017-10-02,68.1222915649414,68.48751097721097,67.83924982927343,68.21359467651358,15304800
2017-10-03,67.802734375,68.36881790631129,67.73882149352997,68.17707926190117,12190400
2017-10-04,68.19536590576172,68.22275615430912,67.30057831263785,67.64753307087813,13317700
2017-10-05,69.36407470703125,69.50103293896554,68.44189670905777,68.67929051334487,21195300
2017-10-06,69.39147186279297,69.41886211870741,68.97147168480487,69.09016511576269,13959800
2017-10-09,69.65623474121094,69.89362849684268,69.2636249386592,69.36406049042711,11386500
2017-10-10,69.65623474121094,69.96666683505092,69.5192765373471,69.69275739330686,13944500
2017-10-11,69.77491760253906,69.81144024912139,69.34578521267491,69.72013711565685,15388900
2017-10-12,70.41405487060547,70.56927089718359,69.72927090701445,69.8388318829601,16876500
2017-10-13,70.75186920166016,71.09883082904346,70.56926295165562,70.84317232666243,15335700
2017-10-16,70.89796447753906,71.04404809403691,70.62404811837982,70.68796100671932,12380100
2017-10-17,70.84318542480469,70.87058263675455,70.53275334920504,70.73362444093809,16824000
2017-10-18,70.8614501953125,71.08057912891307,70.64232126171193,70.91623068721684,13300700
2017-10-19,71.13536071777344,71.1536185582408,70.6240506269135,70.82492170196748,15092800
2017-10-20,71.95710754394531,72.10319815526996,71.4184140881491,71.50971723723514,22866400
2017-10-23,71.97535705566406,72.44100510682881,71.91144416828955,72.12144066995626,20627200
2017-10-24,72.00275421142578,72.31318627534222,71.63753469165476,72.03927686000117,17517200
2017-10-25,71.79275512695312,72.22188756655578,71.22667145427165,71.74710703792131,20410800
2017-10-26,71.91144561767578,72.5140518584979,71.90231321472899,72.31318078956305,32120700
2017-10-27,76.52234649658203,78.70452483745879,76.3397401701596,77.03365674933754,71066700
2017-10-30,76.59535217285156,76.99709424224756,75.88317811599956,76.42187137634306,31756700
2017-10-31,75.94710540771484,77.02449909886086,75.8831925178156,77.02449909886086,27086600
2017-11-01,75.94710540771484,76.47667333315565,75.67318904187096,76.40362804013294,22307400
2017-11-02,76.741455078125,77.11580000357873,75.8923227277271,76.10231923162051,23992900
2017-11-03,76.82362365722656,77.18884313558821,76.1479721501459,76.76884317356607,17633500
2017-11-06,77.12494659423828,77.33494313676238,76.76885944301603,76.87842043355602,19860900
2017-11-07,76.94232940673828,77.51755244165223,76.63189732807251,77.39885208664674,17939700
2017-11-08,77.20711517333984,77.25277022877441,76.54059594628924,76.8236377852299,18034200
2017-11-09,76.77796936035156,76.94231777892097,75.69145028323697,76.79623416573828,21178400
2017-11-10,76.57708740234375,76.78708385343654,75.99273915394033,76.50404212979818,19397800
2017-11-13,76.63188934326172,76.64102174638363,76.20275695430475,76.38537018683034,14196900
2017-11-14,76.741455078125,76.7871031604581,75.76449695162268,76.23927741058449,18801300
2017-11-15,76.1449966430664,76.79651358349363,75.87888290667222,76.59463371443829,19383100
2017-11-16,76.34687042236328,76.54875029382809,76.10829148423811,76.25510875377925,20962800
2017-11-17,75.6127700805664,76.27346529598645,75.4659458100435,76.27346529598645,22079000
2017-11-20,75.7320556640625,75.78711126220058,75.4751202047965,75.61276620110792,16315000
2017-11-21,76.82404327392578,76.93415447723514,75.92476210808843,75.92476210808843,21237500
2017-11-22,76.26429748535156,76.989226668278,76.20006360843239,76.92499279135882,20553100
2017-11-24,76.40193939208984,76.55793494178097,75.96147354482221,76.17253170102624,7425600
2017-11-27,76.96167755126953,77.0626174728992,76.43862841235472,76.44779967725518,18265200
2017-11-28,77.88848114013672,78.05365492463915,77.09931828095465,77.14520261035865,21926000
2017-11-29,76.47534942626953,77.9252078068022,76.32853213509668,77.73250617409357,27381100
2017-11-30,77.23696899414062,77.55813831672309,76.4753338856121,76.63133641455171,33054600
2017-12-01,77.3195571899414,77.82424982506464,76.36522051504198,76.71391762663437,29532100
2017-12-04,74.4015121459961,77.47557414072493,74.05280793699738,77.46639587181235,39094900
2017-12-05,74.86949157714844,75.86971276247303,74.30974324524819,74.640083883382,26152300
2017-12-06,75.96146392822266,76.29181152161013,74.72266395350277,74.83278215162068,26162100
2017-12-07,75.6953353881836,75.97980559408181,75.24569841887754,75.7412197119957,23184500
2017-12-08,77.22779846191406,77.61320165267324,76.46616334615219,76.7414483391375,24489100
2017-12-11,78.20967102050781,78.338138763981,77.1911003394227,77.34709588493057,22857900
2017-12-12,78.5308609008789,78.96214858137165,78.0720454111579,78.28309661588705,23924100
2017-12-13,78.31977081298828,78.91623210701354,78.15459702388846,78.67764618921026,22062700
2017-12-14,77.71414947509766,78.79695402644404,77.5673251964901,78.39319426124023,19306000
2017-12-15,79.69624328613281,79.91647274468401,77.88850926981137,78.23721349689971,53936700
2017-12-18,79.26492309570312,80.29267181528633,79.12728411622066,79.94397473232176,22283800
2017-12-19,78.76024627685547,79.23741117021831,78.24636831365687,79.23741117021831,23524800
2017-12-20,78.47576904296875,79.19152682107041,77.73249046686131,79.09975815654234,23674900
2017-12-21,78.45740509033203,79.00798197147472,78.36564344363573,78.96210464860901,17990700
2017-12-22,78.46662902832031,78.57674026806231,77.92522309603596,78.36568905791084,14145800
2017-12-26,78.36567687988281,78.48496637138871,78.02615094117975,78.2830864619419,9891200
2017-12-27,78.65011596679688,78.89788014329226,78.20047894403861,78.59506037244934,14678000
2017-12-28,78.65933227539062,78.85203394977036,78.50333668198357,78.82450613928313,10594300
2017-12-29,78.49415588378906,78.96214964990877,78.45744980399841,78.57673931259137,18717400
2018-01-02,78.87037658691406,79.20072428578652,78.45744546380773,79.03555043635029,22483800
2018-01-03,79.23741149902344,79.38423577510852,78.88871434477157,78.97129774934433,26061400
2018-01-04,79.93482971191406,80.43952951647438,79.43930817679164,79.45765771469915,21912000
2018-01-05,80.92585754394531,81.12773742775576,80.22845621831836,80.43951436983846,23407100
2018-01-08,81.0084457397461,81.2837377795754,80.38445651697141,80.93503359566263,22113000
2018-01-09,80.95337677001953,81.42137036009547,80.62302917713843,81.34795822812939,19484300
2018-01-10,80.58633422851562,80.92586013497365,80.21010925197795,80.62304029956249,18652200
2018-01-11,80.82490539550781,80.87078272519352,80.05409204654923,80.87078272519352,17808900
2018-01-12,82.21971130371094,82.38488511373514,81.16443457305452,81.3663144520804,24271500
2018-01-16,81.07267761230469,83.31169894475336,80.76068650911022,82.67853146937172,36599700
2018-01-17,82.7152099609375,82.84367766659075,81.4397041684053,81.74252390357292,25621200
2018-01-18,82.67851257324219,83.20156171567702,82.27475988497193,82.40322760409869,24159700
2018-01-19,82.58676147460938,83.14651675134795,82.2747704028359,82.71522921015922,36875000
2018-01-22,84.06415557861328,84.07333384660362,82.34818351471458,82.58676947569296,23601600
2018-01-23,84.33027648925781,84.69733022933848,83.99992882328199,84.33027648925781,23412800
2018-01-24,84.25684356689453,85.73422943075708,84.03661417753244,84.92671700245205,33277500
2018-01-25,84.72484588623047,85.55988619923644,84.35779219878054,84.85331362669292,26383200
2018-01-26,86.31233978271484,86.31233978271484,84.95425029273008,85.4497717015515,29172200
2018-01-29,86.18386840820312,87.58784217343296,86.00034507978118,87.3033789140891,31569900
2018-01-30,85.10105895996094,85.94528442353098,84.51377594241315,85.61493685103962,38635100
2018-01-31,87.18408203125,87.54195739189355,85.80763618232389,86.0278655578817,48756300
2018-02-01,86.49588012695312,88.15678961464799,85.87189091042659,86.98222332494329,47227900
2018-02-02,84.22013092041016,86.22974406907429,83.96319548607174,85.92692430676165,47867800
2018-02-05,80.75151062011719,85.55989406495328,80.75151062011719,83.10064323421102,51031500
2018-02-06,83.80722045898438,83.94486647558878,78.22802366022806,79.7329375729105,67998600
2018-02-07,82.2288818359375,84.21096036880702,81.8526499147874,83.03639427511158,41107600
2018-02-08,78.00779724121094,82.47665481232892,77.77838953834969,82.32065925461546,55628700
2018-02-09,80.9166488647461,81.60487166400364,76.92495802924518,79.19150623495433,63499100
2018-02-12,81.78842163085938,82.38488298503323,80.68726759312813,81.43054621854839,35720300
2018-02-13,82.43075561523438,82.5867511315845,80.56796668208759,81.6048867037254,26407700
2018-02-14,83.72150421142578,83.88745396049508,81.50885026897562,81.60104301093514,34960900
2018-02-15,85.42707824707031,85.48239247036035,83.54631728282148,84.09025923544928,27823900
2018-02-16,84.81859588623047,86.20150777567987,84.63421044784532,85.23346663952384,30596900
2018-02-20,85.4823989868164,85.79585565449312,83.90588019818914,84.33919373726903,30911700
2018-02-21,84.34839630126953,86.07242883418127,84.34839630126953,85.72209371916226,26922500
2018-02-22,84.56966400146484,85.49160514292969,84.22854324693589,84.86468488537949,24392800
2018-02-23,86.7177963256836,86.72701770815189,85.15049893105932,86.29370417224236,26329200
2018-02-26,87.97163391113281,87.99929102369545,86.89296431806788,87.03125691473474,30199800
2018-02-27,86.84687042236328,88.35885363998281,86.84687042236328,88.26666091380682,25869100
2018-02-28,86.450439453125,88.2390079676159,86.32136822361066,87.43691644090148,31167300
2018-03-01,85.60224151611328,87.1879815518945,84.67107890740857,86.65325395213509,37135600
2018-03-02,85.78665924072266,85.87885198379271,83.76760510836796,84.43140411264103,32830400
2018-03-05,86.33058166503906,86.9114021444224,85.05830521950013,85.13205517682782,23901600
2018-03-06,86.03556060791016,87.11423022540504,85.6852254510928,86.9759376256061,22175800
2018-03-07,86.5334243774414,86.60718138098508,85.21504783298185,85.88806818107169,26716100
2018-03-08,87.05892181396484,87.67662082929051,86.45043714774843,86.91140782196537,25887800
2018-03-09,89.00423431396484,89.00423431396484,87.58444354299469,87.85180742524123,36937300
2018-03-12,89.21625518798828,89.6219116048282,88.54324198788983,88.96733413556166,26073700
2018-03-13,87.04046630859375,89.64955438621637,86.6348099566039,89.42829048233676,35387800
2018-03-14,86.52420043945312,87.96243383068014,86.20152235079331,87.69506997611778,32132000
2018-03-15,86.82842254638672,87.1972004333656,85.5838033324545,86.22915935927767,27611000
2018-03-16,87.21564483642578,87.93475791893404,86.58872447636789,87.2894018279276,49081300
2018-03-19,85.63914489746094,86.57030777677758,84.92003165686496,86.42279376134488,33344100
2018-03-20,85.86038970947266,86.45043157170436,85.7405398740941,85.78663975208407,23075200
2018-03-21,85.26112365722656,86.70857103247776,85.01219559898006,85.67599437583337,24457100
2018-03-22,82.78109741210938,84.58810123753553,82.66124759376909,84.14556638684718,38604700
2018-03-23,80.37483978271484,83.39880600720033,80.28264706296417,82.51374323665729,44068900
2018-03-26,86.45966339111328,86.66249162458757,83.34350399041685,83.53711084040923,56396800
2018-03-27,82.48607635498047,87.713481021518,81.60101368925872,87.5290956038541,56569000
2018-03-28,82.41234588623047,84.1087218166402,81.93293942576874,82.8087809922076,52501100
2018-03-29,84.14555358886719,85.08593736585898,81.4995873697873,83.14064125584355,45867500
2018-04-02,81.61021423339844,83.78599555632766,80.67905888767699,83.4080034038921,48515400
2018-04-03,82.70736694335938,83.02083069513104,81.02943377946659,82.587517086601,37213800
2018-04-04,85.12283325195312,85.51926825195174,80.88190511043382,80.99253355350578,35560000
2018-04-05,85.1689224243164,85.80506407999873,84.26542402015458,85.22424367732327,29771900
2018-04-06,83.18675994873047,85.24268494453987,82.49530402896569,84.34840082956089,38026000
2018-04-09,83.68463897705078,85.89730030419967,83.54635335911235,83.93356715705288,31533900
2018-04-10,85.62989807128906,85.9986759664468,84.4866929267681,85.17814884249384,26812000
2018-04-11,84.68952178955078,86.00789802729926,84.33918665500383,84.82781438055862,24872100
2018-04-12,86.27526092529297,86.80998852020936,85.21502711712517,85.21502711712517,26758900
2018-04-13,85.81428527832031,86.82841915248244,85.22424349575861,86.70856933328652,23346100
2018-04-16,86.81919860839844,87.27095484772526,86.12774272836879,86.72700589783175,20288100
2018-04-17,88.5708999633789,89.00421349761227,87.47378757107349,87.58442305870345,26771000
2018-04-18,88.91204071044922,89.17018320561189,88.06384918281482,88.70921245457698,21043300
2018-04-19,88.6077651977539,89.49282786476891,87.8978665676197,88.91200746781142,23552500
2018-04-20,87.58441925048828,88.60777460654438,86.70857787152482,88.42338916903215,31154400
2018-04-23,87.90708923339844,88.77371618482664,87.24329046497283,88.26664572732015,22331800
2018-04-24,85.8511734008789,88.93967524163949,85.19659594471828,88.72762565512232,34524800
2018-04-25,85.10440826416016,86.0171353132592,83.23286835019398,86.0171353132592,33729300
2018-04-26,86.90217590332031,87.72270297482723,85.83272077910514,86.24759852233463,42529000
2018-04-27,88.34041595458984,90.258055565599,86.57951171185313,89.98147035933371,48272800
2018-04-30,86.21992492675781,88.87511968400868,85.87881123586529,88.81058409109507,41523600
2018-05-01,87.58441925048828,87.85178305857852,85.54692992040778,85.93414355949561,31408900
2018-05-02,86.21074676513672,87.74116591109097,85.91572578315427,87.57521616910991,27471000
2018-05-03,86.72705078125,87.51992116338916,85.23350277525043,85.70369498648566,31142500
2018-05-04,87.73194885253906,87.92555570656413,85.666795008562,86.03557298311897,22531300
2018-05-07,88.70919799804688,89.16094729096207,87.67662115181498,87.74115676508859,24242000
2018-05-08,88.33118438720703,88.65386943526143,87.63972848512446,88.36806287938047,23484600
2018-05-09,89.37298583984375,89.40064295156017,87.63051746317478,88.51558020736748,27327400
2018-05-10,90.26725006103516,90.30412151262423,89.47438020868431,89.85237237521332,22388100
2018-05-11,90.07366180419922,90.23039717024562,89.46518420645309,90.16586156088083,16778300
2018-05-14,90.37789154052734,90.98637608743391,89.71409277439396,90.27647744937624,19454100
2018-05-15,89.72331237792969,90.21194006169348,88.81980695662574,89.64955539785329,24594000
2018-05-16,89.95480346679688,90.18628777470714,89.46405786432159,90.14924943772064,17384700
2018-05-17,89.05665588378906,90.31593126301054,88.73257921950591,89.5937012499391,17246700
2018-05-18,89.22332000732422,89.75110399293281,88.89924336078228,88.89924336078228,17865800
2018-05-21,90.37147521972656,90.75111288744783,89.63072964986708,89.81591427624677,19422500
2018-05-22,90.27886199951172,90.89923812499006,90.00107805993144,90.44553095039207,15441200
2018-05-23,91.35299682617188,91.41781216837488,89.18629941017808,89.54741446878663,21251200
2018-05-24,91.02890014648438,91.61224520795848,89.63999409816162,91.41779920891427,26649300
2018-05-25,91.0751953125,91.6492789937612,90.61222665274322,91.01964133391834,18363900
2018-05-29,90.7511215209961,91.55668249315906,90.02889151932943,90.59370680282306,28671000
2018-05-30,91.62149810791016,91.89928213910495,90.65852947894196,91.02889876807987,22158500
2018-05-31,91.5196304321289,92.5844596363412,91.30666882989061,91.93630641517213,34140900
2018-06-01,93.32524871826172,93.39006406572013,91.82522730864048,91.92708100669556,28655600
2018-06-04,94.14006042480469,94.31599080384456,93.38079198564529,93.76042973739611,27281600
2018-06-05,94.62151336669922,94.75114399398632,94.01039149719774,94.44558305923557,23514400
2018-06-06,94.8993148803711,95.00116855171824,94.35301524709205,94.89006059340586,21122900
2018-06-07,93.40853881835938,95.08448989356529,92.94557023508459,95.0474515591825,28232200
2018-06-08,94.1030044555664,94.39930410647297,93.0937361980331,93.60299747009765,22165100
2018-06-11,93.56595611572266,94.06595598298846,93.2140954614406,93.52891778030664,23490900
2018-06-12,93.80669403076172,93.93632467162368,93.28817146731386,93.61224806946878,18325200
2018-06-13,93.38077545166016,94.45486611237877,93.11225278648051,94.18634344719912,29492900
2018-06-14,93.90855407714844,94.47337636405945,93.51966212809711,94.12152275268069,25691800
2018-06-15,92.7140884399414,94.01040192088439,92.65853446904133,93.99188628536442,65738600
2018-06-18,93.3900375366211,93.62152186383572,92.05668555127563,92.60299223695952,23586000
2018-06-19,93.3900375366211,93.519668194714,92.13076223142617,92.26965424062317,28653100
2018-06-20,94.32524108886719,94.92709471936823,93.6307880712047,93.86227241042553,26180800
2018-06-21,93.64929962158203,94.87153659673513,93.40855394128701,94.51968295964326,23198200
2018-06-22,92.97337341308594,93.30670436243275,92.25113634053385,92.97337341308594,38923100
2018-06-25,91.10295867919922,92.69557176091426,90.09369054272868,92.59371810585063,35433300
2018-06-26,91.74187469482422,92.66781204847159,91.43631367267865,91.50112900486032,26897200
2018-06-27,90.31593322753906,92.61225398241558,90.18630255900611,92.20484633745842,31298400
2018-06-28,91.32520294189453,91.7696560008571,90.05667322892003,90.16778119540439,26650700
2018-06-29,91.3066635131836,92.510384641652,91.04740223981253,91.60296312051338,28053200
2018-07-02,92.60297393798828,92.64926655567885,90.74183833694002,90.8344306366608,19564500
2018-07-03,91.714111328125,93.17708719530525,91.61225763894669,93.03820222310067,14670300
2018-07-05,92.37149810791016,92.5196443881499,91.69556083585921,92.13075245513772,18977400
2018-07-06,93.66783142089844,93.9178314123123,92.28817959905712,92.49188695875674,19234600
2018-07-09,94.30670928955078,94.67708560944855,93.75114834187448,94.12152466177226,18212000
2018-07-10,94.5567398071289,94.91785486608009,94.31599407971396,94.44562476424298,19293100
2018-07-11,94.42709350585938,94.76042445070456,93.612264121474,93.65856381443818,19644600
2018-07-12,96.47341918945312,96.67712654610685,95.12155144406402,95.158582723145,24335900
2018-07-13,97.6215591430664,97.77896677140626,96.38079962333178,96.64006797301768,24635200
2018-07-16,97.14009857177734,97.98269795441155,96.77897647711477,97.5938059316573,21786900
2018-07-17,98.10306549072266,98.61233389054198,96.59379005978633,96.86231275565999,25901700
2018-07-18,97.33453369140625,98.19565568219781,96.96415735027226,98.09380201177743,29493900
2018-07-19,96.66787719726562,97.51047665564468,96.19564709041788,97.15862294595291,40171600
2018-07-20,98.39936065673828,100.18642005351673,98.22343736116461,100.07531209091051,56004000
2018-07-23,99.97344970703125,100.13085734990607,98.26972143061766,98.42713613783334,29707000
2018-07-24,99.6864242553711,100.760507970013,99.31604788108908,100.52902361912945,26316600
2018-07-25,102.62162017822266,102.9179197956264,99.6308399545166,99.96417790713834,30702100
2018-07-26,101.50125885009766,102.77904990028962,101.39014382055598,102.53830420178679,31372100
2018-07-27,99.70494079589844,102.01978432564688,98.27899633385238,102.01978432564688,37005300
2018-07-30,97.56602478027344,99.56604585799884,97.00120241039384,99.25123053804845,34668300
2018-07-31,98.2234115600586,98.81601075276734,97.57525133629993,98.60304210647844,27655200
2018-08-01,98.40860748291016,98.56601511626263,97.61230090151005,98.1771231758599,23628700
2018-08-02,99.60306549072266,100.08454973206538,97.07525379673757,97.59378343857622,26104300
2018-08-03,100.03826141357422,100.04752276409661,98.90861683742318,99.81603845142108,18659600
2018-08-06,100.12158966064453,100.39011230378851,99.59380572462784,100.11233537471365,20265900
2018-08-07,100.81604766845703,101.01975499866482,100.15863305282147,100.51974802388409,16080200
2018-08-08,101.380859375,101.62160501866306,100.70492919286527,101.23271310036581,15487500
2018-08-09,101.54755401611328,102.00126843314662,101.48273868001449,101.58459236021856,13677200
2018-08-10,100.92719268798828,101.56609185641939,100.35310886531519,101.3160847625364,18183700
2018-08-13,100.1956787109375,101.46421540986564,100.09382503839298,101.14939304081679,18472500
2018-08-14,101.44568634033203,101.62161668447509,100.03826478021008,100.51974905846893,16788300
2018-08-15,100.07003784179688,101.30626824828296,99.28925365143678,100.84151794901739,29982800
2018-08-16,100.05144500732422,101.18543688519658,99.73541820412798,100.66491881333131,21384300
2018-08-17,99.99566650390625,100.29310638325525,99.16841161785665,99.79117525719266,18061500
2018-08-20,99.33573913574219,100.29312369100401,98.97323444183775,99.93061899709959,17914200
2018-08-21,98.50849151611328,99.78190299095593,98.38765188137145,99.38221738921393,22881900
2018-08-22,99.51234436035156,99.77260342612091,98.3225845788187,98.38764934526105,18000600
2018-08-23,99.97708129882812,100.55337421819866,99.3357307132753,99.59598974411142,18167700
2018-08-24,100.75788116455078,100.90659759466294,99.97709685899648,100.079342507242,17234000
2018-08-27,101.87326049804688,101.91044137162726,100.86010828620566,101.56652360965353,19662300
2018-08-28,102.48674011230469,102.70981827496666,102.04987368726007,102.1893001982464,19151500
2018-08-29,104.12265014648438,104.13194713775961,102.4960241581178,102.66333454343943,20818000
2018-08-30,104.0575942993164,104.671068128526,103.58355407659315,103.79733525354038,22798700
2018-08-31,104.41079711914062,104.82906952456453,103.65789686124073,103.81591734223596,23222700
2018-09-04,103.8344955444336,104.06687065945333,102.4495418445432,103.03512458144365,22634600
2018-09-05,100.84151458740234,103.56495153397222,100.47900993338166,103.1838599888723,32872400
2018-09-06,101.07389831542969,101.30627347705618,99.93061649148257,100.61844498426937,23477600
2018-09-07,100.58125305175781,101.05530031499723,99.67034648956201,100.59984703389932,22498600
2018-09-10,101.66876983642578,101.91044197035491,100.72068237489859,101.16683867743141,20727900
2018-09-11,103.39765167236328,103.72297548581166,101.21332653460725,101.22262352685642,24301800
2018-09-12,103.8344955444336,103.96462504152258,102.71909782894917,103.5742365502556,18891100
2018-09-13,104.9499282836914,105.71211858015077,104.21562187381154,104.21562187381154,26055600
2018-09-14,105.3774642944336,105.71208501018056,104.51302862734151,105.36816730468358,19122300
2018-09-17,104.23420715332031,105.68422596521755,103.97394809390569,105.67493606418668,20736500
2018-09-18,105.22876739501953,105.68422072641818,103.84381341662855,104.2806798553593,22170900
2018-09-19,103.8252182006836,105.33101178389668,103.21175146854074,105.08004973245804,21728400
2018-09-20,105.5633773803711,105.77716562754884,104.03899704279743,104.36432081761015,23714500
2018-09-21,106.20472717285156,107.16211153569421,105.5076018106039,105.96305506164512,71229700
2018-09-24,106.5858383178711,106.79962658861453,104.30856455163378,105.06145781226631,27334500
2018-09-25,106.38134765625,106.98552450330477,105.73070003113087,106.70667856033681,22668000
2018-09-26,105.94446563720703,106.94832074526364,105.72138042072714,106.39991887735013,19352000
2018-09-27,106.34416961669922,106.80891992791662,106.14896824544418,106.68808030842284,19091300
2018-09-28,106.30697631835938,106.49287358451261,105.66561869453632,106.13966594221102,21647800
2018-10-01,107.45955657958984,107.52462133287074,106.6415986681262,106.66018555840951,18883100
2018-10-02,107.0320053100586,107.67335596055385,106.37206067460555,107.17143183113232,20787200
2018-10-03,107.05059814453125,107.9893958742327,106.82751995334945,107.2829733287079,16648000
2018-10-04,104.8383560180664,106.66947302893317,103.76013209818575,106.53004654391059,34821700
2018-10-05,104.2248764038086,105.1915576624883,102.83992280533175,104.6896265998166,29068900
2018-10-08,103.0351333618164,104.13194428183779,101.63158556186352,103.78803362087793,29640600
2018-10-09,104.34574890136719,105.10793917953494,102.98867875202107,103.30470558104132,26198600
2018-10-10,98.67581939697266,103.63935082162597,98.33190150945714,103.39767860089806,61376300
2018-10-11,98.44342041015625,101.25050934312557,96.8539680070152,97.92289520718413,63904300
2018-10-12,101.84538269042969,103.3976470244834,99.56810900713062,101.32486461231034,47742100
2018-10-15,100.01424407958984,101.76170941311076,99.41006738643688,101.23189445575133,32068100
2018-10-16,103.17455291748047,103.55565151687384,101.2690741035653,101.81748307243184,31610200
2018-10-17,102.90503692626953,103.9274864297864,101.8268196417606,103.80665387379403,26548200
2018-10-18,100.85082244873047,102.73770766957848,100.22805870331777,102.33802209879339,32506200
2018-10-19,100.99954986572266,103.04444857720601,100.58127029415043,101.25051193544392,32785500
2018-10-22,101.901123046875,102.74697178781186,100.60911809943138,101.61298020135916,26545600
2018-10-23,100.47899627685547,101.28766421366028,97.69979194325478,100.17225942928893,43770400
2018-10-24,95.10649108886719,100.8415074847166,94.42795260207944,100.76715283411023,63897800
2018-10-25,100.66488647460938,101.5664958190109,98.66645938851407,99.03826093105906,61646800
2018-10-26,99.41939544677734,101.0832025746211,97.37449671406274,98.23893266112061,55523100
2018-10-29,96.52864837646484,101.03672545122272,94.46515564293364,100.48832343022666,55162000
2018-10-30,96.41709899902344,97.02126870728466,93.05230432150927,96.35203424160176,65350900
2018-10-31,99.27996063232422,100.5161981798028,97.96007143156353,98.00654929996053,51062400
2018-11-01,98.45270538330078,99.75400768830724,98.09020070361338,99.50304563757251,33384200
2018-11-02,98.67581939697266,99.75403675828412,97.5790080463203,98.97325940266504,37680200
2018-11-05,99.93060302734375,100.14438417598113,98.43410662077727,98.87097300041826,27922100
2018-11-06,100.12580871582031,101.16684487990658,98.78732554310712,99.80977481491769,24340200
2018-11-07,104.06689453125,104.32715358512853,101.6873750769007,101.72455595481581,37901700
2018-11-08,103.8717041015625,104.29927357618742,103.09092691090683,103.91818197356575,25644100
2018-11-09,101.84538269042969,103.59284130377816,101.0924894572175,103.03514234986072,32039200
2018-11-12,99.33573913574219,102.20789280152768,98.62001964873176,101.70596158884601,33621800
2018-11-13,99.40078735351562,101.0738840257704,99.12193436237675,99.96778323504547,35374600
2018-11-14,97.99117279052734,101.06244119526514,97.52441480419324,100.91307522100062,39495100
2018-11-15,100.14761352539062,100.63304592194673,97.00166859232937,98.0098606425552,38505200
2018-11-16,101.0904769897461,101.64124816635817,99.69953975187812,99.9609231660102,33502100
2018-11-19,97.66446685791016,101.34251582212343,96.66560481442251,101.07179527098859,44773900
2018-11-20,94.94793701171875,96.12416948190176,92.74483809011541,95.03195717781371,64052500
2018-11-21,96.25483703613281,97.48707789309091,95.44267553775693,96.71225789003643,28130600
2018-11-23,96.2175064086914,96.90830634475891,95.2186444430479,95.37734047446725,13823100
2018-11-26,99.39144134521484,99.54080018919646,97.62709682257942,97.823134311521,32336200
2018-11-27,100.01691436767578,100.19428470573847,98.35525684949678,99.20475279683164,29124500
2018-11-28,103.7323226928711,103.92836024018294,100.68905788710858,100.71706223355835,46788500
2018-11-29,102.8641357421875,103.73230595284474,101.78125370645922,102.99482741930474,28123200
2018-11-30,103.51760864257812,103.59229164630607,102.08933002655658,103.34023828926507,33665600
2018-12-03,104.63780212402344,105.87938007896396,103.3682269515659,105.48730507913906,34732800
2018-12-04,101.30516052246094,105.15124928496128,101.01577282059615,104.49779088650456,45197000
2018-12-06,101.93061828613281,101.97728981465211,98.01918381481177,98.78466667971715,49107400
2018-12-07,97.85116577148438,102.17334312394328,97.36574049129504,101.17448109552781,45044900
2018-12-10,100.4369888305664,100.80106664401333,96.98298227965387,97.83248530742621,40801500
2018-12-11,101.37052154541016,103.57362036470118,100.29698360460462,102.50008242389565,42381900
2018-12-12,101.82794952392578,103.87234517328211,101.79060802100265,103.51761157875755,36183000
2018-12-13,102.17335510253906,103.49895364732524,101.40787202954394,102.29471677843704,31333400
2018-12-14,98.98069763183594,101.99595736307423,98.48593530492106,101.05310423467019,47043100
2018-12-17,96.04946899414062,98.7660042082008,94.94791973379084,98.40193350642238,56957300
2018-12-18,97.05768585205078,97.56178548274922,95.70408301346318,96.85231113708137,49319200
2018-12-19,96.79627990722656,99.77419121454449,94.61184868272785,96.75893841118292,68198200
2018-12-20,94.76122283935547,97.37506368837504,92.21272071134459,96.19883851128947,70334200
2018-12-21,91.69929504394531,96.1521639697642,90.98048361614839,94.87324427337214,111242100
2018-12-24,87.87185668945312,91.456561758463,87.7318349900932,91.18584126943097,43935200
2018-12-26,93.8743896484375,93.99575131631372,87.71318396545477,88.81473339984893,51634800
2018-12-27,94.45315551757812,94.46249267241144,89.99094987700683,92.69814788351881,49498500
2018-12-28,93.7156982421875,95.60140510538923,92.90353651926429,95.30267306022432,38196300
2018-12-31,94.81721496582031,95.59203491534865,93.76234450397095,94.55583163878943,33173800
2019-01-02,94.39713287353516,94.98524534214235,92.36206787271878,92.93151315658217,35329300
2019-01-03,90.92447662353516,93.52898759940106,90.73776911574217,93.44496744035342,42579100
2019-01-04,95.15328979492188,95.69473080489634,92.3527416880828,93.09022021087655,44060600
2019-01-07,95.27464294433594,96.40419647651117,94.26645105322747,94.88256792434031,35656100
2019-01-08,95.9654541015625,97.05766618568377,94.9479178896194,96.1894959624217,31514400
2019-01-09,97.3377456665039,97.90719120384354,96.37622497556912,96.95500767051753,32280800
2019-01-10,96.7122802734375,96.85230913276096,95.57338933011332,96.35754666902655,30067600
2019-01-11,95.9654541015625,96.56290381196195,94.88257205011203,96.3295247962696,28314200
2019-01-14,95.26531982421875,96.03080273305875,94.52784125853005,95.12529098629969,28437100
2019-01-15,98.0285415649414,98.0658830688995,95.10663119915357,95.69475098378877,31587600
2019-01-16,98.37391662597656,99.1954152901307,97.9818416029005,98.26189926061888,29853900
2019-01-17,99.06474304199219,99.54083118244559,97.79516042312282,98.01920231993404,28393000
2019-01-18,100.54902648925781,100.7263968418376,98.86870164530524,100.31564744519525,37427600
2019-01-22,98.65396881103516,99.97955979008813,97.8884859941858,99.65283062231616,32371300
2019-01-23,99.61551666259766,99.9235787297156,98.33659685563643,99.06474550214165,25874300
2019-01-24,99.13939666748047,99.88621231872824,98.33657233514577,99.75552064808416,23164800
2019-01-25,100.04491424560547,100.70770979225229,99.13940252962695,100.11026008479142,31225600
2019-01-28,98.09386444091797,99.4007882846903,97.70178942443488,99.19541362210524,29476700
2019-01-29,96.09613037109375,97.99116653509142,95.37731912961526,97.9071463993908,31490500
2019-01-30,99.30743408203125,99.30743408203125,97.3937304673391,97.66445097444586,49471900
2019-01-31,97.48707580566406,98.22455429760602,96.32018080996387,96.89896329180942,55636400
2019-02-01,95.9468002319336,97.1790414124134,95.54538795454134,96.88031649357477,35535700
2019-02-04,98.70997619628906,98.76599199728811,95.93743263924966,96.03078993352754,31315100
2019-02-05,100.09159851074219,100.13827004297114,98.91536621726684,99.00871640388745,27325400
2019-02-06,98.98069763183594,99.8862092666024,98.51393964460883,99.8862092666024,20609800
2019-02-07,98.271240234375,98.56996511219202,97.35639841200666,98.19656435654291,29760700
2019-02-08,98.6446304321289,98.74731775817665,97.3283766234031,97.44973113502242,21461100
2019-02-11,98.2525634765625,99.49414152244987,97.9911801241993,99.13940086810365,18914100
2019-02-12,99.7835464477539,100.01692549868835,98.46729230400868,99.0834092949506,25056600
2019-02-13,99.70884704589844,100.6143587541668,99.61549686530796,100.35297539964856,18394900
2019-02-14,99.7928695678711,100.15694026634826,98.63531163225558,99.24209138160923,21784700
2019-02-15,101.02511596679688,101.09979896595313,100.22229153127412,100.73572824776988,26606900
2019-02-19,100.97843933105469,101.43586736841188,100.6143686055911,100.62370576121305,18038500
2019-02-20,100.45344543457031,101.19407364484636,99.64719230199539,101.11907169005332,21607700
2019-02-21,102.57218170166016,102.63780660958672,100.19092380284445,100.21904774158747,29063200
2019-02-22,104.03469848632812,104.25032014897984,102.95656871533099,103.17219753056223,27763200
2019-02-25,104.6159439086914,105.16907433232286,104.30657339140473,104.77532483571842,23750600
2019-02-26,105.33782196044922,106.16282190262336,104.22219126781461,104.30657024458675,21536700
2019-02-27,105.15967559814453,105.33780339904762,103.95029626309412,104.70967830991708,21487100
2019-02-28,105.02843475341797,105.82531068176289,104.74718821242605,105.03781178389126,29083900
2019-03-01,105.4971694946289,105.95654377923621,104.69091666302899,105.83467101262782,23501200
2019-03-04,105.24409484863281,106.17222086940436,103.87534124805215,105.95659201984093,26608000
2019-03-05,104.71906280517578,105.36594204395344,104.27844248511364,105.23469222051725,19538300
2019-03-06,104.76594543457031,105.61907647716369,104.46594480309798,104.87844835358966,17687000
2019-03-07,103.49093627929688,104.57844298953216,103.00343795743277,104.43781613526671,25339000
2019-03-08,103.60344696044922,103.79094467847403,102.00031786782479,102.33781948233303,22818400
2019-03-11,105.77843475341797,105.89093050337952,104.04405613325491,104.05342601069957,26491600
2019-03-12,106.51907348632812,106.86594495371561,105.60969460222127,105.76906836575492,26132700
2019-03-13,107.34407806396484,107.81282949655858,106.66907485661719,106.99719942891696,35513800
2019-03-14,107.42843627929688,108.00031352682076,107.18469071508348,107.38156543352277,30763400
2019-03-15,108.66594696044922,109.92219720960713,107.42843646653964,108.1315635275819,54681100
2019-03-18,110.22222900390625,110.25972998275344,108.7972275706145,108.90972335457573,31207600
2019-03-19,110.29721069335938,111.03783879618774,109.67845538495375,110.7097070797174,37588700
2019-03-20,110.17533111572266,111.328462761354,109.41595610065998,110.05345832089132,28113300
2019-03-21,112.70658874511719,113.26908899951594,109.77220037782938,109.81907837927045,29854400
2019-03-22,109.73471069335938,112.11596162159397,109.72533366220217,112.03158979891641,33624500
2019-03-25,110.30660247802734,110.63472708580538,109.05034478350287,109.27534349275352,27067100
2019-03-26,110.54098510742188,111.29098323584941,109.54722703719924,111.20661139684076,26097700
2019-03-27,109.47221374511719,110.82222025013559,108.30033508522753,110.51284256730558,22733400
2019-03-28,109.62220764160156,110.23158591964217,108.87220250669327,110.10033609392008,18334800
2019-03-29,110.56908416748047,110.92533266185758,109.65032826266321,110.69095695836712,25399800
2019-04-01,111.58158874511719,111.66596772298894,110.71908781897977,111.51596383014106,22789100
2019-04-02,111.74097442626953,112.01285112919574,111.11284203895333,111.61909446999734,18142300
2019-04-03,112.47222137451172,112.90347183991517,111.70346930095263,112.36909548576531,22860700
2019-04-04,111.90036010742188,112.71599030295768,110.98160400833854,112.59411033372132,20112800
2019-04-05,112.39720916748047,112.7159638361207,111.90971086274557,111.92845777145209,15826200
2019-04-08,112.43473052978516,112.51910236313503,111.225350850377,112.32222759940534,15116200
2019-04-09,111.82534790039062,112.06910066394165,111.1690987130375,111.2159695678029,17612000
2019-04-10,112.6784896850586,112.82848644814793,112.06911129466606,112.27536310242172,16477200
2019-04-11,112.80970764160156,113.29720592454264,112.42532808080438,113.00658236082266,14209100
2019-04-12,113.39097595214844,113.41910704807393,112.8472296914439,113.10035233413569,19745100
2019-04-15,113.4847183227539,113.98159366900393,113.03471382558513,113.38159244116478,15792600
2019-04-16,113.22219848632812,114.04720544401819,112.59407339087083,114.03782841425043,14071800
2019-04-17,114.15969848632812,114.23470041753724,113.00657419244382,113.66282320907897,19300900
2019-04-18,115.65972137451172,115.80034107045917,113.71909089207197,114.55346780006045,27991000
2019-04-22,116.0253677368164,116.2503664433392,114.90973693131684,114.95661494010822,15648700
2019-04-23,117.60037231445312,117.73162215522176,116.09099199303388,116.34411464235058,24025500
2019-04-24,117.19722747802734,117.98472639979519,116.73784595441734,117.9284785204057,31257000
2019-04-25,121.07849884033203,123.15975650916229,120.77850533855845,121.93162994799371,38033900
2019-04-26,121.77223205566406,122.36286336790164,120.95660923793162,121.59410424370945,23654900
2019-04-29,121.65974426269531,122.04410954478234,121.26599479716084,121.7816099010927,16324200
2019-04-30,122.43787384033203,122.53161553910437,121.30348913547223,121.6972386026946,24166500
2019-05-01,119.88785552978516,122.4847351395324,119.7191047396247,122.3722393811446,26821700
2019-05-02,118.3222427368164,120.00037382280425,117.67536343285236,119.98162691152949,27350200
2019-05-03,120.8440933227539,121.34096861351405,119.29721957682605,119.40034544689831,24911100
2019-05-06,120.1409912109375,120.52537083412908,118.22849158446364,118.49099125270203,24239800
2019-05-07,117.67536926269531,119.23162762104779,116.45661969722627,118.55662434044093,36017700
2019-05-08,117.66600036621094,118.47225349672027,116.95349610266268,117.60037544408019,28419000
2019-05-09,117.65662384033203,117.92850056249578,115.84724280513049,116.52224609428465,27235800
2019-05-10,119.18476867675781,119.93477403131148,116.08163564863985,117.10351776540467,30915100
2019-05-13,115.64097595214844,117.70348652859145,115.35035235537485,116.35348012601632,33944900
2019-05-14,116.93472290039062,118.01284535692358,115.96908904530855,116.12846995114754,25266300
2019-05-15,118.58142852783203,119.23070227302496,116.39837119308541,116.92532101806226,24722700
2019-05-16,121.31969451904297,121.74314403884681,118.99549623327171,119.26837938289302,30112200
2019-05-17,120.51041412353516,122.75933892817257,120.3692595643841,120.73623844520417,25770500
2019-05-20,118.7696304321289,120.05875903447827,118.33678365084577,119.05191806563253,23706900
2019-05-21,119.40948486328125,120.00229531711392,119.10837376591397,119.90819944525943,15293300
2019-05-22,120.13404846191406,120.67041008558014,119.05192783042168,119.14603089502997,15396500
2019-05-23,118.73197174072266,118.8354793435768,117.37696834267142,118.75078804167151,23603800
2019-05-24,118.7884750366211,119.8988238893345,118.5344153880343,119.4189326443309,14123400
2019-05-28,118.71318817138672,120.44457549822678,118.60968053999343,119.48478594600999,23128400
2019-05-29,117.56517791748047,117.98861292827476,116.71830071683708,117.97920118741905,22763100
2019-05-30,118.30854797363281,118.33677601725672,117.41461924423135,117.86628947937854,16829600
2019-05-31,116.37954711914062,117.26406408349875,116.04079624679302,116.89708516829796,26646800
2019-06-03,112.76622772216797,117.02884245744448,111.98522540230312,116.53953236067598,37983600
2019-06-04,115.89027404785156,116.00318624825564,113.52842907562757,114.12123966491845,29382600
2019-06-05,118.40265655517578,118.44029634373301,116.87827742435823,117.57459556502795,24926100
2019-06-06,120.27518463134766,120.41633203600377,118.18622314379182,118.97664430243292,21459000
2019-06-07,123.64387512207031,124.44370810074517,120.6892197913941,121.56433235049462,33885600
2019-06-10,124.7730484008789,126.1656846757307,124.20845875420623,124.58484227991391,26477100
2019-06-11,124.30257415771484,126.31625637223944,123.5309691878506,125.9775054222207,23913700
2019-06-12,123.72859191894531,124.18025511017247,122.99463384890846,123.64389340462263,17092500
2019-06-13,124.50955963134766,125.14941440710061,123.79441093126009,124.18961788536205,17200800
2019-06-14,124.63187408447266,125.89277448995097,123.8696882327747,124.45308691271953,17821700
2019-06-17,125.00828552246094,125.83633210976036,124.70716723027172,124.80127028610846,14517800
2019-06-18,127.18195343017578,127.25723301641315,125.68580934375441,126.2692081894529,25934500
2019-06-19,127.68067169189453,127.9064960988012,125.91163726118769,127.03139780581114,23744400
2019-06-20,128.86630249023438,129.534399912638,127.70890924438677,129.33678918377893,33042600
2019-06-21,128.8850860595703,129.6002204433433,128.40519494970937,128.51810712659196,36727900
2019-06-24,129.64730834960938,130.23070723802147,128.91335027769932,128.91335027769932,20628800
2019-06-25,125.55406188964844,129.46851430607614,124.89538344412291,129.14858682655137,33327400
2019-06-26,126.02452850341797,127.72770198486519,125.7140199955671,126.41974986599556,23657700
2019-06-27,126.23152923583984,126.7584862059941,125.62930705663001,126.22212467423523,16557500
2019-06-28,126.05278015136719,126.65500244397037,125.2999986960852,126.6267743957321,30043000
2019-07-01,127.67124938964844,128.63104616793285,127.00316639275144,128.56518550369972,22613500
2019-07-02,128.5181427001953,128.52754726483536,127.35133056970045,128.0852886388155,15237800
2019-07-03,129.34620666503906,129.609678061838,128.24525517927623,128.72516079053548,13629300
2019-07-05,128.96978759765625,129.22385438804022,127.70888692526633,127.91590218289595,18141100
2019-07-08,128.87567138671875,129.0074070354499,127.37951336985428,128.34871443368533,16779700
2019-07-09,128.4051971435547,128.88508826161473,127.78415144386977,127.97234319459272,19953100
2019-07-10,129.7131805419922,130.40008705928355,128.9321709475426,129.03567858917117,24204400
2019-07-11,130.2306671142578,131.0022719233697,129.73195253592337,130.04247537192379,22327900
2019-07-12,130.70115661621094,130.91759076501245,129.86369113942004,130.6541194481418,18936800
2019-07-15,130.70115661621094,131.30337882021664,130.2871405169213,131.2092901259685,16651500
2019-07-16,128.98863220214844,130.84235090291295,128.4616894084901,130.75766674495662,22726100
2019-07-17,128.2263946533203,129.78839892022046,128.17934313172685,129.57197915062073,20211000
2019-07-18,128.3675537109375,128.55574546683906,126.72085072010519,127.54891167580483,30381800
2019-07-19,128.55575561523438,132.36669999505327,128.39579189218472,131.94326492132046,48992400
2019-07-22,130.25889587402344,130.97404460017884,129.22383410643957,129.29911367540907,25074900
2019-07-23,131.0681610107422,131.72685378899644,129.88253985448742,131.51041959814708,18034600
2019-07-24,132.41375732421875,132.43258080955212,130.6541419355265,130.70117911169137,20738300
2019-07-25,131.9150390625,132.31024609508248,131.09639694915856,132.1408634479117,18356900
2019-07-26,132.99713134765625,133.31705874810743,132.01852566447917,132.0843863136969,19037600
2019-07-29,132.70547485351562,133.15713805639498,131.14345559416967,133.1477334915005,16605900
2019-07-30,132.06556701660156,132.88420893649075,131.54802899214516,131.86795636795145,16846500
2019-07-31,128.2263946533203,132.19730185958602,127.10663448669493,132.04674273373033,38598800
2019-08-01,129.9107666015625,132.62077419796006,128.8474622180652,128.91333723847524,40557500
2019-08-02,128.81924438476562,130.15543916148184,127.27604868290362,129.9390049556382,30791600
2019-08-05,124.40604400634766,126.02450432252688,123.06044517869915,125.43170110862626,42749600
2019-08-06,126.73968505859375,127.67123935543441,125.34704871590777,125.90221946870741,32696700
2019-08-07,127.29486083984375,127.64301634974025,124.04850598038773,125.89280552039952,33414500
2019-08-08,130.69175720214844,130.78586025821318,127.90647042509131,128.53693505612625,27496500
2019-08-09,129.58140563964844,131.15282891753128,128.40518932164247,130.42827564536898,23466700
2019-08-12,127.77473449707031,129.7225557603184,127.2572107641165,128.97919330814278,20484300
2019-08-13,130.4188995361328,130.6070913164481,127.03139005800762,128.0194148523035,25154600
2019-08-14,126.49140167236328,129.26707745675358,126.19873092335628,128.7383800513314,32527300
2019-08-15,126.20819854736328,127.05790336772996,124.85813264794338,126.87852075878831,28074400
2019-08-16,128.52122497558594,128.83278185540715,127.19003132705593,127.34109182743995,24449100
2019-08-19,130.67384338378906,130.80601777749405,129.23879681932874,130.14514580896906,24355700
2019-08-20,129.5880889892578,130.95705531914442,129.5692172262811,130.48500193805964,21170800
2019-08-21,131.03253173828125,131.69341779759466,130.2866939592937,130.80595540335926,14970300
2019-08-22,130.07904052734375,131.419670524466,128.67231613593393,130.90985916451757,18697000
2019-08-23,125.93436431884766,130.61713885506643,125.37734494631088,129.52197186755822,38508600
2019-08-26,127.87923431396484,127.9830866147604,126.4158662230904,127.44495335130941,20312600
2019-08-27,128.15298461914062,129.07820468924342,127.13334816383811,128.7666479051856,23102100
2019-08-28,127.98307800292969,128.17189642641898,126.08542907709038,127.34109248188159,17393300
2019-08-29,130.4000244140625,130.70214549982853,129.25766327258458,129.57865612176627,20168700
2019-08-30,130.15451049804688,131.4007234704586,128.6533847608089,131.3724014305802,23940100
2019-09-03,128.43626403808594,129.53143122409472,128.1152712302323,128.97441175059737,18869300
2019-09-04,129.9373779296875,129.9940220128763,128.85164684685714,129.62582106622773,17995900
2019-09-05,132.22210693359375,132.53366378074261,131.00420158510994,131.3346445943068,26101800
2019-09-06,131.32521057128906,132.3448328415527,130.47550613817484,132.2032226389941,20824500
2019-09-09,129.83352661132812,131.9388800191201,128.83277605172984,131.78781952554107,25773900
2019-09-10,128.4739990234375,129.23872289286365,126.99174507925481,129.15375677535414,28903400
2019-09-11,128.51181030273438,128.65343496331107,127.53938147166447,128.3135559462237,24726100
2019-09-12,129.83352661132812,130.6832166773474,129.21984875838393,130.14508347711427,27010000
2019-09-13,129.6447296142578,130.34335930210972,128.9366496402951,130.07901059763753,23363100
2019-09-16,128.71005249023438,129.05936731686623,128.07750280685522,128.23799919762993,16731400
2019-09-17,129.71078491210938,129.83352336080964,128.8044363792482,129.30482605244111,17814200
2019-09-18,130.7776641845703,130.91927442727277,128.89888666447607,129.68249695458798,23982100
2019-09-19,133.18508911132812,134.41241583608158,132.24098276556725,132.45812319143477,35772100
2019-09-20,131.64620971679688,133.73267696775522,130.52272070200934,133.12844939752347,39167300
2019-09-23,131.36294555664062,131.82556281410308,130.70207405020741,131.44791166334238,17139300
2019-09-24,129.7013397216797,132.8263295496485,129.2292865293963,132.51477271403107,29773200
2019-09-25,131.57070922851562,132.13717900632307,128.42683221412662,129.81467020442244,21382000
2019-09-26,131.74061584472656,132.34484343387115,130.70210732903035,131.64621383743895,17456600
2019-09-27,130.03179931640625,132.51480430973803,129.01216244925013,132.3165355831006,22477700
2019-09-30,131.2591552734375,131.43853785401615,130.07902188113087,130.33393472752817,17280900
2019-10-01,129.40870666503906,132.41095892584008,129.34261228406484,131.85393945444736,21466600
2019-10-02,127.12395477294922,128.74781936486428,126.11376814763331,128.6345311766595,30521700
2019-10-03,128.662841796875,129.10657303583397,125.77387800683437,127.40717833406802,24132900
2019-10-04,130.4000244140625,130.52276290589572,128.7950457622277,129.10660272970156,22897700
2019-10-07,129.45590209960938,130.4566528657822,129.36150007607725,129.47478826668564,15303700
2019-10-08,128.0869140625,130.06009298883106,128.03970586113044,129.4181075491507,25550500
2019-10-09,130.51329040527344,130.9475713368054,129.3142710921859,129.77688847274337,19749900
2019-10-10,131.32521057128906,131.8633437469326,130.52271434100135,130.74930507101598,17654600
2019-10-11,131.87278747558594,133.14733699817143,131.70285522239948,132.2881966357152,25446000
2019-10-14,131.7500762939453,132.4487059442759,131.72175424898182,131.8822506390827,13304300
2019-10-15,133.6571807861328,133.86487098858242,131.99554391914612,132.23157057357727,19695700
2019-10-16,132.56201171875,133.10959527775475,131.73119329737403,132.9207624322249,20751600
2019-10-17,131.88226318359375,133.5155636908473,131.24971344270278,133.07183240298096,21460600
2019-10-18,129.72967529296875,132.1749076266404,128.92717902000976,131.9483168845772,32273500
2019-10-21,130.69265747070312,130.75875184135003,129.35202795309812,130.71154363459112,20078200
2019-10-22,128.74778747558594,132.1843342572075,128.64393519347976,131.20246992213876,27431000
2019-10-23,129.56918334960938,129.76743765051162,128.03028511973127,129.22930442785477,29844600
2019-10-24,132.1182403564453,132.57140735512124,130.9192212997395,131.59897900071294,37029300
2019-10-25,132.8641357421875,133.25122295792764,131.41965360142592,131.5518279670536,25959700
2019-10-28,136.1307373046875,137.52801108363448,135.48873730511255,136.3289916296993,35280100
2019-10-29,134.8468017578125,136.42345868658612,134.67685501023388,136.026935483475,20589500
2019-10-30,136.52723693847656,136.8954378848265,134.80895625156265,135.49816434559108,18496600
2019-10-31,135.35655212402344,136.82935604426177,134.9978014293005,136.80103400009742,24605100
2019-11-01,135.68698120117188,136.3478528401246,134.97890135816795,136.19679234952932,33128400
2019-11-04,136.4705810546875,136.8954260474438,136.10238014017602,136.73492969044344,16912000
2019-11-05,136.38563537597656,136.91433272671864,135.8663739043826,136.8671245191333,18250200
2019-11-06,136.00796508789062,136.44226036860792,135.1960330111829,136.30063576567125,16575800
2019-11-07,136.19677734375,136.78213307883354,135.734174450412,135.80025440406615,17786700
2019-11-08,137.80181884765625,137.8301408958898,135.72477260436398,135.9324772286932,16732700
2019-11-11,137.9434356689453,138.23610645193605,136.6405637643538,137.21646944911558,14362600
2019-11-12,138.8497314453125,139.32178463267385,137.89617478705372,138.10387934196632,18641600
2019-11-13,139.0763702392578,139.21799490264692,138.1039413888772,138.53823685497338,16919200
2019-11-14,139.78439331054688,140.1148363177174,138.7836428169502,138.80252897888238,19729800
2019-11-15,141.58770751953125,141.60659369046735,139.98272873222308,140.60582831383925,23485700
2019-11-18,141.93701171875,142.13528048377106,140.65302590478782,141.68211325705687,21534000
2019-11-19,141.98419189453125,142.8716544090842,141.8048093344505,142.44680931758558,23935700
2019-11-20,141.73789978027344,142.89363040716188,140.63902044982487,142.3915523673597,25696800
2019-11-21,141.60528564453125,141.90843476046336,140.67691677314372,141.52949836554822,18576100
2019-11-22,141.70945739746094,142.38206030296143,140.9800321150177,142.16418096242268,15901800
2019-11-25,143.26309204101562,143.37678018506864,142.02210608510487,142.09789336282512,22420900
2019-11-26,144.02088928222656,144.39034307008217,143.34830096699824,143.38618736231766,24620100
2019-11-27,144.295654296875,144.46616479892097,143.53779611513806,144.30512228423004,15184400
2019-11-29,143.40518188476562,144.2767137945009,143.3104441849264,144.08725284976603,11977300
2019-12-02,141.67156982421875,143.83145614764797,140.50637141538132,143.8125057188623,27418400
2019-12-03,141.44422912597656,141.55790280575013,138.92435655473975,139.72011567798677,24066000
2019-12-04,141.95578002929688,142.26838262760975,141.34001391048014,142.2304962218862,17574700
2019-12-05,142.0315399169922,142.40100822762935,141.60524923041157,142.14522803370429,17869100
2019-12-06,143.75570678710938,143.86938047990867,142.35367824111742,143.03574930780448,16403500
2019-12-09,143.38623046875,144.19145754702078,142.95993973228923,143.11151426901324,16687400
2019-12-10,143.1683349609375,143.8882922467692,142.81781707742448,143.3198950256261,16476100
2019-12-11,143.70828247070312,143.86932495833503,142.4104601289437,143.55670796883544,18856600
2019-12-12,145.1671905517578,145.35665148920563,143.0641408997182,143.6609421299317,24612100
2019-12-13,146.38922119140625,146.73025664985508,144.77878159231992,144.9398241067343,23845400
2019-12-16,147.33653259277344,147.68703602021847,146.66394415335506,146.9386603212284,24144200
2019-12-17,146.54083251953125,147.50710230362102,146.31347067182008,147.26079002153074,25425600
2019-12-18,146.23764038085938,147.28916512798332,146.05764744455877,146.17133556245182,24129200
2019-12-19,147.50709533691406,147.56393218242093,145.65034313899864,145.8871729652409,24958900
2019-12-20,149.11752319335938,150.14062969449932,148.05651582831925,149.06068635245342,53477500
2019-12-23,149.11752319335938,149.79011175067217,148.9848990795974,149.79011175067217,17718200
2019-12-24,149.089111328125,149.4017284217973,148.84279906677688,149.18383458215166,8989200
2019-12-26,150.3111114501953,150.36794828022363,149.1080122131433,149.25958672984655,14520600
2019-12-27,150.58592224121094,151.14483730731382,149.8849005694375,151.05009957020013,18412800
2019-12-30,149.28805541992188,150.6427296298846,148.47336018695765,150.61431120530008,16348400
2019-12-31,149.3922119140625,149.4585311862097,148.2080630966477,148.51121213227788,18369400
2020-01-02,152.15838623046875,152.2625919076215,149.9890318942147,150.4153225898607,22622100
2020-01-03,150.2637939453125,151.5237304428571,149.7332974105456,149.9796096980777,21116200
2020-01-06,150.65216064453125,150.718479922249,148.26491238072057,148.80489122518964,20813700
2020-01-07,149.27854919433594,151.25844269298102,149.03225142604057,150.92688967276914,21634100
2020-01-08,151.65628051757812,152.32888330245382,149.62901863258827,150.55738711507612,27746500
2020-01-09,153.5509033203125,153.67405939189572,152.54674768877,153.3140736164605,21385000
2020-01-10,152.84051513671875,154.62148031132332,152.68894055697635,154.2425583169148,20725900
2020-01-13,154.67825317382812,154.70667158890456,152.76466464734693,153.23832417187603,21626500
2020-01-14,153.5888671875,154.98142757393325,153.20046284462947,154.7824841808954,23477400
2020-01-15,154.58355712890625,155.30352905130025,154.00570623006226,154.05306063131832,21417900
2020-01-16,157.41600036621094,157.4823196362133,155.3887382345589,155.69188726038482,23865400
2020-01-17,158.29702758789062,158.64753102974288,156.7149919685834,158.60016218369577,34371700
2020-01-21,157.7286376953125,159.32960936368943,157.66231841676765,157.89914820309696,29517200
2020-01-22,156.97073364257812,158.66644251220856,156.95178321782248,158.58117282827752,24138800
2020-01-23,157.9370880126953,158.0128752976038,156.56347780422664,157.43500989825466,19680800
2020-01-24,156.3455047607422,158.70433402348226,155.78659007941053,158.68538359811564,24918100
2020-01-27,153.73095703125,154.77301392246096,151.76053138101526,152.66048172072817,32078100
2020-01-28,156.74346923828125,157.02765348517525,154.47937652336492,155.15196518094265,24899900
2020-01-29,159.1875457763672,159.86014891122215,156.96135385709016,158.99808478716548,34754500
2020-01-30,163.67779541015625,164.88089473268496,161.7926251689453,164.88089473268496,51597500
2020-01-31,161.2621307373047,163.31781150569444,160.6463790875127,163.1378330139446,36142700
2020-02-03,165.1935272216797,165.30720090044179,161.423186386706,161.45160480639652,30107000
2020-02-04,170.631103515625,171.1237134714776,167.02182022982586,167.80809677985968,36433300
2020-02-05,170.42266845703125,174.4961427167114,169.01117251299462,174.33510023440238,39186300
2020-02-06,173.95619201660156,174.13618493879304,170.5742562594861,171.4363200158027,27751400
2020-02-07,174.20254516601562,175.85088594864706,172.86682148638042,173.21733945607366,33529100
2020-02-10,178.75912475585938,178.89174886166035,173.5962381626121,173.90885522377374,35844300
2020-02-11,174.7235565185547,180.6537695392819,173.8330741528824,180.6064006880335,53159900
2020-02-12,174.97933959960938,176.05928293291046,172.2700060504583,175.8035026959606,47062900
2020-02-13,174.031982421875,176.4192159295942,173.23622346436093,173.43516681747468,35295800
2020-02-14,175.5856475830078,175.6424844313066,173.02787376999353,173.59627116287365,23149500
2020-02-18,177.36656188964844,177.81180305026547,175.727703793834,175.83190947940273,27792200
2020-02-19,177.8985137939453,178.75342396936063,177.1290917371865,178.63943981115193,29997500
2020-02-20,175.1817626953125,177.86999994787422,172.0280805137108,177.5850250864562,36862400
2020-02-21,169.6438446044922,174.30789026966164,168.37097302614455,173.99441929987273,48572600
2020-02-24,162.3295440673828,165.80620582569023,155.05325577394382,159.36584000819616,68311100
2020-02-25,159.6508026123047,166.08165959218329,159.25182910172236,165.47371997311936,68073300
2020-02-26,161.64559936523438,164.58080718946448,159.78379060390208,161.20865045967483,56206100
2020-02-27,150.25621032714844,158.66288904796488,150.06623191703775,155.1387438829772,93174900
2020-02-28,153.89437866210938,155.50923164149168,144.3858178493649,144.77528307354186,97012700
2020-03-02,164.1343536376953,164.25784613285873,154.17933661297113,157.02905638868572,71030800
2020-03-03,156.26914978027344,166.23367652237985,154.13185965355714,165.0937913536831,71677000
2020-03-04,162.00656127929688,162.14904146075395,157.3235145582892,160.0497561503621,49814400
2020-03-05,157.94102478027344,162.31058783631002,157.3900770373414,157.732044102112,47817300
2020-03-06,153.47642517089844,154.93927504171984,148.18543814642317,154.46432171432747,72821100
2020-03-09,143.07492065429688,149.84775902864055,142.48598322850134,143.435889783358,70419300
2020-03-10,152.8589630126953,152.9634533148357,144.93674572307532,150.23722610593282,65354400
2020-03-11,145.93418884277344,149.80030204844616,143.57840950209692,149.25886270019677,56371600
2020-03-12,132.09405517578125,145.7822174959614,131.63810390848047,138.0214796284092,93226400
2020-03-13,150.8737030029297,153.79941776808664,133.68038364430018,140.11125691859695,92727400
2020-03-16,128.63633728027344,141.86854244359614,128.23737828715525,132.98691081630918,87905900
2020-03-17,139.22781372070312,140.111219878546,128.23738768544888,132.98692056268771,81059800
2020-03-18,133.3668212890625,138.68630167148956,128.2563359192899,131.08705226483258,81593200
2020-03-19,135.5611572265625,142.62844911064573,132.03699788391367,135.61814929503072,85922700
2020-03-20,130.4696807861328,139.73127038304972,129.0543146964059,138.6863672974225,84866200
2020-03-23,129.1682586669922,133.5283397365075,125.88159088277926,130.1466610271267,78975200
2020-03-24,140.90914916992188,142.10604082694735,134.19331668258258,136.5490811192796,82516700
2020-03-25,139.5602569580078,146.59906738567054,137.20449296873716,141.45057605299218,75638200
2020-03-26,148.28988647460938,148.81233788571038,140.9376058301492,140.96610186217097,64568100
2020-03-27,142.20101928710938,147.1310370046496,141.7260659731949,144.1483307730437,57042300
2020-03-30,152.20352172851562,152.5549970065621,142.49547567385673,144.8037561165446,63420300
2020-03-31,149.80978393554688,156.52561640437477,148.71738259294858,151.41511399644187,77927200
2020-04-01,144.49029541015625,149.84776812499067,143.2649222575526,145.33571171552185,57969900
2020-04-02,147.48251342773438,147.69149406752848,142.82797625652344,144.25283634906882,49630700
2020-04-03,146.12411499023438,149.49628588002253,144.56626894886142,147.33050027358752,41243300
2020-04-06,156.9910430908203,158.15942396618635,149.68626016931051,152.28900906098028,67111700
2020-04-07,155.3002166748047,161.48410268308842,155.08172774695498,161.09463754501482,62769000
2020-04-08,156.85809326171875,158.3209431578964,155.30974074936518,157.3710364866465,48318200
2020-04-09,156.86756896972656,158.98585654320863,155.1482404127014,158.02645613418778,51385100
2020-04-13,157.2190399169922,157.2760464896753,154.1698477747721,156.11715925033957,41905300
2020-04-14,164.99876403808594,165.04626226424094,159.58429962815816,160.53420617356386,52874300
2020-04-15,163.2699737548828,164.87531845127268,160.7622205618649,162.62402963993992,40940800
2020-04-16,168.1714324951172,168.3994152624169,164.23882034933587,165.5686980836176,50479600
2020-04-17,169.6533203125,170.98318372145278,167.06006492340595,170.50823043333762,52765600
2020-04-20,166.29067993164062,169.7958382972774,166.2241939936054,167.78204054561874,36669600
2020-04-21,159.41334533691406,164.97029069532127,157.7889985432716,164.8088082997189,56203700
2020-04-22,164.82777404785156,165.28372509311845,162.26302948839455,162.8044686369448,34620200
2020-04-23,162.83299255371094,166.2906521024293,162.34854539106306,165.38824370404214,32790800
2020-04-24,165.80621337890625,165.8157072276836,162.15857521767563,163.4409405350451,34277600
2020-04-27,165.33126831054688,168.0384937789197,164.6188382671183,167.74402501341078,33194400
2020-04-28,161.30360412597656,166.87005623256687,160.90464517567204,166.79406198092485,34392700
2020-04-29,168.5418701171875,168.77934669537962,163.26990167685855,164.5427726573075,51286600
2020-04-30,170.23280334472656,171.3631802570195,167.4020706557273,170.98322333626544,53875900
2020-05-01,165.82521057128906,169.69132309324073,165.29325067285902,166.9935916904016,39370500
2020-05-04,169.8812713623047,170.03325987772834,165.09374908184085,165.74918687198553,30372900
2020-05-05,171.7051544189453,174.4503845945939,170.88823396039098,171.5721680417122,36839200
2020-05-06,173.39593505859375,174.97278340842882,172.53153111485707,172.95898616297717,32139300
2020-05-07,174.40286254882812,175.30527094576834,173.43395373066107,174.94430178922232,28316000
2020-05-08,175.4287109375,175.73268794965426,174.17484199841797,175.7136857627892,30877800
2020-05-11,177.3855743408203,178.11699203070202,173.69043802497885,173.97539842652998,30892700
2020-05-12,173.367431640625,177.6705069643846,173.16795939072577,177.4425386787855,32038200
2020-05-13,170.74571228027344,174.83031358141244,167.6965057001137,173.4054536736494,44711500
2020-05-14,171.4866180419922,171.63860655955162,166.87956575262888,168.64639240959448,41873900
2020-05-15,173.9849090576172,177.6895392707551,168.13348049505922,170.0902859150462,46610400
2020-05-18,175.647216796875,176.87258982109455,174.7448085084128,176.44513478913066,35264500
2020-05-19,174.4313201904297,177.252543411684,174.29833387167523,175.76118337797442,26799100
2020-05-20,176.8508758544922,177.0318631296963,175.2124846213123,176.04120052904094,31261300
2020-05-21,174.7266082763672,177.81288202232966,174.59325157631395,176.60313689948154,29119500
2020-05-22,174.80284118652344,175.70777736396283,173.878864430985,174.49803205422208,20826900
2020-05-26,172.9549102783203,177.6509856570582,172.50720958063704,177.49857381640152,36073600
2020-05-27,173.18350219726562,173.3549691405075,168.22071368879833,171.64989267092176,39517100
2020-05-28,172.79296875,175.41248738313547,171.82137594021566,172.16429532449058,33810200
2020-05-29,174.55519104003906,175.52679835595217,171.8499462743446,174.0598598251902,42130400
2020-06-01,174.15512084960938,174.317052979787,172.85012898389996,173.87887257152337,22622400
2020-06-02,176.1363983154297,176.2221245092737,172.7453154342231,175.50771049099285,30794600
2020-06-03,176.56507873535156,177.11756076291744,174.86953695945328,176.05070693577963,27311000
2020-06-04,174.24085998535156,177.02231087757588,173.65028222738718,175.55538677286637,28761800
2020-06-05,178.31773376464844,178.8225851682966,173.37398649610316,173.95504380489692,39893600
2020-06-08,179.42271423339844,179.60370145806192,175.6887117435754,177.11753989433996,33211600
2020-06-09,180.79440307617188,181.651694207209,178.37491244759534,179.07980627930513,29783900
2020-06-10,187.5003662109375,189.10066141937924,181.94698529918034,182.06130144357863,43872300
2020-06-11,177.43191528320312,186.47162701714973,177.2414077362902,183.96642443239614,52854700
2020-06-12,178.8321533203125,182.62330696543887,176.39360750554295,181.49928782354135,43373600
2020-06-15,179.97523498535156,181.7660379714091,175.27914455961388,175.8221063506272,32770200
2020-06-16,184.3855743408203,186.30019942498473,182.3756882031011,183.73783115319904,42556700
2020-06-17,185.02371215820312,187.0050221314009,184.49980563299377,185.7762218691107,25687800
2020-06-18,187.0050506591797,187.166982785349,184.79512262836676,184.79512262836676,23061600
2020-06-19,185.8905487060547,189.83411407758476,185.14755918205572,189.1673304707642,44441100
2020-06-22,191.0533905029297,191.23436320106813,185.96675100741712,186.50017788250193,32818900
2020-06-23,192.32981872558594,194.2730188236847,191.87258320326245,192.50127114536238,30917400
2020-06-24,188.4529266357422,193.60623760474027,187.23366096391769,192.0345322646708,36740600
2020-06-25,190.83428955078125,191.09148269469972,186.1953653454678,188.41481354457534,27803900
2020-06-26,187.0145721435547,190.4056555951069,185.63337438286644,190.2532437572232,54675800
2020-06-29,189.02442932128906,189.11015551662007,184.36645042269134,186.49063740415164,26701600
2020-06-30,193.85385131835938,194.7016220127296,188.35763677088494,188.49099346882664,34310300
2020-07-01,194.9874267578125,196.5591465629425,192.1964558697461,193.50144769462975,32061200
2020-07-02,196.47341918945312,198.14992042899772,195.2732086032467,195.92093714776627,29315800
2020-07-06,200.70272827148438,201.11233324014438,198.2165666631552,198.9214604627047,31897600
2020-07-07,198.3689727783203,204.4843554530496,198.12131446740048,200.46458446974043,33600700
2020-07-08,202.73170471191406,203.1412952180682,198.78813883046487,200.10266563587942,33600000
2020-07-09,204.15098571777344,206.11324083997917,201.4362062503847,206.06561032506502,33121700
2020-07-10,203.53179931640625,203.92234915396207,201.0646929402599,203.48416880588633,26177600
2020-07-13,197.24502563476562,205.5608037299183,196.70206380880938,204.3034276286274,38135600
2020-07-14,198.46424865722656,198.94052473796404,192.44411202000435,196.34958169596874,37591800
2020-07-15,198.1689453125,201.30285006378293,195.30176853848567,199.61682866793632,32179400
2020-07-16,194.2444305419922,195.93997218751295,192.7108210160108,195.6542036387055,29940700
2020-07-17,193.25379943847656,195.3113011914256,191.8344913952592,194.76835398301196,31635300
2020-07-20,201.56004333496094,202.22682694154088,193.37760921523997,195.27319325053878,36884800
2020-07-21,198.8452911376953,203.78903986328467,198.15945232404164,203.52232638406318,37990400
2020-07-22,201.7029266357422,202.22683324824817,198.50235068955192,199.27391563942754,49605700
2020-07-23,192.92991638183594,200.91230847679552,192.55842160486344,197.35929283705426,67457000
2020-07-24,191.74871826171875,193.23469703875259,188.13853808450892,190.91046786040124,39827000
2020-07-27,194.17776489257812,194.2920665013878,191.32962868313254,191.91068608590263,30160900
2020-07-28,192.43458557128906,194.98741830562813,192.16787213739667,193.9491399712048,23251400
2020-07-29,194.37779235839844,194.93979464709193,192.42505751425415,192.8918133073751,19632600
2020-07-30,194.2253875732422,194.75882901393874,190.10084934195524,191.4629920099021,25079600
2020-07-31,195.28273010253906,195.36847085085128,189.5674166446083,194.70167265292434,51044000
2020-08-03,206.26564025878906,207.3134534584986,200.45508074936077,201.48383883595034,78983000
2020-08-04,203.16983032226562,204.57961789051777,200.33122914366757,204.0080808185462,49280100
2020-08-05,202.83645629882812,204.79871139406026,201.53146450991576,204.70345036554147,28806400
2020-08-06,206.0846710205078,206.10371159915528,201.5124176259521,202.26492745672695,32656800
2020-08-07,202.3982696533203,205.46548863137218,200.92181096572025,204.6558280531857,27820400
2020-08-10,198.3689727783203,201.82674151677793,196.55912962091006,201.6266991825336,36716500
2020-08-11,193.73008728027344,197.79747504919945,193.50146950063865,197.33073373445393,36446500
2020-08-12,199.26438903808594,200.30266740602258,195.03505511443325,195.54942688645932,28013100
2020-08-13,198.797607421875,201.32187904342692,198.27370089402152,199.50250116251334,22588900
2020-08-14,198.9881134033203,199.64537663008304,197.6640666620123,198.85475670041126,17958900
2020-08-17,200.30267333984375,201.1694993210483,199.00720178012043,199.65494482737856,20184800
2020-08-18,201.4552764892578,202.28399227877523,199.28345856619634,200.54081995254023,21336200
2020-08-19,200.23304748535156,202.5247077340246,199.80336574182783,201.94224572660374,27627600
2020-08-20,204.89273071289062,205.29376795305888,199.47870611572912,200.08025469101796,26981500
2020-08-21,203.40318298339844,206.48736005046817,203.24085940828198,204.20525755571333,36249300
2020-08-24,204.04298400878906,205.79037055043287,202.83985728539994,205.09331585293745,25460100
2020-08-25,206.6973876953125,206.83106676380277,203.47953218027314,203.47953218027314,23043700
2020-08-26,211.1661376953125,212.06370355764227,207.54724433690507,208.04377292307376,39600800
2020-08-27,216.35098266601562,220.71466112899327,209.49511824885343,212.82756644310686,57602200
2020-08-28,218.5758056640625,220.2277003121461,216.35099233448315,217.8787512019263,26292900
2020-08-31,215.348388671875,218.37527645385566,214.1834647217213,216.75202630738926,28774200
2020-09-01,217.00990295410156,217.18176986293003,214.29810364315898,215.32934880592342,25725500
2020-09-02,221.19210815429688,222.34748887077873,217.08624417836464,217.6782494908161,34080800
2020-09-03,207.4899139404297,218.9577127975465,205.2555576037931,218.919525023127,58400300
2020-09-04,204.57762145996094,208.5020748978359,195.92664012521107,205.38925379080658,59664100
2020-09-08,193.51087951660156,200.54815481211494,193.07163989272198,197.17751849448624,52924300
2020-09-09,201.75128173828125,205.14101948557266,197.3685013238326,198.2278794601493,45679000
2020-09-10,196.0985107421875,205.04550944722897,194.89539903060142,203.7659930391178,35461500
2020-09-11,194.8189697265625,199.21130641814977,192.15493198309133,197.84585685592558,33620100
2020-09-14,196.1366729736328,199.75556524022994,194.8189690567026,195.01949491924915,30375800
2020-09-15,199.35458374023438,200.3094385390936,197.58809653437365,199.01083542984793,21823900
2020-09-16,195.79298400878906,201.14016226576354,195.4014900352988,201.11151778672067,26328100
2020-09-17,193.74960327148438,195.10549542521738,190.9327843465496,191.01871778722526,34011300
2020-09-18,191.34332275390625,194.45614366811049,187.3902250852239,193.64452595746747,55225300
2020-09-21,193.3962860107422,193.55862414931087,187.5143914784935,188.2878215402221,39839700
2020-09-22,198.05596923828125,198.7052780405181,192.95704840245924,195.80251145980125,33517100
2020-09-23,191.5343017578125,198.70526991631596,190.99958545426037,198.51428731939603,30803800
2020-09-24,194.01693725585938,196.2894962029977,190.20706159211466,190.82772591604362,31202500
2020-09-25,198.4379425048828,199.60285202097856,193.39629547770284,194.360708203797,29437300
2020-09-28,199.98477172851562,202.973471617275,198.6670675733569,201.35976483478098,32004900
2020-09-29,197.90321350097656,200.58636790258805,197.47353172695807,199.8988712361869,24221900
2020-09-30,200.83462524414062,202.41012994138174,197.21571715131006,198.35199677037934,33829100
2020-10-01,202.86843872070312,204.32936526589785,201.77990493075555,203.85193790943092,27158400
2020-10-02,196.88153076171875,201.46483711654338,196.26086634548096,198.6098157696797,33154800
2020-10-05,200.8823699951172,200.9110144753066,197.6358547310032,197.86502514244748,21331600
2020-10-06,196.61412048339844,200.6913392657094,195.57333243282775,199.39275095522328,28554300
2020-10-07,200.35711669921875,200.62447478724084,197.38751869233053,197.71216571779692,25681100
2020-10-08,201.07334899902344,201.65581107779784,198.91538214434803,201.00650216165653,19925800
2020-10-09,206.06724548339844,206.11499114512895,201.69400804161535,201.69400804161535,26458000
2020-10-12,211.40487670898438,213.7538262590531,207.02209605561117,208.91270474668647,40461400
2020-10-13,212.79893493652344,215.04284947727942,210.47863026566432,212.66525585132484,28950800
2020-10-14,210.8892059326172,214.09751825124414,209.23731141011743,212.93259437204514,23421700
2020-10-15,209.74339294433594,210.41178833961618,206.25816444692333,207.29896717306707,22733100
2020-10-16,209.74339294433594,212.25465097016937,209.4187458337608,210.21126243606867,26057900
2020-10-19,204.5489959716797,212.26422448710105,204.0715685727298,210.46909280467258,27625800
2020-10-20,204.9595947265625,207.55680117288514,203.4700234408629,206.05768658353387,22753500
2020-10-21,205.1028289794922,207.1271166414113,203.49866522161116,203.49866522161116,22724900
2020-10-22,205.18875122070312,206.3059296091729,202.14276202063672,204.27208418481786,22351500
2020-10-23,206.4682159423828,206.51596158864882,203.53681975669713,205.32239328162643,18879600
2020-10-26,200.59588623046875,206.57327167863946,198.70527791822374,204.19569269246188,37111600
2020-10-27,203.62277221679688,204.97866419195947,200.83459813928872,202.0377098600853,36700300
2020-10-28,193.53001403808594,199.41192462760188,192.97621093206342,198.29474597039354,51195600
2020-10-29,195.4778594970703,197.99867537575767,194.1887997967496,194.8572097568725,31432600
2020-10-30,193.32943725585938,195.06726527827394,190.60809546277156,194.3129364566058,36953700
2020-11-02,193.19573974609375,196.01255800095768,191.08550459527356,195.06724666861146,30842200
2020-11-03,197.1106414794922,198.72434819434292,193.95007486989743,194.6853170414413,27512000
2020-11-04,206.6210174560547,208.46389468820024,202.83024295706136,204.35801637531904,42311800
2020-11-05,213.2095184326172,214.00204965218953,211.16612977646565,212.0159499519229,36080100
2020-11-06,213.62014770507812,214.23125428205773,208.18702078149855,212.22605308606802,25231900
2020-11-09,208.53074645996094,217.82147990831737,208.04377574015598,214.3076211153665,44395000
2020-11-10,201.48387145996094,206.72602865580558,200.2521153905157,204.81631938415842,44045100
2020-11-11,206.77383422851562,208.1965587234727,202.62020953091454,202.80163429548938,29440800
2020-11-12,205.71389770507812,209.2182126853454,204.7781441840893,207.40399459384702,21593900
2020-11-13,206.73558044433594,207.6045016953903,204.4916806999845,206.59235807105273,18621100
2020-11-16,207.42306518554688,207.9100503668806,204.83541732247747,205.1696076977842,24953300
2020-11-17,204.7781524658203,207.85277130198583,204.41530300487557,206.34411364526463,24154100
2020-11-18,202.0784149169922,205.99399180635928,201.93480295916703,204.53880869388323,28372800
2020-11-19,203.3612823486328,203.94526929630183,200.97746390164156,202.3656398944147,24792700
2020-11-20,201.4178466796875,204.194169355236,201.0444789459679,203.15065627997777,22843100
2020-11-23,201.14979553222656,203.23682175525894,199.28295679876337,201.9539699700148,25683500
2020-11-24,204.73983764648438,205.11320532389465,199.95306506016246,200.65192976750566,33979700
2020-11-25,204.7494354248047,206.10887728216528,203.39957646316228,205.93656045611112,21012900
2020-11-27,206.0514678955078,207.04712506021036,204.91221335516298,205.68768300785575,14512200
2020-11-30,204.94091796875,205.60148040979328,201.8486519158757,204.9696374397487,33064800
2020-12-01,206.98963928222656,208.05230344579502,204.25160461083848,205.36212481674454,30904500
2020-12-02,206.18548583984375,206.28122715714795,203.7250917523255,205.7163913660457,23724500
2020-12-03,205.10366821289062,207.15240660691688,204.53881785971507,205.4578847635359,25120900
2020-12-04,205.2185516357422,206.19505750838957,204.08886550697892,205.08452256365908,24666000
2020-12-07,205.1515350341797,206.34822842550528,203.90698559365995,205.22812516419336,24620000
2020-12-08,206.7981719970703,207.69808770235701,203.8112301736273,204.84517494514358,23284100
2020-12-09,202.7677001953125,206.05141934797453,202.20286450676673,205.98441212448722,32440600
2020-12-10,201.5423126220703,203.9931382813653,201.38913236634608,202.73900597977865,26733300
2020-12-11,204.16543579101562,204.2228893375298,200.1924200626549,201.0923357197763,30979400
2020-12-14,205.06532287597656,206.9896146941102,203.80162258210368,204.01224173242744,28798400
2020-12-15,204.9983673095703,206.23334844937955,203.18896750450304,205.9940097735343,27000600
2020-12-16,209.9287567138672,210.72336294076212,205.56322121850565,205.59194069349553,35023300
2020-12-17,210.06277465820312,211.47008729036386,208.62674255257576,210.49358136827655,32515800
2020-12-18,209.26817321777344,210.3212692956712,206.80777908388407,209.26817321777344,63354900
2020-12-21,213.0975799560547,214.44745359399022,208.01402881752463,208.27251867774226,37181900
2020-12-22,214.3900146484375,216.00794643471485,212.38914682397282,213.19332126901028,22612200
2020-12-23,211.59454345703125,214.0262180085377,211.38392425082907,213.59541130787824,18699600
2020-12-24,213.25074768066406,214.0740732616441,211.7668450557722,211.97746424681867,10550600
2020-12-28,215.36648559570312,216.3908473661043,213.50921543485993,214.87822542694408,17933500
2020-12-29,214.5910186767578,217.49180182350608,214.04533417401936,216.65890803129258,17403200
2020-12-30,212.22637939453125,216.00794208381058,212.02534309135797,215.62499144526328,20272300
2020-12-31,212.93482971191406,213.49009718851218,210.3116725862071,212.2455331622111,20942100
2021-01-04,208.40655517578125,213.49010649539775,205.6493688567727,213.0401486000575,37130100
2021-01-05,208.60760498046875,209.20117488968572,206.50142734305604,207.9948984930746,23823000
2021-01-06,203.19854736328125,207.25773679566413,202.90176972562557,203.1219572296807,35930700
2021-01-07,208.9809112548828,209.98613642014786,204.59624041863154,204.91215455439107,27694500
2021-01-08,210.25425720214844,211.17332424076446,207.77471176782262,209.3543413498572,22956200
2021-01-11,208.21510314941406,209.57454522836616,207.48750414372483,209.15330677414084,23031300
2021-01-12,205.76422119140625,207.84169356915027,204.22289427900293,207.26727495468438,23249300
2021-01-13,207.1140899658203,207.51617714350778,204.80686188159456,204.8930348974412,20087100
2021-01-14,203.93569946289062,208.1863566093762,203.66764131924498,206.70245392329073,29480800
2021-01-15,203.58143615722656,205.36211617781012,202.98788101972235,204.41434453670772,31746500
2021-01-19,207.20985412597656,207.7268192377233,203.56233504710266,204.63456763921351,30480900
2021-01-20,214.77293395996094,216.16109525037086,208.02358090402097,208.4160998078411,37777300
2021-01-21,215.37606811523438,216.64935150148284,212.93481093432405,215.11757827987228,30709400
2021-01-22,216.3142852783203,220.25859646157198,216.17068792070867,217.39610073257143,30172700
2021-01-25,219.74159240722656,219.9809310487722,214.65804199808883,219.3490735291546,33152100
2021-01-26,222.42221069335938,224.19330805574725,220.26816270078035,221.97225283293037,49169600
2021-01-27,222.9678497314453,230.18631059995516,220.32555665893744,227.85036336098,69870600
2021-01-28,228.74075317382812,232.29254556500564,225.06451460420766,225.56234314220006,49111200
2021-01-29,222.06797790527344,227.86954440379412,221.48399101899585,225.92611574790212,42503100
2021-02-01,229.43002319335938,232.15848963643907,222.5179218384246,225.03576910164196,33314200
2021-02-02,229.29603576660156,231.97663204495075,228.51101245118528,231.0097089858927,25916300
2021-02-03,232.63717651367188,234.63804419667926,229.05666491665414,229.3534571245512,27158100
2021-02-04,231.6893768310547,232.86693348320225,230.11931590292957,232.31166607339227,25296100
2021-02-05,231.8712921142578,232.90523688390178,230.16720201467962,231.9000115849641,18054800
2021-02-08,232.12977600097656,233.2881669112596,230.5405638250113,232.78077013104104,22211900
2021-02-09,233.3743438720703,234.32211561321034,231.0862668747444,231.55536129754788,23565000
2021-02-10,232.46485900878906,235.43264960639695,230.61715697080717,234.55188509696072,22186700
2021-02-11,234.0635986328125,234.69544147818965,231.8233780804158,234.3412250003799,15751100
2021-02-12,234.5422821044922,234.83905965953178,232.37865160478628,233.52747407284002,16561100
2021-02-16,233.30731201171875,235.63369127508065,232.56057659584255,234.58059537675686,26728500
2021-02-17,234.32447814941406,234.43003030313588,231.19631876722457,231.56095614221252,21653500
2021-02-18,233.93104553222656,234.06538330037233,231.1195427268476,232.02153115942008,16925600
2021-02-19,231.22506713867188,233.99819366694103,230.4670068908638,233.89264153022282,25262600
2021-02-22,225.0263214111328,228.30801355738436,223.00165002550102,227.81864342177664,36446900
2021-02-23,223.83644104003906,225.33335146637455,219.4800328590724,221.01533386346114,30228700
2021-02-24,225.064697265625,225.68840512166148,219.7391387901833,220.7082886727813,26339700
2021-02-25,219.7295684814453,225.1030937109058,218.66445668933272,222.69460427185766,39542200
2021-02-26,222.9824676513672,225.8515415247869,220.2573072215553,222.166836123275,37819200
2021-03-01,227.35804748535156,227.86661288751642,223.7213085056627,226.36009733043844,25324000
2021-03-02,224.41220092773438,227.70349799818933,224.00918764921863,227.4252175123957,22812500
2021-03-03,218.3573760986328,224.13392888093216,218.06950529574024,222.77135603173917,34029500
2021-03-04,217.56094360351562,223.08801625993092,215.19083022458815,217.57054857019696,44727800
2021-03-05,222.2340087890625,223.8364715609729,217.30187304022164,220.23812306789688,41872800
2021-03-08,218.1942901611328,223.93245334526267,217.94480989807317,222.01333385234915,35267400
2021-03-09,224.32583618164062,225.86113735770795,222.30116489353895,223.46223842117595,33080500
2021-03-10,223.02085876464844,227.41564385006524,222.65622140139538,227.41564385006524,29746800
2021-03-11,227.54037475585938,229.4978699157633,224.83440963059357,225.4581321614422,29907600
2021-03-12,226.21617126464844,226.28334746335574,223.79807702037834,224.54653232236623,22653700
2021-03-15,225.31419372558594,225.67883106928048,222.4355148439166,225.4581364547002,26034900
2021-03-16,228.09690856933594,230.35186474160002,226.39848405501235,226.72473079014074,28092200
2021-03-17,227.45401000976562,228.90295443295722,223.7980901339011,226.60000251813773,29562100
2021-03-18,221.3895721435547,224.71924482700015,221.01534451892877,223.15515813452234,34833000
2021-03-19,221.03457641601562,223.06883823635602,220.07501674352017,221.67747963958135,46430700
2021-03-22,226.4464569091797,227.31964494665482,220.8330278477673,220.95777527099935,30127000
2021-03-23,227.97215270996094,231.30182541849308,227.48278262536803,227.88579586710034,31638400
2021-03-24,225.93788146972656,228.37515610513233,225.80354372827452,228.2312280399036,25620100
2021-03-25,222.9440460205078,227.35802548423027,222.20519576310443,225.78434852304252,34061900
2021-03-26,226.9166717529297,227.13738102401882,222.18604950172028,222.18604950172028,25479900
2021-03-29,225.72679138183594,227.22370192103884,222.50267074289255,227.02218797535386,25227500
2021-03-30,222.47390747070312,224.3930267427671,221.7542377436791,224.08596063121217,24792000
2021-03-31,226.23538208007812,229.4307174616961,222.99206578776494,223.49104090390196,43623500
2021-04-01,232.54931640625,233.01949132343557,228.42320646175943,228.8262198086557,30338000
2021-04-05,238.99752807617188,239.85153557551078,232.88512317429942,232.94269441038907,36910600
2021-04-06,237.83642578125,239.31414101565258,236.8960615411756,237.59653589865943,22931900
2021-04-07,239.79393005371094,240.7822752368662,237.1935318252326,237.7884540717137,22719800
2021-04-08,243.0084686279297,243.8624760860077,241.8090191282854,242.54788411974718,23625200
2021-04-09,245.50332641601562,245.63766417265026,242.2312247073296,242.64382830209405,24326800
2021-04-12,245.5609130859375,247.24974743747651,244.3230729403919,244.4094444364362,27148700
2021-04-13,248.03659057617188,248.7082941150064,246.44371787607142,246.8563508242673,23837500
2021-04-14,245.25381469726562,248.36277817763542,244.84121113085754,247.06739624976979,23070900
2021-04-15,249.0056915283203,249.41829508741483,247.30728174663673,247.49917607756265,25627500
2021-04-16,250.195556640625,250.445051503243,247.18255477329765,248.9769265105959,24878600
2021-04-19,248.2764129638672,250.90562587805667,247.39363463217305,249.66778593713443,23209300
2021-04-20,247.81582641601562,249.67737404277548,246.45323914810996,247.39361792643527,19722900
2021-04-21,250.04197692871094,250.1379387259192,246.8466569940219,248.46831473152577,24030400
2021-04-22,246.77000427246094,251.19356085177702,245.30186432222726,249.68704495227024,25606200
2021-04-23,250.58901977539062,250.93447650853264,246.86592330580729,247.4512699735004,21462600
2021-04-26,250.9728240966797,251.82684627305457,249.64865632842103,251.07839088950067,19763300
2021-04-27,251.37582397460938,252.54648783182677,249.60063289753063,251.00158168291068,31014200
2021-04-28,244.2654571533203,246.16539545227755,242.72056581581106,245.72397701053836,46903100
2021-04-29,242.2983856201172,245.7432156591493,238.93033674663465,245.1290981102082,40589000
2021-04-30,241.98171997070312,242.84533234959014,239.5060692196905,239.64040697084403,30945100
2021-05-03,241.67469787597656,244.0640067134721,240.96461845267157,243.1524133181081,19626600
2021-05-04,237.769287109375,241.05099410582295,235.82138212667073,240.82069451117363,32756100
2021-05-05,236.50271606445312,239.41018122218645,235.879008022166,238.9879725478968,21901300
2021-05-06,239.6308135986328,239.75556103135267,234.79463968140215,236.48345929785845,26491100
2021-05-07,242.2504119873047,244.0159980566037,241.0125719605132,241.95293622585686,27032900
2021-05-10,237.18392944335938,241.5499284512594,237.12635821135868,240.72470662857563,29299900
2021-05-11,236.27235412597656,236.62740113121535,232.76037714863403,234.6603010402085,33641600
2021-05-12,229.3347625732422,234.4971983156802,228.4423791025512,232.37656498927853,36684400
2021-05-13,233.2017364501953,235.66781131217894,231.65684512029483,232.02148240366125,29624300
2021-05-14,238.11473083496094,239.10307614273847,235.56231319136046,235.64867004930946,23901100
2021-05-17,235.26483154296875,236.6178141840923,233.67197362740927,236.57943823986372,24970200
2021-05-18,233.24974060058594,236.44507570607448,233.07701226535352,236.3107379527679,20168000
2021-05-19,233.82684326171875,233.93263914849052,229.47962878380176,230.16248113662323,25739800
2021-05-20,237.05833435058594,238.4721449920727,234.5384881591989,234.6346715442007,21800700
2021-05-21,235.7984619140625,238.83767555656837,235.38490555585892,238.10673157029987,21863100
2021-05-24,241.19400024414062,241.5594795417082,238.04899101242594,238.31828691309914,21411500
2021-05-25,242.09812927246094,243.0887568603023,241.23253719539568,242.14622098241554,17704300
2021-05-26,241.87689208984375,243.2714634355035,241.16517303578058,241.819173240438,17771600
2021-05-27,239.78018188476562,241.86723238709067,239.72247771865466,241.5690844118336,24426200
2021-05-28,240.13607788085938,242.4443476755237,240.020669527561,241.40562846925397,18270200
2021-06-01,237.94322204589844,241.68452766984606,237.52005320809064,241.62682349539628,23213300
2021-06-02,237.8470001220703,239.74169836225994,236.44280193053729,238.6452752663325,19406700
2021-06-03,236.3178253173828,236.9237338024007,233.71140768799265,235.846550117456,25307700
2021-06-04,241.20364379882812,242.0307712219281,238.0490216910813,238.28946553877864,25281100
2021-06-07,244.10818481445312,244.37748072250199,240.2610836417249,240.42458368050268,23079200
2021-06-08,242.9156036376953,246.22411314134618,242.85788479009744,245.40659823560296,22455000
2021-06-09,243.89662170410156,245.76246833996902,243.53115702915264,244.10821346748003,17937600
2021-06-10,247.40704345703125,247.61863517541653,243.97351361873402,244.56980954753342,24563600
2021-06-11,248.03225708007812,248.6092988045353,246.8011564650918,248.12841113345158,18999700
2021-06-14,249.95582580566406,250.01352998227475,246.98391395493297,248.04187277788913,19150500
2021-06-15,248.48426818847656,250.05196672313224,247.83026798722594,249.84037496966238,18038900
2021-06-16,247.54171752929688,250.6193807060856,244.69485634370264,249.48449295997696,27220000
2021-06-17,250.92713928222656,251.74465405768584,246.22407390163147,246.2817780645063,27565500
2021-06-18,249.513427734375,252.27371890920963,248.8594273945589,249.70579458776135,37202200
2021-06-21,252.59103393554688,253.44699862968113,248.06108081005905,249.88844788107733,26696100
2021-06-22,255.3610076904297,255.63030364087788,252.36987079514645,252.67764598167503,24694100
2021-06-23,255.13011169433594,256.6304787462093,254.3222240011004,255.82259105297376,19518700
2021-06-24,256.4958801269531,257.61154309721616,255.32251298159505,255.98614034624336,21446900
2021-06-25,254.8896484375,257.03441766201166,254.6396068486284,256.05341754170934,25611100
2021-06-28,258.4482727050781,258.6213852234761,255.74568632511017,256.0149822485252,19590000
2021-06-29,261.0258483886719,261.2662922485271,257.7365928224437,258.5925577009788,19937800
2021-06-30,260.544921875,260.9873302929651,259.2946257303389,260.3429572810892,21656500
2021-07-01,261.2181396484375,261.4489562947867,259.2945893260647,259.30418711896345,16725300
2021-07-02,267.036865234375,267.373492407976,262.0837290689693,262.39150416203586,26458000
2021-07-06,267.04656982421875,268.69119759373734,263.81498911192836,267.4024220376937,31565600
2021-07-07,269.229736328125,269.9606949040537,266.55600233060557,268.71999662413555,23260000
2021-07-08,266.81573486328125,268.0756582442465,264.36319007014714,266.31559288844903,24618600
2021-07-09,267.31585693359375,267.4216381390511,264.7960100826157,265.1807143722743,23916700
2021-07-12,266.719482421875,269.07581384728866,266.00774887676647,268.48914511457275,18931700
2021-07-13,270.2395935058594,272.03810834879346,266.7868242229715,266.91183033818885,26120100
2021-07-14,271.71112060546875,272.8171562130653,269.8260200844515,271.557233051648,23113700
2021-07-15,270.2877197265625,271.7111577808716,269.1335775905223,271.22064297039645,22604200
2021-07-16,270.0184326171875,273.24038594694457,268.77773418312665,271.28798313803793,26186800
2021-07-19,266.4214172363281,269.6529685438566,263.9592745207665,268.2680095974711,32935600
2021-07-20,268.6430969238281,270.2300203759046,265.70006671057956,267.40239850810826,26259700
2021-07-21,270.6436462402344,270.75905461532693,266.69076263800514,268.2392072556,24364300
2021-07-22,275.202392578125,275.4716884823561,272.58636264371466,272.99029182453523,23384100
2021-07-23,278.5974426269531,278.9051883924715,275.5486022461029,276.38534199654606,22768100
2021-07-26,278.0011291503906,278.6166794096968,275.68327658614254,277.9530521274675,23176100
2021-07-27,275.5871276855469,278.5109037300761,272.13435756738795,278.36664329219724,33604100
2021-07-28,275.279296875,279.0590663386957,272.98064007555604,277.94340359284985,33566900
2021-07-29,275.548583984375,277.58754263217537,275.144625501769,275.29851304985465,18168300
2021-07-30,274.0194091796875,275.70251598499704,273.05763386236777,274.26948015452774,20944800
2021-08-02,273.93292236328125,275.80836709683444,272.89418832067446,275.41403559464675,16267400
2021-08-03,276.1448669433594,276.25067746879176,273.14413327398177,274.5098668548125,17879000
2021-08-04,275.5582275390625,276.59693186168965,273.76931036819576,275.2793045071055,16191300
2021-08-05,278.45318603515625,278.558996585167,275.1639308070006,275.91411439860224,13900200
2021-08-06,278.3954772949219,278.4339565262084,276.62581421943787,277.48180834700514,16589300
2021-08-09,277.3086853027344,280.40560323278316,276.808572666281,278.67441927108996,16117600
2021-08-10,275.490966796875,278.193553507934,274.29837461151317,277.7607428078615,18616600
2021-08-11,275.9814758300781,277.62610362360755,274.9331147655397,276.23151748719226,13955900
2021-08-12,278.7320861816406,278.88597374560374,275.3947248502605,275.6736478943844,14561300
2021-08-13,281.6558837890625,281.70396081045175,278.2415640899501,278.41470593926334,18249000
2021-08-16,283.3389587402344,283.5505504425567,278.9340122149012,281.982852286857,22507600
2021-08-17,281.8771057128906,282.2137329544662,279.9535550193779,281.21350772659866,20075300
2021-08-18,280.15228271484375,284.09347133334273,279.70899787712983,281.4146181894163,21813000
2021-08-19,285.9724426269531,286.6469859033091,278.1382656084222,278.1864346679161,29850500
2021-08-20,293.2863464355469,294.7125096493585,287.21557336643235,288.8151805177053,40817600
2021-08-23,293.5657958984375,294.2885083597371,290.8676811391506,292.21673851879405,22830200
2021-08-24,291.6095886230469,294.5293451223388,291.0121511635646,293.9222620885944,18175800
2021-08-25,291.02178955078125,293.5079068482192,289.4896430501033,293.22844986666524,20006100
2021-08-26,288.2080383300781,291.42651371995913,288.0731473198594,290.0389036898351,17666100
2021-08-27,288.815185546875,289.92333882072455,286.0303192932978,288.11173480081567,22605700
2021-08-30,292.54437255859375,293.15145574767917,290.106423632768,290.1642382786574,16348100
2021-08-31,290.8965148925781,293.42118508039425,290.53033596630166,293.3441087098698,26285300
2021-09-01,290.848388671875,294.08615577563324,290.5207625531025,291.85055818104365,18983800
2021-09-02,290.1931457519531,292.3227302959744,289.2584364332611,291.20496087003505,16285600
2021-09-03,290.1835021972656,291.59037412727884,289.33551492747904,290.03893618886394,14747900
2021-09-07,289.2583923339844,290.1352868730688,287.3504504950294,290.05821049267576,17180400
2021-09-08,289.28729248046875,289.67273318736136,286.6469927606512,288.8729444557402,15046800
2021-09-09,286.43499755859375,291.1470962428215,286.1940934395369,289.87511543646343,19927000
2021-09-10,284.9510192871094,289.007865815786,284.6330387898814,287.5624411048134,19633400
2021-09-13,286.1844482421875,287.678071426656,283.3803207637957,286.7240711170078,23652900
2021-09-14,288.8825988769531,290.42439115897747,287.2540846387654,288.66095649526324,21853400
2021-09-15,293.72955322265625,294.21136141464643,290.8387040707149,292.2263140162258,28356300
2021-09-16,294.11505126953125,294.20177323213824,289.81732959262365,292.70817930849984,19550800
2021-09-17,288.95965576171875,293.42120456252405,288.63202970257026,293.1032240780458,41372500
2021-09-20,283.59234619140625,287.8515443910694,278.98626014030367,285.5484866618961,38278700
2021-09-21,284.07415771484375,286.7144871567123,283.3707364278861,284.93179059163447,22364100
2021-09-22,287.71673583984375,289.29708175249175,283.7948372049294,285.93406800908974,26626300
2021-09-23,288.6609802246094,289.9522229123692,286.70483974436394,287.9768206871402,18604600
2021-09-24,288.4586181640625,288.8922279642704,286.1266531897196,287.3793723405542,14999000
2021-09-27,283.46710205078125,285.68340842010866,282.2818430717225,285.3654278881508,23571700
2021-09-28,273.20458984375,280.2004563333736,272.4626155886146,279.25610140272624,43186200
2021-09-29,273.6672058105469,276.3364140975099,272.7132344682189,274.72719030605276,26353700
2021-09-30,271.6628112792969,277.3577596425143,271.3737086480666,275.3148971070343,32343600
2021-10-01,278.58160400390625,279.4295914359694,271.0557596552188,271.85554860617674,30086300
2021-10-04,272.8094787597656,277.28067385415983,270.0535494270314,276.9434021661116,31350700
2021-10-05,278.2539367675781,279.83425268811834,273.7152814419423,273.7152814419423,24993000
2021-10-06,282.4456787109375,282.9467782189283,275.1222152677456,275.38238119187673,28002600
2021-10-07,284.1222839355469,285.8471654194184,283.22612779643686,284.4402643887922,20430500
2021-10-08,284.1222839355469,285.8471654194184,283.0719456530571,285.44243361714194,17685700
2021-10-11,283.52490234375,287.1288187573514,282.0987392920623,282.26256704142725,19298600
2021-10-12,282.2239990234375,284.69085485665033,281.71328346594987,284.5944873273196,17974100
2021-10-13,285.5292053222656,286.46391451193523,282.81179971016536,284.18014809161934,23416300
2021-10-14,291.7349548339844,292.23602492950124,286.99394774852544,288.323743494712,27262900
2021-10-15,293.1417541503906,293.37304209699454,289.58600707147593,291.3397960809564,25384800
2021-10-18,296.1097106933594,296.99622136989956,291.67706908893643,292.52505628022925,22729300
2021-10-19,297.0155334472656,298.046580784232,296.04227134224186,297.1311627256362,17682100
2021-10-20,296.225341796875,298.4320317414315,294.9726227448066,297.95983967544254,16537100
2021-10-21,299.4533996582031,299.7039198899631,295.2134645701464,295.99402079876546,16918100
2021-10-22,297.91168212890625,299.7714549252828,296.6011483907177,299.10655718444485,17449300
2021-10-25,296.9192199707031,298.1430025992538,295.30996713441385,298.1044496970303,17554500
2021-10-26,298.8270568847656,301.0337465950121,297.37201617029336,299.6846895652335,28107300
2021-10-27,311.41192626953125,314.2353152759642,304.5027837125642,304.5027837125642,52588700
2021-10-28,312.54901123046875,313.05008121355974,309.6677779577822,312.5297200802306,26297900
2021-10-29,319.5545349121094,319.9207139283914,312.11541352037625,312.33705592687465,34766000
2021-11-01,317.3863525390625,319.429214753653,314.49550312432325,319.3039399071891,27073200
2021-11-02,321.00958251953125,321.3179468699199,317.9934580456365,318.292176820312,26487100
2021-11-03,321.847900390625,322.7151493305887,318.6197793405882,321.75153286235326,21500100
2021-11-04,324.19915771484375,324.29552525226745,317.52130201351525,320.778330690629,23992200
2021-11-05,323.83294677734375,326.4636303126045,322.2526310669871,326.19381887877574,22570100
2021-11-08,324.7291259765625,325.36511641707693,322.2719155808302,325.0278447491498,20897000
2021-11-09,323.72705078125,326.3962585249897,322.3587020914844,324.8448203047502,21307400
2021-11-10,318.76434326171875,322.4550111195703,317.916385399046,322.39719647909817,25500900
2021-11-11,320.3349914550781,321.62623389681136,318.4848644428664,319.197931165569,16849800
2021-11-12,324.468994140625,324.96044803422893,321.6456044610585,321.7708793286239,23831000
2021-11-15,323.84259033203125,325.5867337696935,321.87680452226203,325.25910770260543,16723000
2021-11-16,327.1574401855469,328.27523883002146,323.3029742696654,323.4667726030353,20886800
2021-11-17,327.3794860839844,330.34320817217764,326.2982657750648,327.2057248474174,19053400
2021-11-18,329.4550476074219,330.5942177948435,325.44872862025187,326.47202852171574,22463500
2021-11-19,331.23138427734375,333.15250973725915,330.3529147568212,330.7776841426584,21963400
2021-11-22,328.0649108886719,337.56427133664994,327.79460580022015,332.6890870606931,31031100
2021-11-23,325.9893493652344,327.69808997134413,322.0119904551096,325.381155553639,30427600
2021-11-24,326.21136474609375,326.4527096021285,322.34984704953825,324.63779157098065,21661300
2021-11-26,318.2662353515625,326.23061444639154,316.76024602505964,322.77456957173445,24217200
2021-11-29,324.9757385253906,327.2926436665053,323.1511569453452,323.3442446492078,28563500
2021-11-30,319.1448669433594,326.0859492444091,317.6002535531431,323.71112346531845,42885600
2021-12-01,318.65240478515625,327.5339066425295,317.98632013384116,323.52758820834913,33337600
2021-12-02,318.0829162597656,321.94443467534484,316.4514223722996,318.8648713820366,30766000
2021-12-03,311.82733154296875,321.1818639493825,307.0197296421851,320.4964230949925,41779300
2021-12-06,314.8971252441406,316.1135127790288,308.1780925192748,312.7346847030442,30032600
2021-12-07,323.32489013671875,324.1743992838451,318.6717542353688,320.1584467996634,31021900
2021-12-08,323.3731384277344,323.88478833070934,319.3474933714662,323.7013638880352,24761000
2021-12-09,321.56793212890625,324.84055346464856,320.62184956942644,322.832576975175,22214200
2021-12-10,330.6811218261719,331.12518817346324,323.19943025665486,323.38285472943636,38095700
2021-12-13,327.6497802734375,331.8878102110468,327.3408517779993,328.8854647941473,28899400
2021-12-14,316.9726867675781,323.0545950116288,312.88912106633165,321.68374322246143,44438700
2021-12-15,323.0642395019531,323.5855526741377,313.26564359900055,317.23333915012444,35381100
2021-12-16,313.65179443359375,325.10121065165634,311.83687625533753,324.0875444975225,35034800
2021-12-17,312.58984375,313.67109344538676,306.2666203467996,309.77095234774947,47750300
2021-12-20,308.83453369140625,311.62446489459614,306.5755493846343,308.9696714904224,28326500
2021-12-21,315.9591064453125,316.3838758381777,308.7283930038444,312.0975879363911,24740600
2021-12-22,321.6644592285156,322.06023889539006,314.4723702128299,316.93407613844363,24831500
2021-12-23,323.1029052734375,324.74406240118367,321.2107694796361,321.23006646593336,19617800
2021-12-27,330.5942687988281,330.62322900952455,323.8172848853802,323.84624509607664,19947000
2021-12-28,329.43572998046875,331.9070989605817,328.5379341826007,331.2699450024373,15661500
2021-12-29,330.11151123046875,332.38012934520907,327.9200810470128,329.4839910257525,15042000
2021-12-30,327.57257080078125,331.25066424671456,327.0898810628788,330.0729001077908,15994500
2021-12-31,324.6764221191406,327.6111544209489,324.2226926014007,326.7906054612649,18000800
2022-01-03,323.1607360839844,326.2982189585862,318.36279955576714,323.7399695838111,28865100
2022-01-04,317.6194763183594,323.59517698244974,314.82951579453515,323.2379618678629,32674300
2022-01-05,305.4267883300781,314.78131857507753,305.0406424002805,314.57856765657084,40054300
2022-01-06,303.0133056640625,307.66644167118665,300.7060346434731,302.30856806148427,39646100
2022-01-07,303.1678161621094,305.54264171592666,299.35455497870817,303.2739937762214,32720000
2022-01-10,303.38983154296875,303.824264140596,294.14150808241357,298.77531830555176,44289500
2022-01-11,304.0753173828125,305.6488615924354,299.16153810178815,302.5307039255412,29386800
2022-01-12,307.2513122558594,312.21337685592107,306.1025083336208,308.602867078053,34372200
2022-01-13,294.2475891113281,309.7709042394419,293.47529748131853,309.37509520422486,45366000
2022-01-14,299.46075439453125,300.05928501415605,293.2340443836935,293.71673416868725,39846400
2022-01-18,292.17205810546875,299.0745146536486,291.2935593504582,293.54290976278105,42333200
2022-01-19,292.8285217285156,303.0422523236715,292.2203574511124,295.6860659770476,45933900
2022-01-20,291.1584167480469,300.8604673943379,290.71435049782207,298.3698016436407,35380700
2022-01-21,285.78125,293.58150224513423,285.37577770702404,292.2106800557735,57984400
2022-01-24,286.1094970703125,286.82386842126607,266.49297997417904,282.08388134377833,85731500
2022-01-25,278.50238037109375,284.77734842437496,275.2973421558161,281.4274796851813,72848600
2022-01-26,286.4377746582031,297.819608462475,282.88518477863767,297.3272554358608,90428900
2022-01-27,289.4593811035156,296.6611038089516,287.6155027527548,292.18175832051594,53481300
2022-01-28,297.5879211425781,297.8003058303216,284.2560313928482,289.8359242315118,49743700
2022-01-31,300.2137145996094,301.5652399492526,295.76329997634053,298.25399547736595,46444500
2022-02-01,298.0705261230469,299.87578072467323,294.5661945029304,299.663396097362,40950400
2022-02-02,302.6078796386719,304.2104133019044,298.1864540558619,298.9104887522053,36636000
2022-02-03,290.820556640625,300.4550540690847,289.57520891247447,298.7752738080084,43730000
2022-02-04,295.34820556640625,298.10917678556535,289.5848887928777,289.816570444543,35096500
2022-02-07,290.5310363769531,297.1824872789796,289.5173700017941,295.57031965665124,28533300
2022-02-08,294.01593017578125,294.98130951821844,289.56554554844485,290.8205269091974,32421200
2022-02-09,300.43572998046875,301.1308043619736,296.7480028768317,299.1421250545375,31284700
2022-02-10,291.9114685058594,298.41811714419794,290.289637957717,293.5140020692782,45386200
2022-02-11,284.8255310058594,293.75528997244055,284.0339128700643,292.6933667977203,39175600
2022-02-14,284.7869567871094,286.48603416022104,281.26332745127445,283.59952937825824,36359500
2022-02-15,290.0675354003906,290.3860976240517,286.73696484782573,289.62346914706194,27058300
2022-02-16,289.7289733886719,291.05427315111,284.09884067695083,288.6358343081328,29982100
2022-02-17,281.2451477050781,287.1170957635478,280.53895281663284,286.69144809406896,32461600
2022-02-18,278.53643798828125,284.2729679755153,276.96929430412916,283.48939613343924,34264000
2022-02-22,278.3333740234375,282.028756766497,275.21842268075903,275.70211059408194,41736100
2022-02-23,271.12640380859375,282.18353159730316,270.9619664555194,280.71310149282795,37811200
2022-02-24,284.9791564941406,285.530567636646,262.66179572392394,263.6195175824751,56989700
2022-02-25,287.6104431152344,287.92001039879176,282.135093565402,285.5112545529005,32546700
2022-02-28,289.0422058105469,289.3807932241622,283.4410920061188,284.7083518645938,34627500
2022-03-01,285.32745361328125,290.1836686434819,282.6187841386107,286.7301305623066,31217800
2022-03-02,290.396484375,291.63472396488993,284.1182261639909,285.7240436842559,31873000
2022-03-03,286.2657775878906,293.2405468384808,284.45676056249704,293.00838616012356,27314500
2022-03-04,280.40350341796875,286.0143001348497,277.80128997128503,284.68900016266156,32356500
2022-03-07,269.8106994628906,280.2390059870798,269.4430920558965,279.11684688434497,43157200
2022-03-08,266.8505554199219,274.69595707889357,261.1914024621827,268.736920057862,48159500
2022-03-09,279.087890625,280.1520098038728,271.6197490086795,274.19297192414876,35204500
2022-03-10,276.2728271484375,277.24988606847967,271.4262653649747,273.7866644734184,30628000
2022-03-11,270.93292236328125,280.06495143344847,270.31378773793114,278.5655013687833,27209300
2022-03-14,267.4213562011719,276.08903470394495,266.821587956301,271.19411574307355,30660700
2022-03-15,277.78192138671875,278.4300760838003,269.6366346705724,271.2037785530538,34245100
2022-03-16,284.7857360839844,284.9598566183486,273.960800034903,279.67796423359994,37826300
2022-03-17,285.588623046875,285.9658841758017,279.92946993729333,283.7215952422282,30816600
2022-03-18,290.6286315917969,291.1800427447232,283.17985751382827,285.7337136336589,43390600
2022-03-21,289.40008544921875,290.3481241566419,285.27905598306444,289.1389046674614,28351200
2022-03-22,294.1402282714844,295.04956371485423,289.02280298221535,290.01919868863627,27599700
2022-03-23,289.71929931640625,293.33730401444876,288.0070551895243,290.7060412894904,25715400
2022-03-24,294.1789245605469,294.2756680245102,288.58749479820733,289.380749871962,24484500
2022-03-25,293.77264404296875,295.5332748935633,289.5258800923185,295.27209408375734,22566500
2022-03-28,300.5635986328125,300.66031257135194,294.4013915103594,294.4013915103594,29578200
2022-03-29,305.119873046875,305.51650049647736,298.9673502605427,303.6688099726023,30393400
2022-03-30,303.62054443359375,305.6423857684407,301.414928862999,303.52383047434716,28163600
2022-03-31,298.2515563964844,304.8587480003614,297.8452751937795,303.6591822316137,33422100
2022-04-01,299.3254089355469,300.0122374321194,295.5719864101128,299.2770224362612,27110500
2022-04-04,304.6942443847656,304.82966159533413,299.60584010885947,299.9734475006185,24289600
2022-04-05,300.7377014160156,304.5975202300645,299.76064270992003,303.04971351922677,23156700
2022-04-06,289.7289733886719,296.9842899176036,287.0299873737609,295.23334255704475,40110400
2022-04-07,291.53802490234375,293.7436404303179,286.6818092677771,286.9816933883639,31411200
2022-04-08,287.281494140625,291.2960964316169,286.61400270541924,290.6382881981249,24361900
2022-04-11,275.95361328125,283.06380135890896,275.7020861416009,282.27057568810704,34569300
2022-04-12,272.85797119140625,281.25478467779203,271.33918434835886,279.80372121494815,30966700
2022-04-13,278.2365417480469,279.1652139791266,272.12272138935975,273.50609081671024,21907200
2022-04-14,270.7007141113281,278.9040702197633,270.2073726066549,278.6912463967013,28221600
2022-04-18,271.3681945800781,273.2449056189471,269.25932284261444,269.81073402373755,20778000
2022-04-19,275.9921569824219,276.8337982787517,269.32695662065237,270.2653118279148,22297700
2022-04-20,277.0176696777344,280.24873024308215,276.05997725645005,279.95849984253823,22906700
2022-04-21,271.648681640625,283.73119084745724,270.92315009615794,279.1651778133999,29454600
2022-04-22,265.08990478515625,273.960751032886,264.46111662000084,272.4903213915854,29405800
2022-04-25,271.561767578125,271.93902883290934,261.9363654314466,264.37417162716406,35678900
2022-04-26,261.40423583984375,269.2786578732366,261.1914120269434,268.4467290276918,46518400
2022-04-27,273.9801025390625,281.47726299922044,270.05256019523966,272.89664665414017,63477700
2022-04-28,280.1810607910156,281.4870240399214,272.2775874275233,275.8859098295286,33646600
2022-04-29,268.466064453125,280.4228421568128,267.47935197429007,279.1942562573067,37073900
2022-05-02,275.1893310546875,275.64399875590436,267.2084825593842,268.64986271938767,35151100
2022-05-03,272.5871276855469,274.8604665193033,271.0103005471974,274.6959996581533,25978600
2022-05-04,280.51959228515625,281.39022443680767,267.7018653489587,273.37067229887913,33599300
2022-05-05,268.3016357421875,277.00801637510676,265.38982566126134,276.2244444799009,43260400
2022-05-06,265.7671813964844,270.13970966812786,262.4200396556117,265.8445584758369,37780300
2022-05-09,255.94822692871094,263.4744080237602,254.72935373016503,261.2494559206379,47726000
2022-05-10,260.7077331542969,264.8190795955056,256.42226618437826,262.8262881528178,39336400
2022-05-11,252.04974365234375,262.50707330568844,250.84052394661964,257.0123860481499,48975900
2022-05-12,247.0193634033203,251.40157365565182,241.86324972493676,249.28301874671405,51033800
2022-05-13,252.60113525390625,254.45850956693343,247.01938815483032,248.95413953333383,34925100
2022-05-16,252.96873474121094,257.14780467191986,247.43534479276178,251.47896796071555,32550900
2022-05-17,258.1152038574219,259.57592116021584,253.89743024977278,257.4283458213499,28828800
2022-05-18,246.36326599121094,255.59413551227334,245.09305474022761,255.01235236440064,31356000
2022-05-19,245.4518280029297,249.8442599742027,244.23010107031448,246.1887405470746,32692300
2022-05-20,244.88943481445312,250.68782539404745,238.9553115969885,249.42729026419417,39199300
2022-05-23,252.73374938964844,253.55793981579862,245.73302803213778,247.7304758561138,33175400
2022-05-24,251.73500061035156,253.39305741677543,245.80087764780725,250.05756188241344,29043900
2022-05-25,254.5469512939453,256.54438432821877,249.32066725672652,250.30000184980992,28547900
2022-05-26,257.82427978515625,258.9975222921612,253.49003807090028,254.30452267342017,25002100
2022-05-27,264.9413757324219,265.03834453491794,259.4338910030426,260.32596255899296,26910800
2022-05-31,263.613037109375,266.42495535111175,260.76232542140804,264.25299581389095,37827700
2022-06-01,264.1462707519531,269.2562034890883,261.8385496478532,266.84183742859545,25292200
2022-06-02,266.2406311035156,266.30851221318625,253.65486971991317,256.4183173881909,44008200
2022-06-03,261.8191223144531,265.14497113506803,260.25803436231683,262.10032291361057,28059000
2022-06-06,260.5877380371094,265.85281527967646,259.10420716791305,263.79720697367605,22400300
2022-06-07,264.22381591796875,264.8346867223125,257.86305412954965,258.54180604342474,22860700
2022-06-08,262.19732666015625,264.7086616945771,261.4216058677899,263.4578322605081,17372300
2022-06-09,256.7480163574219,264.42745982638615,256.59287219967115,259.647196979162,26439700
2022-06-10,245.30636596679688,252.6658293283701,244.86033026242538,252.6658293283701,31422800
2022-06-13,234.9022674560547,241.45696760455806,234.19444257567676,237.66571545060387,46135800
2022-06-14,237.06451416015625,238.27654997365488,234.17501012811695,236.45364337563802,28651500
2022-06-15,244.11376953125,247.54626416474608,238.93595469264125,240.7685527443,33111700
2022-06-16,237.52993774414062,239.90552503927643,235.63916478659826,238.50925737974993,33169200
2022-06-17,240.1285400390625,242.8919877338187,236.6184889029332,237.2681383521673,43084800
2022-06-21,246.0336151123047,247.0129348663082,241.93207466775263,242.6592962620597,29928300
2022-06-22,245.44215393066406,249.35946274446104,242.76596885312543,244.23980883819294,25939900
2022-06-23,250.9980926513672,251.4926127999007,245.92695305257084,247.8080352595046,25861400
2022-06-24,259.5696716308594,259.8411665426449,253.77128008327261,253.858543134483,33923200
2022-06-27,256.8449401855469,260.1513477506031,255.2838227151279,260.0640847254071,24615100
2022-06-28,248.6903839111328,258.8036043245108,248.53523976557486,255.9625992863611,27295500
2022-06-29,252.3555450439453,254.0136016391761,247.99220161534694,249.76662370164098,20069800
2022-06-30,249.0297393798828,251.64774884681984,245.21910548593416,249.24305888897192,31730900
2022-07-01,251.6962432861328,251.88047513446844,246.87720152441233,248.60315448518915,22837700
2022-07-05,254.86692810058594,254.99298457519546,247.00323818444357,248.3801092623351,22941000
2022-07-06,258.1248474121094,259.8507853109402,254.430564439945,255.73956910040374,23824400
2022-07-07,260.2483825683594,260.8883411729017,256.97103225603274,257.0680010610952,20859900
2022-07-08,259.5307922363281,259.9574311836556,255.2935200278726,256.74796291447564,19658800
2022-07-11,256.47650146484375,258.4351408209991,254.2172499828831,257.5818628153171,19455200
2022-07-12,245.96572875976562,257.8630779320997,244.38522912726302,257.80490257305115,35868500
2022-07-13,245.0446014404297,245.84939515245566,240.5746118996446,242.5914416607407,29497400
2022-07-14,246.36326599121094,247.39107006314066,238.47048883303972,242.95987452362783,25102800
2022-07-15,248.92308044433594,252.4622192726145,247.0323074429904,247.95345174668594,29774100
2022-07-18,246.52810668945312,252.91795652335915,245.60696234722735,251.86106474959863,20975000
2022-07-19,251.6477508544922,251.8319826861172,245.975416691355,249.7569629365393,25012600
2022-07-20,254.3044891357422,256.82552948195536,251.04655115531952,252.0064740262088,22788300
2022-07-21,256.7964782714844,256.8449774641106,249.2236799929457,251.89986485024778,22404700
2022-07-22,252.4525146484375,257.27157048099224,251.2017149281793,257.18430744869886,21881300
2022-07-25,250.9689483642578,253.55786965174494,249.01030931635506,253.07305536942803,21056000
2022-07-26,244.2494659423828,251.98711369487128,241.9902440697429,251.96770218262552,39348000
2022-07-27,260.57794189453125,261.8481528051126,250.98833184825065,253.22817121519708,45994000
2022-07-28,268.01513671875,269.4016989901171,259.73449735178815,261.55740447896596,33459300
2022-07-29,272.213623046875,273.4353649978129,268.22846224992406,269.26597233236413,32152800
2022-08-01,269.5664978027344,272.7371731572371,267.4623903988592,269.3822659732868,21539600
2022-08-02,266.4734191894531,269.4501869895359,264.1075223258195,267.6175741801885,22754200
2022-08-03,273.8909912109375,274.8897074830674,268.208952240517,268.35442020276383,23518900
2022-08-04,275.0351867675781,275.18062516074315,271.6608976832657,273.2413676766203,18098700
2022-08-05,274.3176574707031,275.03517323549517,270.2161174409248,270.67184411090017,16774600
2022-08-08,271.8062438964844,277.2361689286762,270.8366154832612,275.42293893975176,18739200
2022-08-09,273.7261962890625,274.4825055635908,269.1786348849365,271.1470097408237,23405200
2022-08-10,280.37786865234375,281.00812145710677,278.22529152278446,279.4179456049466,24687800
2022-08-11,278.30279541015625,282.3655416886504,277.8083049364427,282.01648958955855,20065900
2022-08-12,283.0443115234375,283.0443115234375,278.22525580031515,279.7184922528835,22619700
2022-08-15,284.5569763183594,285.2454045080501,281.29900803496633,282.16199190447594,18085700
2022-08-16,283.8200378417969,285.1096607169614,281.5996091944976,283.12190392197317,18102900
2022-08-17,283.0718688964844,285.0443923547638,281.2742419844088,281.5365868037145,18253400
2022-08-18,281.954345703125,283.6450710894862,280.8951810940671,281.973768762057,17186200
2022-08-19,278.0481872558594,281.06042243303864,277.4748955705993,280.7203261035374,20570000
2022-08-22,269.8860168457031,274.46265350884744,269.3710240123007,274.0934077691384,25061100
2022-08-23,268.61309814453125,270.96456356636963,267.60253558165664,268.61309814453125,17527400
2022-08-24,267.98150634765625,269.38073768829963,267.3207367981383,267.6122606253299,18137000
2022-08-25,270.95489501953125,271.12006518473976,266.74747418276837,269.4779119694947,16583400
2022-08-26,260.4995422363281,272.40270697945806,260.3926709090645,271.1783719738918,27549300
2022-08-29,257.7205505371094,259.82909469537367,256.379617748924,258.32299172518486,20338500
2022-08-30,255.5245361328125,259.48900611595445,253.27994149506821,259.11978995833886,22767100
2022-08-31,254.0669708251953,259.54726943283595,253.9309204276981,257.8759964592217,24791800
2022-09-01,253.0272216796875,253.50336834765315,248.17851432635862,251.54054215060617,23263400
2022-09-02,248.81016540527344,257.24440126393586,247.2651866674922,254.29049419909367,22855400
2022-09-06,246.07969665527344,250.53000941495102,244.80678924426493,248.94618474623337,21328200
2022-09-07,250.7826385498047,251.50167728090952,246.05052865580473,247.4886209447781,24126700
2022-09-08,251.2004852294922,253.05641075595742,247.57609726538706,250.21910163068787,20319900
2022-09-09,256.9722900390625,257.7205078743252,252.92037257528756,253.12441850602798,22084700
2022-09-12,259.100341796875,259.87770921653043,257.65253760472325,258.2549788214969,18747700
2022-09-13,244.8553924560547,253.0272681898394,244.4667087917609,251.51143896600806,33353300
2022-09-14,245.07884216308594,247.031927263813,242.78566075681428,246.35174947948744,23913000
2022-09-15,238.4325408935547,244.28208546979903,237.11104609083932,242.69824587426376,31530900
2022-09-16,237.8106689453125,238.354811263805,235.2065402152561,237.34424853509077,39791800
2022-09-19,237.59689331054688,238.19933446520724,234.0308040411177,235.60493213001268,26826900
2022-09-20,235.58546447753906,236.6154501254237,232.85502690956756,235.21623357137693,26660300
2022-09-21,232.18458557128906,240.64798513191113,232.13599826014462,237.35396708033133,28625600
2022-09-22,234.1571044921875,236.9555675025579,230.8436634388637,231.1351576468061,31061200
2022-09-23,231.18374633789062,234.30286782239332,228.54075677381346,232.75787437724338,34176000
2022-09-26,230.72703552246094,234.61378285432556,230.19260479897667,230.33836671998023,27694200
2022-09-27,229.71652221679688,234.95391443946426,227.86059652886274,233.18543702119823,27018700
2022-09-28,234.24456787109375,235.46888802626256,228.0840616627681,230.10517219200622,29029700
2022-09-29,230.77565002441406,233.15628008036532,227.77314091515188,232.1262942883284,27484200
2022-09-30,226.30584716796875,233.7295336409088,226.1406621930938,231.5432383662329,35694800
2022-10-03,233.92388916015625,234.76925194456734,228.01603154626426,228.74479665745017,28880400
2022-10-04,241.8334197998047,243.27151213771026,238.04383231681499,238.15071845977334,34888400
2022-10-05,242.1443634033203,243.4852960194291,237.18876929584698,239.02525687467363,20347100
2022-10-06,239.80258178710938,243.25207293473719,239.11269245364227,240.91030415961444,20239900
2022-10-07,227.6079559326172,234.4875013005094,226.56824378188696,234.0793797349826,37769600
2022-10-10,222.7592010498047,227.91885563531727,220.3105461386793,226.45161389079223,29743600
2022-10-11,219.02796936035156,222.57462096558834,217.76477330000458,221.1753893188512,30474000
2022-10-12,219.35830688476562,221.40856673598395,217.6189939430992,219.01821055578878,21903900
2022-10-13,227.6079559326172,229.41529424813774,212.92576556200996,213.62538135038992,42551800
2022-10-14,222.08872985839844,230.5229788868416,221.87495757893063,228.87109948608796,30198600
2022-10-17,230.80477905273438,232.1942989747583,228.4824480465505,229.14320282236488,28142300
2022-10-18,231.74732971191406,237.02358255454533,228.70594491704173,236.35313103627706,26329600
2022-10-19,229.78448486328125,232.8258692197208,227.6564884494634,230.32862708609497,19985700
2022-10-20,229.46383666992188,234.47774422080448,228.22007872615066,229.09460576042883,21811000
2022-10-21,235.2648162841797,236.11990546004,227.86056720320732,228.09377738574145,26299700
2022-10-24,240.2495880126953,240.8228797300147,234.4680538752151,236.85839536600284,24911200
2022-10-25,243.5630340576172,243.93226498550914,238.86978470276068,240.2592898081023,34775500
2022-10-26,224.77061462402344,231.55298484742156,223.5462796746697,224.62485269698536,82543200
2022-10-27,220.32998657226562,227.0734954795491,219.38744917013727,224.49851650888635,40424600
2022-10-28,229.19178771972656,229.9011298424008,219.64982993170372,219.83445281769383,40647700
2022-10-31,225.5576629638672,228.2686626281402,224.60539921895975,227.14150237504404,28357300
2022-11-01,221.70982360839844,229.06550140142764,220.89361007725955,227.95777880151996,30592300
2022-11-02,213.8682861328125,224.7511761173168,213.80997246609851,222.96327583397812,38407000
2022-11-03,208.1839141845703,214.16950892795055,207.9215545752939,213.85856200928737,36633900
2022-11-04,215.1217498779297,215.31608428144708,207.38711607311453,211.39047595404304,36789100
2022-11-07,221.41831970214844,221.94303900351989,215.01490570624847,215.70481002419461,33498000
2022-11-08,222.38998413085938,225.09127262477088,219.44577390313017,222.22479913107526,28192500
2022-11-09,218.15342712402344,222.1567873542891,217.97853059362552,220.93245233444006,27852900
2022-11-10,236.1004638671875,236.44056019136823,228.34640704745314,228.7642252711611,46268000
2022-11-11,240.113525390625,240.96861451794143,235.0801800640539,236.11018052503232,34620200
2022-11-14,234.7109832763672,237.00416504738854,232.4372393956365,235.13852790216598,31123300
2022-11-15,235.1190643310547,240.0066479183107,233.2339895014383,238.7045911196065,31390100
2022-11-16,235.5478057861328,237.56487314144158,234.27131111867024,236.58069414702467,24093300
2022-11-17,235.49908447265625,237.02893923380267,231.5526741520921,231.6988319904281,23123500
2022-11-18,235.0508575439453,237.50641331153858,232.9168638897255,237.2822848010197,27613500
2022-11-21,235.85964965820312,238.4126392167858,235.02164329544348,235.25549585436693,26394700
2022-11-22,238.76341247558594,239.03625034999712,234.5539032214211,237.36023776801466,19665700
2022-11-23,241.24819946289062,241.93029414801862,238.02285434078252,238.84136796293612,19508500
2022-11-25,241.16055297851562,242.339599412429,240.41998014212177,240.98514867095582,9200800
2022-11-28,235.57701110839844,240.34194933932935,234.64157132176942,239.786534753871,24778200
2022-11-29,234.18359375,236.58067124825368,232.1178172281639,235.2262209095606,17956300
2022-11-30,248.6148681640625,248.80001134833023,233.72565090628407,234.41749940509243,47594200
2022-12-01,248.17636108398438,249.56978200844247,244.50277384992842,247.37732526853793,26041500
2022-12-02,248.4979248046875,249.51132049555534,243.304236576186,243.43091661325036,21528500
2022-12-05,243.8011932373047,247.32862273354516,241.7159238084992,245.5649005511503,23435300
2022-12-06,238.85108947753906,245.41872038156708,237.5453633369683,244.40532476150193,22463700
2022-12-07,238.12026977539062,239.86449912487623,236.0155227459376,238.5685118877335,20481500
2022-12-08,241.07278442382812,242.3785254696705,236.8437826963573,238.57825833331165,22611800
2022-12-09,239.14340209960938,241.95948999490207,237.91563184763447,238.44181485032465,20609700
2022-12-12,246.05210876464844,246.0813403319802,240.84868161991452,241.12151949404333,30665100
2022-12-13,250.34934997558594,257.1703267708484,246.59780679077178,254.9973477435735,42196900
2022-12-14,250.6416473388672,255.87430582571122,247.8060664813451,250.55395264064651,35410900
2022-12-15,242.64161682128906,247.69888605332656,241.01432850057725,247.2311661145022,35560400
2022-12-16,238.43212890625,243.45041325109977,237.2822993212295,242.19341115694567,86102000
2022-12-19,234.30056762695312,238.93884171366832,232.60507706860986,238.59778690074495,29696400
2022-12-20,235.6160430908203,236.69765578039272,232.32248078286008,233.27741342411088,25150800
2022-12-21,238.17877197265625,239.3383404733785,233.96926235474098,235.50885613255662,23690600
2022-12-22,232.09832763671875,235.8011461609529,227.8888038739563,235.08980509983985,28651700
2022-12-23,232.62454223632812,232.76096118037862,227.9570517012324,230.07155276829016,21207000
2022-12-27,230.8998260498047,232.81943021522733,229.79872070086748,232.59531655901404,16688600
2022-12-28,228.53195190429688,233.5892213133109,228.18115822076558,230.83159608110222,17457100
2022-12-29,234.8462371826172,235.73296777777816,229.6233169580292,229.6233169580292,19770700
2022-12-30,233.68667602539062,233.82309496882053,230.60748859534408,232.11785074167162,21938500
2023-01-03,233.45281982421875,239.46502226115788,231.32856489611547,236.86330844238375,25740000
2023-01-04,223.24082946777344,226.9144019342719,220.18113479471134,226.3394946084548,50623400
2023-01-05,216.62448120117188,221.73047501122883,216.08854432449274,221.3894202164649,39585600
2023-01-06,219.17747497558594,219.98624975653698,213.7401949012042,217.2968412887799,43613600
2023-01-09,221.31146240234375,225.3261046224166,220.61962878753835,220.65859925614794,27369800
2023-01-10,222.99720764160156,225.3942852499652,221.51607720978163,221.93507289887148,27033900
2023-01-11,229.74024963378906,229.91563904515138,225.1994243157805,225.37481372714282,28669300
2023-01-12,232.41014099121094,233.76459137721616,227.58673939319505,229.2432592016942,27269500
2023-01-13,233.1117401123047,233.24815904771603,228.91196981298216,230.93877604519966,21333300
2023-01-17,234.20310974121094,234.74878549049157,231.02647397875015,231.8839729382192,29831300
2023-01-18,229.77923583984375,236.1812174269308,229.4966590348899,235.3919352846435,30028700
2023-01-19,225.99844360351562,229.49664158993286,224.78041202749904,227.80113628343994,28623000
2023-01-20,234.07643127441406,234.58313656009622,228.51245663723557,228.85351141709936,35389800
2023-01-23,236.3760986328125,238.8998566722334,233.52102468067662,234.9339533057935,31934000
2023-01-24,235.84988403320312,237.7110398533446,234.29081253406932,236.29812619619068,40234400
2023-01-25,234.4564666748047,237.07767305092727,224.99479068566467,228.4832349642451,66526600
2023-01-26,241.65745544433594,241.95952488467353,235.8109041029407,237.4186997744048,33454500
2023-01-27,241.81338500976562,243.4406734697651,240.51739758193492,242.62215978962465,26498900
2023-01-30,236.5027618408203,239.31885025276583,236.00579544141553,238.25671541727394,25867400
2023-01-31,241.47232055664062,241.60873949787776,236.73661321290928,237.22382584140612,26541100
2023-02-01,246.28598022460938,248.65382642873757,239.19216564342997,241.65746031930018,31259900
2023-02-02,257.8329162597656,257.92061096012765,250.6708850258921,252.20073974099043,39940400
2023-02-03,251.74276733398438,257.44316094972766,250.52473578092378,252.90233575146593,29077300
2023-02-06,250.2031707763672,251.6940402792033,248.26407396693392,250.8560488043869,22518000
2023-02-07,260.71722412109375,261.8962703770989,253.42851236094478,253.8670156294018,50841400
2023-02-08,259.9084777832031,269.681962608756,259.4017575821844,266.2130108288476,54686000
2023-02-09,256.87799072265625,266.9730522112078,256.0789548463012,266.79763305844943,42375100
2023-02-10,256.371337890625,257.3360095553817,253.99373745030576,254.84148282080156,25818500
2023-02-13,264.381103515625,267.5772176000691,260.31773656170196,260.7952252232444,44630900
2023-02-14,265.20928955078125,267.9376679050751,262.39318676983703,265.696502095269,37047900
2023-02-15,263.08953857421875,264.46692310846817,260.02216525434795,262.112672647368,28922400
2023-02-16,256.08544921875,260.5692611640796,255.84123268701143,257.9121841063004,29603600
2023-02-17,252.08999633789062,254.07303280103977,250.07765509199857,253.38924459984534,30000100
2023-02-21,246.82470703125,249.5794760448662,245.7696900625751,248.59283193869732,28397400
2023-02-22,245.69154357910156,248.4560759372167,244.54861223485597,248.21185945581914,22491100
2023-02-23,248.87611389160156,250.89821842663798,244.68535109646456,249.64783134560344,29219100
2023-02-24,243.4545440673828,245.1933643431698,242.3604589246293,244.1774302685833,24990900
2023-02-27,244.37277221679688,246.9712390360351,243.62058131527203,246.61956672286158,21190000
2023-02-28,243.64988708496094,245.6720066203372,242.9758472398355,243.30799296891402,22491000
2023-03-01,240.57275390625,245.12493737930367,240.10384757221487,244.95887197567075,27565300
2023-03-02,245.30081176757812,245.58409633737872,239.9280489885474,240.8463053757084,24808200
2023-03-03,249.38409423828125,249.7064617806796,245.57432311137507,246.35581882878407,30760100
2023-03-06,250.9275665283203,254.10238105208356,250.05815637804454,250.49774310017636,24109800
2023-03-07,248.2704620361328,251.72857566259853,247.52804931967242,250.37071775470054,21473200
2023-03-08,247.8308868408203,248.65145065582482,245.00774486083787,248.16301768416147,17340200
2023-03-09,246.4827880859375,253.5552870035151,245.7599020211808,249.90181841749686,26653400
2023-03-10,242.83905029296875,246.94188341244066,241.87196275181054,245.2714513472829,28333900
2023-03-13,248.04580688476562,251.94350749583774,240.04527215486556,241.6766365464032,33339700
2023-03-14,254.7569122314453,255.0304335401804,249.9409547271864,250.81036493833585,33620300
2023-03-15,259.29931640625,260.3152654051746,253.21343042410643,253.96563633216905,46028000
2023-03-16,269.8103942871094,270.16205172863715,257.1892727698562,259.0746169472976,54768800
2023-03-17,272.96563720703125,276.7754083374073,269.9275985016487,271.8227207737094,69527400
2023-03-20,265.93218994140625,271.06073543914164,263.60724454591366,270.5723025345954,43466600
2023-03-21,267.4463195800781,268.6380970576698,263.2848617004978,268.5208779306245,34558700
2023-03-22,265.9908752441406,274.53845350756507,265.883404472518,267.07518229142465,34873300
2023-03-23,271.2366638183594,274.55800282765887,268.83358139202244,271.51018515297017,36610900
2023-03-24,274.0792541503906,274.1378637154936,268.9116255422268,270.82627422927686,28172000
2023-03-27,269.98614501953125,274.9486096232153,269.14602502147517,274.01082690511265,26840200
2023-03-28,268.8627624511719,269.7517138324497,265.75630680935643,269.40980486863884,21878600
2023-03-29,274.0206604003906,274.63609068107115,271.9692360686493,272.5065003836282,25087000
2023-03-30,277.4787902832031,277.87930894211155,274.9682671851268,277.6546488294555,25053400
2023-03-31,281.63043212890625,282.57799326147335,276.45305469008514,277.1661775421266,32766000
2023-04-03,280.58514404296875,281.6010629004786,277.38102575884704,279.89154793583737,24883300
2023-04-04,280.536376953125,283.7307479234541,279.0613295322564,280.5852381411604,25824300
2023-04-05,277.7619934082031,280.506983678301,276.3748607894706,279.2370701753402,22064800
2023-04-06,284.85406494140625,285.32294143233264,275.50545235305464,276.6581468086852,29770300
2023-04-10,282.6951904296875,282.90032388757146,278.12343611580997,282.51933193992477,23103000
2023-04-11,276.2869567871094,279.364108081122,275.1245138457469,279.1394182021938,27276600
2023-04-12,276.9317321777344,280.3703195694183,275.4371283935577,278.20167586183015,27403400
2023-04-13,283.134765625,283.1933751851199,276.6190877618653,277.0293546827045,24222700
2023-04-14,279.5204162597656,281.8062788337825,277.1270829372931,280.36050660414264,20987900
2023-04-17,282.1188659667969,284.85410843164084,279.53995543823305,283.22272922701467,23836200
2023-04-18,281.69879150390625,285.01038094044696,280.37026829939435,284.82477404987856,20161800
2023-04-19,281.7770080566406,282.36310380411163,277.957458440505,279.3738962456723,17150300
2023-04-20,279.4910888671875,282.34355041766946,278.48491818075087,278.6509985011603,23244400
2023-04-21,279.1491394042969,279.6473206169973,276.51159020841027,278.41649016228104,21676400
2023-04-24,275.2514953613281,278.35795159650013,272.27206627525993,275.564099605755,26611000
2023-04-25,269.0483703613281,275.0853933705517,268.999509188266,273.04374758827026,45772200
2023-04-26,288.536865234375,292.63971378431694,285.95795485763057,289.8361135268747,64599200
2023-04-27,297.77801513671875,298.13948055653924,288.419653058881,289.1229976897944,46462600
2023-04-28,300.15179443359375,301.7831436206851,296.2931626094283,296.9769805922049,36469600
2023-05-01,298.4911193847656,301.4607998428203,298.0906008187468,299.8685037767096,21294100
2023-05-02,298.3446350097656,302.0274089293755,296.87933607669675,300.6402759672235,26404400
2023-05-03,297.3580017089844,301.47059918400157,297.05517563669,299.5266454015473,22360800
2023-05-04,298.3446350097656,300.6402759672235,296.38112489974674,299.15542063563385,22519900
2023-05-05,303.4633483886719,304.75281837217517,297.23093994665044,298.64740725132,28197100
2023-05-08,301.5096435546875,303.02380353381574,299.00886932285215,302.95541576842186,21318600
2023-05-09,299.89788818359375,302.8675694301154,299.22384819981767,300.8747542688823,21340800
2023-05-10,305.08502197265625,305.7590619061941,300.55237917677385,301.48038400167883,30078000
2023-05-11,302.93585205078125,303.922496091225,299.17494240713177,302.92610366423224,31680200
2023-05-12,301.822265625,303.4633932219653,299.50709815578426,303.36570066728314,19774700
2023-05-15,302.3008728027344,302.7306961264119,300.47413858289354,301.94921543513135,16336500
2023-05-16,304.5281677246094,306.452594750173,302.66235026842685,302.66235026842685,26730300
2023-05-17,307.4064025878906,307.82736596878567,304.21484884759707,305.73231876094286,24315000
2023-05-18,311.8315734863281,312.3406734306533,307.1323778382573,307.9253667304098,27276000
2023-05-19,311.6552734375,312.05666755980644,309.7266396617467,310.08886536616376,27546700
2023-05-22,314.4356384277344,315.8160338813464,311.33222095812204,311.90982815472574,24115700
2023-05-23,308.63995361328125,315.9432948088947,308.63015403990534,313.30977897111853,30797200
2023-05-24,307.25958251953125,309.8539301457172,306.0456005180939,308.1211084957931,23384900
2023-05-25,319.0761413574219,320.0355435840167,313.28044007035,316.452394965502,43301700
2023-05-26,325.8997497558594,326.3990200914225,317.07893868101803,317.2159833240213,36630600
2023-05-30,324.25506591796875,328.6899413465032,323.5795525189351,328.19067091699185,29503100
2023-05-31,321.4942626953125,328.88571082280095,320.4564937937518,325.31236192591416,45950600
2023-06-01,325.5962219238281,326.52628506015486,317.90128645515614,319.0858695997825,26773900
2023-06-02,328.3570251464844,330.4129338211657,325.566865507756,327.2311796436286,25873800
2023-06-05,328.8857116699219,331.4506903935802,327.6325911531441,328.18082951193753,21307100
2023-06-06,326.67315673828125,328.32767137670015,325.19488504565373,328.2885029579965,20396200
2023-06-07,316.5894470214844,327.4661371871072,315.72792109217784,324.6857770640945,40717100
2023-06-08,318.4300231933594,319.78104998315,316.5601268268705,317.1377341007984,23277700
2023-06-09,319.9278869628906,323.06067362544843,317.59785876983193,318.16566645574613,22529000
2023-06-12,324.881591796875,325.1263421252022,318.3320706206992,321.6802383812358,24260300
2023-06-13,327.2703857421875,329.90390189326365,323.4522862648796,327.44659882342825,22951300
2023-06-14,330.25634765625,331.9206620825264,325.82147225464075,327.3193432875882,26003800
2023-06-15,340.7904052734375,342.4938582086499,330.1192956143464,330.393414820895,38899100
2023-06-16,335.14154052734375,344.08962778195877,334.769545086919,343.94278354537636,46552000
2023-06-20,330.951416015625,334.8967905185413,328.8074005290605,332.18496735769014,26375400
2023-06-21,326.5556335449219,330.63808164047157,325.0969313368533,329.30662449024675,25117800
2023-06-22,332.5765380859375,332.9779322220441,326.3403043071654,327.1039241601426,23556800
2023-06-23,327.9850158691406,330.86328217867896,326.44800648245837,327.33887140406574,23146900
2023-06-26,321.69989013671875,329.05217088580866,321.592184438732,326.71237290027926,21520600
2023-06-27,327.54443359375,329.09124232008327,322.3850782283466,324.89131887148466,24354100
2023-06-28,328.79766845703125,330.88294648753094,326.8004969786541,327.6326542510409,20259500
2023-06-29,328.01434326171875,329.05208215355236,325.6353774932744,327.68148643572925,16997000
2023-06-30,333.3891296386719,335.5331449952425,330.11926869973666,330.65770749403055,26832800
2023-07-03,330.8926696777344,333.7415673029559,329.5025044373006,332.067483294419,12508700
2023-07-05,331.04931640625,334.4758212956056,327.701148359632,328.05357452169636,18172400
2023-07-06,334.1037902832031,335.78767385230776,328.45496307477555,330.21715360852994,28161200
2023-07-07,330.13885498046875,334.61289857162126,329.92347347630437,332.19476390626494,21214800
2023-07-10,324.86199951171875,328.1906279486803,320.7110434161663,327.5738523279874,32791400
2023-07-11,325.48858642578125,325.8703814238738,320.1334477409768,324.10819090994494,26698200
2023-07-12,330.1192321777344,334.475769797387,328.62136146608015,329.53182545465006,29995300
2023-07-13,335.464599609375,336.52190790090776,331.9010204242932,332.42968950843436,20567200
2023-07-14,337.9903869628906,344.0504071797022,337.0799229574127,340.2910459095937,28352700
2023-07-17,338.47015380859375,339.70367521642703,335.0142801736607,338.4211858141297,20363900
2023-07-18,351.941162109375,359.0780898369436,334.98488257273925,338.5680009815039,64738600
2023-07-19,347.6238708496094,354.84890735199804,345.039322192249,354.1538245897535,39732900
2023-07-20,339.58624267578125,350.4531652099648,338.1177404381011,346.1455646214541,33778400
2023-07-21,336.55126953125,342.9441468894957,332.694001980304,341.81830135851885,69405400
2023-07-24,337.8631591796875,339.6351792022214,335.1219672074144,338.58764053266464,26678100
2023-07-25,343.60992431640625,344.5008191812914,337.82402242034016,339.8211637778006,41637700
2023-07-26,330.6772766113281,337.43240985586726,326.11512671611416,334.2702247265649,58383700
2023-07-27,323.7752990722656,334.16248813756204,322.1403538163887,333.330360964953,39635300
2023-07-28,331.2646789550781,332.8702554950669,326.1738899082172,326.66339057868936,28484900
2023-07-31,328.8661804199219,330.60880180685933,326.3599092198598,329.8451818704879,25446000
2023-08-01,329.2773132324219,331.4311281711662,326.692765182679,328.1514676458398,18311900
2023-08-02,320.6229248046875,326.62420753627333,319.50684898513873,326.62420753627333,27761300
2023-08-03,319.80059814453125,322.9529838203489,319.1055155220307,319.154453640907,18253700
2023-08-04,320.8970642089844,328.10252974603515,320.3683951097149,324.910975755622,23741500
2023-08-07,323.17816162109375,324.15716309321493,320.64255139351025,321.47470862016405,17741500
2023-08-08,319.20330810546875,321.84662312057856,316.2173665945152,320.0942027234985,22327600
2023-08-09,315.463623046875,320.24112464866727,314.3083787208824,319.614579306117,22373300
2023-08-10,316.1488952636719,321.3669891320305,314.43564292025485,319.1740058162668,20113700
2023-08-11,314.2691955566406,315.6397913083232,312.50697541012306,313.53494463144494,24355500
2023-08-14,317.2356262207031,317.25519549333154,313.3587591141242,314.64127845171237,18836100
2023-08-15,315.10137939453125,318.2635647035866,314.16154640668196,316.21745534246327,16966300
2023-08-16,314.3361511230469,318.2800883607637,313.7475006460735,314.72857479436016,20698900
2023-08-17,310.8827819824219,315.77833241862345,310.22544912717694,314.47351697046,21257200
2023-08-18,310.4903869628906,312.3544220351469,305.65366819423417,308.538028861624,24755000
2023-08-21,315.78814697265625,316.6612873829202,311.03975175794454,311.91289216820854,24040000
2023-08-22,316.3572082519531,319.9086924034953,315.3761339585984,319.3396824869546,16084600
2023-08-23,320.811279296875,322.96965461983046,317.3382680735776,317.69147037188395,21166400
2023-08-24,313.9142761230469,326.67805954758404,313.9044558013969,326.5505151261544,23281400
2023-08-25,316.86737060546875,319.2023021602644,312.7664575046709,315.3859389138882,21684100
2023-08-28,317.5737609863281,319.9773750429431,315.6312231055439,319.4966582196224,14808500
2023-08-29,322.1945495605469,322.7537689845137,315.7881368695037,315.7881368695037,19284600
2023-08-30,322.5673828125,323.5680676815254,320.2716728612012,322.4496587032038,15222100
2023-08-31,321.5568542480469,324.64723165247267,320.5953908586677,322.9696033369281,26411000
2023-09-01,322.4398193359375,325.7067829359754,320.5953952258838,325.0396597293619,14942000
2023-09-05,327.2372741699219,328.51268854222997,322.4398370951833,322.77339871686183,18553900
2023-09-06,326.5799865722656,328.13007064456224,323.9310742393436,327.0705236753987,17535800
2023-09-07,323.66619873046875,326.7761872339446,322.8028486285546,325.0200859411969,18381000
2023-09-08,327.9436950683594,329.79793986422277,323.224730086521,323.8428116851421,19530100
2023-09-11,331.544189453125,332.01511580762883,329.08168383895804,330.85742559530763,16583300
2023-09-12,325.490966796875,330.41597829482106,325.2064768442106,329.46433515175244,17565500
2023-09-13,329.69976806640625,330.4748250083912,324.90233116375424,325.0396659724569,16544400
2023-09-14,332.2898254394531,334.40891924896704,330.20013271673093,332.7312908414323,20267000
2023-09-15,323.9703063964844,331.0144115945299,323.4110869464427,330.54351516502703,37679800
2023-09-18,322.8322448730469,324.14688059021836,320.1833327948617,321.59608191122635,16834200
2023-09-19,322.4300231933594,323.15603844559445,318.36839165791633,319.9969783891352,16505900
2023-09-20,314.6991271972656,323.3522079151342,314.4440682913458,323.2737351610063,21436500
2023-09-21,313.4826354980469,319.19249448338184,309.0383706041025,313.2177562445035,35560400
2023-09-22,311.01031494140625,315.36628640951005,310.16657563325697,315.23874198409163,21447900
2023-09-25,311.5302734375,311.65781785899316,309.0383368775715,310.59824108043864,17836000
2023-09-26,306.2324523925781,309.90165956772006,304.152550365276,309.1658540685337,26297600
2023-09-27,306.8701477050781,308.351549099692,303.82881228871406,306.38940108139303,19410100
2023-09-28,307.7041320800781,309.50930504825243,303.59342871178666,305.1042614505791,19683600
2023-09-29,309.7741394042969,313.4237361635249,309.01872314440465,311.7362875557097,24147300
2023-10-02,315.7096252441406,315.79794825806266,309.21491966040423,310.29410713051254,20570000
2023-10-03,307.4588623046875,315.30745601689233,305.3200977637049,314.75802691222975,21033500
2023-10-04,312.92340087890625,313.9829777218184,308.0572815033295,308.0867125300766,20720100
2023-10-05,313.3158264160156,313.92411753909374,308.94024408682094,313.05094717371253,16965600
2023-10-06,321.06634521484375,322.9598111936179,310.3137506624104,310.55901920701876,25673600
2023-10-09,323.5778503417969,324.0487467241728,317.06350427889305,318.6037977229235,19891200
2023-10-10,322.1749572753906,324.8336598616772,321.4685826836827,324.69629510828605,20557100
2023-10-11,326.128662109375,326.5210857572993,322.91074029238723,324.9415409038971,20063200
2023-10-12,324.8925476074219,327.31580216809783,322.4987240762274,324.31371740094585,19313100
2023-10-13,321.5274353027344,327.5119635418574,320.1833385954494,326.0894240178062,21072400
2023-10-16,326.344482421875,329.7782415554048,324.3430830008452,324.7845483540111,22158000
2023-10-17,325.7754821777344,327.1489800095309,321.2134933356926,323.3522278123477,18338500
2023-10-18,323.86236572265625,329.2386627175147,322.0866239478229,326.1973269355328,23153600
2023-10-19,325.0494689941406,330.50423844384994,324.6472250314816,325.86374730098373,25052100
2023-10-20,320.48748779296875,325.63812679181063,319.2905761994472,325.441899996805,25027700
2023-10-23,323.08734130859375,326.4328077015871,318.25065300887303,319.31019990102027,24374700
2023-10-24,324.2743835449219,325.55958807197595,321.3998439502132,325.02979973609047,31153600
2023-10-25,334.2225036621094,339.64784186158397,331.23020990044404,338.4901517493969,55053800
2023-10-26,321.6844177246094,335.1643669777935,320.75238530520863,334.0949997460641,37828500
2023-10-27,323.56805419921875,330.3472799837888,322.1847360926127,324.1763153652428,29856500
2023-10-30,330.9261474609375,333.02566069281073,325.54984988044805,327.09996393650596,22828100
2023-10-31,331.71099853515625,332.5841689842252,328.3557413843758,332.4370138355085,20265300
2023-11-01,339.5202941894531,340.84475010797416,333.2217857907102,333.35915052507676,28158800
2023-11-02,341.7277526855469,342.22808013928716,338.244921513789,340.66817584467145,24348100
2023-11-03,346.1229553222656,347.6828896003234,340.75647841286957,343.01296696867126,23637700
2023-11-06,349.7823791503906,350.7732736613575,346.66257041725754,346.7606838240873,23828300
2023-11-07,353.7066650390625,355.6001309786841,350.86155596843827,352.59804644995546,25833900
2023-11-08,356.3261413574219,356.9834442680157,353.7262709217689,354.8348894957631,26767800
2023-11-09,353.8636169433594,357.88602671202375,353.53984572631765,355.4431318616368,24847300
2023-11-10,362.6736755371094,363.0955302142946,354.23643229337705,354.6484666487655,28042100
2023-11-13,359.7402648925781,361.49639601773487,358.9750282473155,361.2511274783557,19986500
2023-11-14,363.2622985839844,364.9105258370756,360.3975789598127,363.98831378189556,27683900
2023-11-15,363.4097900390625,366.8111878331865,360.89311508068755,364.99251089097083,26860100
2023-11-16,369.7996826171875,369.97662716885657,363.9111011410668,364.6778908657379,27182300
2023-11-17,363.5867004394531,368.0301447124906,360.78495838643414,367.28300549814645,40157000
2023-11-20,371.0481872558594,372.45396350296016,364.7172440162698,364.93351959280636,52465100
2023-11-21,366.75225830078125,369.8489086679745,364.8352685492538,369.30823463589167,28423100
2023-11-22,371.4513244628906,373.35847403198227,368.62009087575336,371.5987782953916,23345300
2023-11-24,371.03839111328125,371.56925486439644,368.7871927998492,370.9400785666633,10176600
2023-11-27,372.19830322265625,374.1939543914641,369.8291424770045,370.39930709611446,22179200
2023-11-28,376.21917724609375,376.51408489452496,371.75605149490684,371.94283633917263,20453100
2023-11-29,372.434326171875,377.792014506202,371.0482003824139,377.2611808001932,28963400
2023-11-30,372.4933166503906,373.6533266294802,369.1115692531181,372.0804159794598,30554400
2023-12-01,368.1678466796875,371.75602952719976,365.0220252786822,370.37974391455106,33040500
2023-12-04,362.8887939453125,363.2623336149724,356.7544451480774,362.84946292716745,32063300
2023-12-05,366.2115478515625,366.7620621293834,359.42840192780073,360.24436309009894,23065000
2023-12-06,362.55450439453125,367.8434010010659,361.7975548433351,367.2142547508921,21182100
2023-12-07,364.6681213378906,365.15965403682253,360.11652374565716,361.99418225567007,23118900
2023-12-08,367.892578125,368.11866396815253,361.99418568198814,362.94776032697274,20154400
2023-12-11,365.01214599609375,365.3070835963392,359.90022426700926,362.23992455873395,27708800
2023-12-12,368.03997802734375,368.0793090380866,364.186348995361,364.5697588483691,24838300
2023-12-13,368.03021240234375,371.2448556652715,364.49117073712733,369.65226441534134,30955500
2023-12-14,359.7330627441406,367.4304805165179,357.96355727963385,366.9880891500058,43277500
2023-12-15,364.4518737792969,366.09357631955413,360.07722042205063,360.6375749421143,78502300
2023-12-18,366.33929443359375,366.68337330414107,362.4365238179664,363.1935033333252,21802900
2023-12-19,366.93896484375,366.93896484375,363.5768683048988,365.1989200557806,20603700
2023-12-20,364.34368896484375,369.662076309118,364.2552166800982,368.6495201604417,26316700
2023-12-21,367.2143249511719,368.06958720517594,363.7735954230669,366.25090988302145,17708000
2023-12-22,368.2366027832031,368.8264479888416,366.39827539290235,367.3518499751321,17107500
2023-12-26,368.3153076171875,370.5566956584925,367.1749480872917,368.6495462723812,12673100
2023-12-27,367.73529052734375,368.7085156973093,366.4966184922779,367.3617208659254,14905400
2023-12-28,368.9247741699219,370.0847841167637,367.82374574574834,369.01324645392424,14327000
2023-12-29,369.67193603515625,370.77296452657316,367.1552909116957,369.6326050173838,18730800
2024-01-02,364.58941650390625,369.5342336746233,360.5588428456871,367.52877209819934,25258600
2024-01-03,364.3240661621094,366.9390238907261,362.2694629469342,362.7609956778596,23083500
2024-01-04,361.7091064453125,366.7817278006742,360.95215684412767,364.3928859416935,20901500
2024-01-05,361.5222473144531,365.75925616095924,360.293415746423,362.72158812488135,21004600
2024-01-08,368.3447570800781,368.84613000704053,362.7609531121448,363.0460204620728,23134000
2024-01-09,369.4261169433594,369.6227120026067,364.90401056986224,365.7101313148608,20830000
2024-01-10,376.2879638671875,377.66427954305703,369.9472095066928,369.9963507804977,25514200
2024-01-11,378.116455078125,384.063988833949,373.9384270676175,379.4632498955057,27850800
2024-01-12,381.89141845703125,382.0978537915272,378.13610141587486,378.96187275463393,21661200
2024-01-16,383.6609191894531,387.3572546583597,381.0558019045163,386.9935252639614,27202300
2024-01-17,382.8744812011719,383.50362745457204,378.29339285307435,381.4097233605343,22234100
2024-01-18,387.1999206542969,387.3178836888765,383.5134258198234,385.08633628268643,23392100
2024-01-19,391.9186706542969,391.9186706542969,386.83620966747424,389.05794692680297,29331100
2024-01-22,389.7952880859375,393.8356726529961,386.9247237943795,393.2458273875224,27016900
2024-01-23,392.144775390625,392.61665757487873,387.2589392356876,389.04812543344485,20525900
2024-01-24,395.7428283691406,398.7608465253621,393.66857465315076,394.7401124022686,24867000
2024-01-25,398.013671875,400.11744616888006,395.71330250742477,397.4729979213706,21021200
2024-01-26,397.089599609375,399.291686504724,395.6150015101639,397.52215078520555,17803300
2024-01-29,402.7815246582031,403.037131241998,397.4827881758261,399.18350198201716,24510200
2024-01-30,401.6706237792969,406.0550863600452,399.56687976102864,405.2784864191286,33477600
2024-01-31,390.8470764160156,408.2866746871425,390.4833470666394,400.0682334385884,47871100
2024-02-01,396.942138671875,401.0906757831929,394.9956584155895,395.02514917701313,30657700
2024-02-02,404.2561340332031,405.66191028214797,396.7258498594463,396.9716161967069,28256700
2024-02-05,398.7804870605469,404.19718719885634,397.14859484100157,402.95851515251775,25352300
2024-02-06,398.6231689453125,401.06118187336995,396.0868734804641,399.0065788415849,18382600
2024-02-07,407.0381774902344,407.2839438164574,400.50079921285686,400.5401302252688,22340500
2024-02-08,407.0971984863281,408.52265531696276,405.5439683543155,407.0382169623767,21225300
2024-02-09,413.4281311035156,413.693577955035,408.060602560808,408.2178966207668,22032800
2024-02-12,408.227783203125,413.6149628644096,407.7264102051555,413.4380182771655,21202900
2024-02-13,399.4391174316406,403.1256124684785,396.55874317637694,398.08248245796057,27824900
2024-02-14,403.2998352050781,403.64455035620506,398.4542264131706,401.9013178119368,20401200
2024-02-15,400.4141540527344,402.94531135993617,398.17847977076707,401.97028650604454,21825500
2024-02-16,397.95196533203125,402.11803273676423,397.3413424619827,401.7930043986709,22296500
2024-02-20,396.7011413574219,398.37542488528044,391.99340052173363,397.1443207958614,24307900
2024-02-21,396.1003723144531,396.20872511051635,391.2153593903598,394.12077725006736,18518900
2024-02-22,405.42724609375,406.5894012936675,402.3938184427991,403.9893247437461,27009900
2024-02-23,404.13702392578125,409.5735691126935,402.7877385663373,409.38646893086735,16295900
2024-02-26,401.3793640136719,405.92952022656453,401.2020621700657,405.24008986741234,16193500
2024-02-27,401.3203125,402.14761097779564,397.7451808256374,401.8225826130769,14835800
2024-02-28,401.5566101074219,403.11271245725675,399.1928962585418,402.0096479981962,13183100
2024-02-29,407.3871154785156,407.93864768524475,399.7838157071772,402.46269930682627,31947300
2024-03-01,409.2190246582031,409.58342668223145,404.66886847100426,405.0529573414313,17823400
2024-03-04,408.6477966308594,411.04105586312363,406.08709401097116,407.1901585103068,17596000
2024-03-05,396.5632629394531,407.9879154671031,394.58366790374333,407.7022908884421,26919200
2024-03-06,396.01171875,399.03531766594347,392.36766860816914,396.87842085481464,22344100
2024-03-07,402.9551696777344,403.5854793634372,396.159450830879,399.98080286179095,18718500
2024-03-08,400.0793151855469,404.21583727335775,398.2178712291556,401.793002594602,18002200
2024-03-11,398.4049987792969,399.5474670630361,395.19429952187465,397.65650787745375,16120800
2024-03-12,409.0023498535156,409.28797443620516,400.64069996356216,401.4581399062547,22457000
2024-03-13,408.8250732421875,411.85850065118984,405.2302551257752,411.7797232101297,17115900
2024-03-14,418.7920837402344,421.3527863664109,411.6713665638625,413.8873540190868,34157300
2024-03-15,410.1251525878906,416.2117246963819,406.55002108975805,412.9517630950902,45079900
2024-03-18,411.0115051269531,414.3699607798189,407.52500983634934,407.9879061886506,20106000
2024-03-19,415.0396728515625,415.295752126201,409.2682411150174,411.5137738248201,19837900
2024-03-20,418.80194091796875,419.5208864985866,414.3010169757645,415.62075700500156,17860100
2024-03-21,422.87933349609375,424.3074262893576,420.7027498405441,423.3323713938263,21296200
2024-03-22,422.2589111328125,423.3619757627276,419.6292892126145,423.20442086381706,17648500
2024-03-25,416.4677734375,420.94901086959675,415.23666920718586,418.81180070101897,18060500
2024-03-26,415.2760925292969,419.55048301163885,414.98063952259974,419.17622249898443,16725600
2024-03-27,415.0593566894531,418.0337234540762,412.67595596490696,418.02386500319915,16705000
2024-03-28,414.3601379394531,415.4927478182186,412.784318516005,414.59650033328086,21871200
2024-04-01,418.15191650390625,421.42173632509054,415.8374347010724,417.5412936572551,16316000
2024-04-02,415.0692443847656,415.9950371448598,411.52365828826186,413.7593326884334,17912000
2024-04-03,414.09417724609375,416.86169679254687,412.75472038791173,413.38506009911544,16502300
2024-04-04,411.5630798339844,422.18998013142357,411.25776838460877,418.56558637813976,19370900
2024-04-05,419.08758544921875,420.062640481163,411.99644280159436,413.660898199363,16554800
2024-04-08,418.1716003417969,420.8209388461148,416.9010924581036,418.7428494922185,14272400
2024-04-09,419.8360290527344,421.2739501766581,415.2464695179833,419.9936139789009,12496900
2024-04-10,416.8617248535156,417.6200741918698,413.3555426286193,415.80789248455,16216600
2024-04-11,421.4610595703125,422.87929377947376,415.97525294572694,419.38297045020465,17966400
2024-04-12,415.5222473144531,418.7526632511182,413.42444113170603,417.6397403424306,19253800
2024-04-15,407.3871154785156,420.36786929358846,407.1802683588039,420.1511937797841,20273500
2024-04-16,408.31292724609375,412.0751888679084,407.4758004410801,408.3030988508173,16765600
2024-04-17,405.6143798828125,412.5479675035141,404.12719631602147,410.94260273654885,15855500
2024-04-18,398.1587829589844,405.6636193685748,397.843643128254,404.42265672373026,21029900
2024-04-19,393.0866394042969,399.35051316442866,391.7570408652649,397.9224202787546,30565800
2024-04-22,394.8988037109375,396.7602475945419,389.76757007965125,394.0321015888098,20286900
2024-04-23,401.408935546875,402.02941689941457,396.9671017838586,398.12925698523895,15734500
2024-04-24,402.8763122558594,406.23476751515864,400.6307798018594,403.3687538471423,15065300
2024-04-25,393.0078430175781,393.8449998393028,382.16426819567243,388.0735680343126,40586500
2024-04-26,400.17779541015625,406.7568087350332,399.6262631587446,405.9393688090581,29694700
2024-04-29,396.1692810058594,400.1777629830485,393.1555407133354,399.12393070882416,19582100
2024-04-30,383.444580078125,396.0806489273893,383.28702520862055,395.42076392930267,28781400
2024-05-01,388.9698181152344,395.6473257764034,384.4098035661703,386.6750231640028,23562500
2024-05-02,391.8259582519531,393.88436068854867,388.68417820234623,391.6486864760746,17709400
2024-05-03,400.51263427734375,400.99521746175435,395.7851765465019,396.1988407447482,17446700
2024-05-06,407.2886657714844,407.67275464571117,400.22703898277103,402.58092459776026,16996600
2024-05-07,403.1521301269531,408.4015749957849,402.90590929968624,408.3917165446932,20018200
2024-05-08,404.3340148925781,405.9984701419799,400.56189486819255,401.9998461853561,11792300
2024-05-09,406.08709716796875,406.48104448418644,402.91577167959764,404.3635513602943,14689700
2024-05-10,408.4704895019531,409.1008292398404,405.5749302005713,406.69771158758806,13402300
2024-05-13,407.4659423828125,412.0259571204268,404.60978666771797,411.6911003868472,15440200
2024-05-14,410.2629699707031,411.17890419255156,405.3286952009842,405.7915915372278,15109300
2024-05-15,417.4359436035156,418.15621597420306,411.70345355392675,412.32505393938186,22239500
2024-05-16,415.3738708496094,419.744796345379,414.7424242787078,416.1730628235195,17530100
2024-05-17,414.60430908203125,417.2781788386251,412.4533979292135,416.903243294278,15352200
2024-05-20,419.6658935546875,421.0768099021397,414.3872573782501,414.6043237478942,16272100
2024-05-21,423.3165283203125,427.1940941013643,419.1824213563369,421.13598848639515,21453300
2024-05-22,424.7767333984375,426.6415347292138,421.43197259260825,424.3524769437673,18073700
2024-05-23,421.3037109375,427.8156712738496,419.7448017896618,427.194070817087,17211700
2024-05-24,424.4216003417969,425.3095881756072,418.7483062624099,421.4912194128948,11855300
2024-05-28,424.57940673828125,425.0727365852693,420.9090314722718,423.8986091406006,15718000
2024-05-29,423.44476318359375,425.19114003957617,420.0111765352336,420.0111765352336,15517100
2024-05-30,409.13824462890625,418.63975349144664,408.7139580183881,418.63975349144664,28394500
2024-05-31,409.59210205078125,411.1904861655314,399.11377942255837,411.1904861655314,47995300
2024-06-03,408.0035095214844,410.8746928703061,403.46489897631534,409.98670515974976,17484700
2024-06-04,410.51953125,410.88459054146256,404.21476096620233,406.9280752908703,14348900
2024-06-05,418.3536376953125,418.42268099839066,410.746468843911,412.23633479956106,16988000
2024-06-06,418.8567810058594,419.6362506295676,414.9693392305099,418.35360501475236,14861300
2024-06-07,418.19573974609375,420.5933157045514,417.3570729391347,420.51439617340435,13621700
2024-06-10,422.162109375,422.36929949498546,418.2352227759558,419.0344147777948,13982900
2024-06-11,426.907958984375,427.04610581067664,419.57708382911113,419.8040264249776,14551100
2024-06-12,435.17620849609375,437.4849890244905,427.4703971671916,429.51279036516684,22366200
2024-06-13,435.689208984375,437.4750908737884,433.508699318619,434.9689666213265,15960600
2024-06-14,436.666015625,437.22841891267086,430.89405002785384,432.43323683903066,13582000
2024-06-17,442.3886413574219,444.92436422206765,434.84070005199675,436.68574902549324,20790000
2024-06-18,440.3857421875,444.1350675846114,438.95510350912195,443.71078097637735,17112500
2024-06-20,439.7542724609375,440.57318682315986,435.38334678666155,440.3462442358131,19877400
2024-06-21,443.7798156738281,444.56913141990066,440.553449170913,441.4118383251449,34187100
2024-06-24,441.69805908203125,446.710278220749,440.45485794903686,443.79961941620445,15913700
2024-06-25,444.9342041015625,445.3979353653379,440.79022131418793,442.27021086532676,16413400
2024-06-26,446.1280517578125,447.54884412889345,442.21101156026344,443.01020350518843,16507000
2024-06-27,446.8089294433594,450.0846474477425,445.7433199188156,446.1478540799415,14806300
2024-06-28,440.98760986328125,449.3051447547128,440.4548051400977,447.02596302446955,28362300
2024-07-01,450.63714599609375,451.2685926172397,439.71481466960876,442.67479410049566,17662800
2024-07-02,453.153076171875,453.45893827703065,447.0653724350894,447.15419830732895,13979800
2024-07-03,454.6231994628906,454.869864398923,451.7717684597979,452.07763057164084,9932800
2024-07-05,461.3226318359375,462.1021014719612,452.8472281684966,453.478674753155,16000300
2024-07-08,460.0202331542969,461.4607780718062,458.26398000009,460.326095268591,12962300
2024-07-09,453.4096374511719,461.09569535136285,451.89017298008986,460.77011087707854,17207200
2024-07-10,460.0301208496094,460.2373109717691,452.73869064735504,455.0672233776237,18196100
2024-07-11,448.63421630859375,458.57973369334036,445.5262138972975,456.8037581244286,23111200
2024-07-12,447.4995422363281,450.2720538778231,444.6382348256943,448.26913567933263,16324300
2024-07-15,447.9040832519531,451.1600787227488,445.40783511291056,447.25288415779397,14429400
2024-07-16,443.5232849121094,448.23951736513413,440.7014524487549,448.1605978328616,17175700
2024-07-17,437.60333251953125,438.9156068819966,433.3212327097638,436.68574615539535,21778000
2024-07-18,434.495361328125,438.71826397070777,428.6050012530057,438.4124018485707,20794800
2024-07-19,431.2788391113281,435.2551069043024,426.23702212212055,427.3223538949878,20940400
2024-07-22,437.0310974121094,438.6689563053254,433.05485959349295,435.8964446559175,15808800
2024-07-23,438.9156188964844,442.40840302613475,437.1889642431626,437.9782800404941,13107100
2024-07-24,423.1783447265625,435.59054077335657,421.88582291184935,434.5742824737623,26805800
2024-07-25,412.8184509277344,424.066366533815,411.94033937034624,423.0797067418699,29943800
2024-07-26,419.5967712402344,423.19810333197387,411.7034934246348,412.6211098546519,23583800
2024-07-29,421.0373229980469,426.38500194360023,419.0344049240428,425.8225986635412,15125800
2024-07-30,417.2781677246094,423.32636688783225,411.7923116419938,422.0141226280364,32687600
2024-07-31,412.76910400390625,416.1533396507724,406.7109988096176,414.8904164009859,42891400
2024-08-01,411.545654296875,421.7575892383458,407.57929274476925,415.1765852410534,30296400
2024-08-02,403.0406494140625,409.46381430513844,398.9460172931046,406.98728858808795,29437900
2024-08-05,389.8785705566406,395.6900105848848,380.43623009500715,383.97836487999916,40709200
2024-08-06,394.279052734375,400.25823798249814,393.1838749635341,394.66386445524125,24946500
2024-08-07,393.1148376464844,404.6094177317887,392.16765271577526,403.18865539095805,20650900
2024-08-08,397.3180236816406,400.4457182788044,394.6047093244423,397.07135874007713,20203000
2024-08-09,400.6036071777344,402.60652539742165,396.8937867490897,398.6401637815713,19276700
2024-08-12,401.3830261230469,403.3070245629386,398.84730349296393,401.6296910455733,16762900
2024-08-13,408.4870300292969,409.41449264240543,404.10625814496586,404.1259805010332,19414300
2024-08-14,411.2989807128906,412.14752377963794,406.9478375879701,409.26646397851016,18267000
2024-08-15,416.162109375,416.2411711538097,412.8310776655769,414.94631960204117,20752100
2024-08-16,413.6317138671875,416.46852653153576,412.4752279591184,415.73709195319884,22775600
2024-08-19,416.6563415527344,416.8737991572246,411.6449527797598,414.11604821044875,15234000
2024-08-20,419.8885192871094,420.93626132598814,416.7650812391523,416.82438511571235,16387600
2024-08-21,419.2361755371094,421.4700252660244,416.8441419181339,419.1768414959673,16067300
2024-08-22,410.7454528808594,421.8555179747642,409.8163186254232,419.45359039351575,19361900
2024-08-23,411.97113037109375,414.41257372157986,407.32545916499066,412.15893602611095,18493800
2024-08-26,408.7092590332031,412.4554478665689,406.58412315782203,411.55596557862424,13152800
2024-08-27,409.05523681640625,409.5692137906275,405.5067475085558,408.0865565785304,13492900
2024-08-28,405.85272216796875,410.2018441208808,402.6007521142328,410.08323636580656,14882700
2024-08-29,408.3435363769531,417.17028122626607,405.85268326493673,410.142500929111,17045200
2024-08-30,412.31707763671875,412.663006834999,407.36499317358016,410.7948745382869,24308300
2024-09-03,404.70611572265625,415.02541234976394,402.32397617802485,413.0781880012741,20313600
2024-09-04,404.17236328125,406.4853049884444,399.6947395600007,401.2169427939581,15135800
2024-09-05,403.6682434082031,408.3237783354607,401.4343636867301,402.9071267784607,14195500
2024-09-06,397.05560302734375,405.9021060614487,396.165984591682,404.33049307771034,19609500
2024-09-09,401.0291442871094,403.9252609488484,397.50041270369564,402.5315594789773,15295100
2024-09-10,409.4111328125,411.5164809342579,402.98628422521625,403.480503347315,19594300
2024-09-11,418.1488952636719,419.08789343392027,404.84449566929334,410.6960629554886,19266900
2024-09-12,422.0630798339844,422.42879711427406,414.89690341994134,418.415740735589,17395700
2024-09-13,425.6116027832031,426.83725650385696,420.5409099686256,420.90662727786975,15874600
2024-09-16,426.3529052734375,428.517587221267,423.2689830915265,425.6214706998335,13834700
2024-09-17,430.1188659667969,436.741413807479,427.2721591954558,435.1401487897844,18874200
2024-09-18,425.82904052734375,430.9886889198146,425.43367129700556,429.9705988234429,18898000
2024-09-19,433.6179504394531,436.3954593302787,431.84863763952944,436.1285918792357,21706600
2024-09-20,430.2374572753906,434.1615578880838,429.1996092968504,432.1649237095232,55167100
2024-09-23,428.49786376953125,431.4137384289729,425.4139413396685,429.2589503420484,15128900
2024-09-24,424.2079772949219,428.33964116383595,421.1734651982217,427.9936818084109,17015800
2024-09-25,427.1139831542969,428.1123153119531,423.61493391499886,424.8603454388432,13396400
2024-09-26,426.3232421875,430.2671006249204,424.1684543301705,430.0595370663028,14492000
2024-09-27,423.0712890625,426.85702409572957,422.52766014209345,426.5308226116947,14896100
2024-09-30,425.3249206542969,425.4435585697777,420.4519278512811,423.2590885562286,16807300
2024-10-01,415.8260498046875,423.52599147760804,413.9677812470877,423.49633953955015,19092900
2024-10-02,412.30718994140625,417.93140514988795,411.89203266645677,417.6941594936009,16582300
2024-10-03,411.72406005859375,414.69923855591765,409.5000740881514,412.8014540867281,13686400
2024-10-04,411.24957275390625,414.8969119270876,410.172178794162,413.40436067339476,19169700
2024-10-07,404.804931640625,412.28738483151307,404.2711666419644,411.1902330637095,20919800
2024-10-08,409.9151916503906,410.8542199929417,403.4508276328713,406.14924457508937,19229300
2024-10-09,412.6334228515625,415.51967581022046,409.50995436593644,411.05191562071184,14974300
2024-10-10,411.0321044921875,412.5246557071608,408.37320353432506,410.42917171763446,13848400
2024-10-11,411.506591796875,412.30722431233596,408.4720793339732,411.32868016338136,14144900
2024-10-14,414.2939453125,419.1372858012014,412.6926503077809,412.9397598241915,16653100
2024-10-15,413.8985900878906,417.5953693595967,410.4588445581101,417.29881980944174,18900200
2024-10-16,411.30889892578125,411.5461144410461,405.7341231638779,410.369900734698,15508900
2024-10-17,411.9019775390625,417.615149262022,410.7850375205949,417.4767534317117,14820000
2024-10-18,413.3253173828125,414.79808063402476,411.44729085370335,412.3171212877513,17145300
2024-10-21,413.9381103515625,414.1160219717621,408.9662678666254,411.30886136013186,14206100
2024-10-22,422.5672302246094,425.6017126142665,413.20671913798,413.65149823512496,25482200
2024-10-23,419.69085693359375,426.0959170295647,417.64478266305224,425.8784594235447,19654400
2024-10-24,419.8193359375,421.0548835944768,417.5162582126422,420.4123746810587,13581600
2024-10-25,423.19976806640625,427.5192377532194,421.63804913504384,421.8258547879259,16899100
2024-10-28,421.6578369140625,426.94598717649535,421.3711813975522,426.669225694439,14882400
2024-10-29,426.9558410644531,428.16173672961014,420.8769227357868,423.05149857942604,17644100
2024-10-30,427.5291442871094,433.43012114532394,427.10412312962825,432.38237913794643,29749100
2024-10-31,401.6518249511719,411.3484002261627,401.60238494770107,410.55763165325993,53971000
2024-11-01,405.6253662109375,410.69605883957496,402.78855349489004,404.2811047814158,24230400
2024-11-04,403.7374267578125,405.67478719502446,400.88085627166146,405.06193022116906,19672300
2024-11-05,406.7027893066406,410.1030192614267,403.36186323300564,403.6485187683965,17626000
2024-11-06,415.32196044921875,415.58885807174516,405.7736437068039,407.65170044035887,26681800
2024-11-07,420.51123046875,421.91482589939426,415.0254108601489,416.40921822256973,19901800
2024-11-08,417.6546630859375,421.568869701991,416.90344044148964,420.40251992805025,16891400
2024-11-11,413.1770935058594,419.89846171842794,411.19032291788955,417.6349296196992,24503300
2024-11-12,418.13897705078125,419.5326784209289,412.37639607879026,413.41424403977334,19401200
2024-11-13,420.2839050292969,424.366129168666,413.3747019871383,416.7650676989441,21502200
2024-11-14,421.9543762207031,423.21957584577814,415.14402288993426,420.086213638624,30246900
2024-11-15,410.20184326171875,417.91164897279026,408.85758182070697,414.9661225121513,28247600
2024-11-18,410.9530334472656,413.5624943414024,407.33534638732004,410.07330906060787,24727000
2024-11-19,412.9595642089844,413.10782389174204,406.79168992363145,408.3336509537854,18133500
2024-11-20,410.6861267089844,412.4653333453386,405.8328921341125,412.0501760807684,19191700
2024-11-21,408.913330078125,415.7571129679985,406.35806834126146,415.4797975064388,20780200
2024-11-22,413.00372314453125,413.39988374041405,407.1206461090675,407.4276728377604,24814600
2024-11-25,414.7765808105469,417.0446130867062,410.8743369468268,414.3705063731925,27691100
2024-11-26,423.888427734375,424.92838338966095,414.83603494213827,415.5689336176803,23458900
2024-11-27,418.9363098144531,423.1356967701012,417.97560449920036,421.03598817971914,18332400
2024-11-29,419.4018249511719,420.808229889217,413.7960631011275,416.06412568619913,16271900
2024-12-02,426.8497619628906,428.85039263641124,417.27242003383,417.5299380247713,20207200
2024-12-03,427.0676574707031,428.32547569363487,423.6407942127541,425.72067515411175,18302000
2024-12-04,433.22802734375,435.4564646159383,428.48392353237045,428.8800841135143,26009400
2024-12-05,438.3782043457031,440.3986627358307,431.9900352112823,433.72326431540773,21697800
2024-12-06,439.3191223144531,441.82487523918803,437.5363542028089,438.0612738202398,18821000
2024-12-09,441.74560546875,444.03346541962105,436.2785166631167,438.3583975889403,19144400
2024-12-10,439.0813903808594,445.31111943385133,437.3679889585384,440.13125981361975,18469500
2024-12-11,444.6871643066406,446.034146674654,439.7945036123786,439.7945036123786,19200200
2024-12-12,445.251708984375,451.7884649521135,444.8060093995974,444.8060093995974,20834800
2024-12-13,442.983642578125,447.10377945438483,441.30983602760955,444.142443353527,20177800
2024-12-16,447.26226806640625,447.8466102847365,441.0127411892908,442.9836607244317,23598800
2024-12-17,450.104736328125,450.92679906279125,445.26161469090005,446.6878170659997,22733500
2024-12-18,433.19830322265625,448.31203901010963,432.83182371521207,446.9947983161777,24444500
2024-12-19,432.841796875,438.93285336164837,432.1386095010433,437.38780577162396,22963700
2024-12-20,432.41595458984375,439.4875143941051,424.5223319655796,428.95937961527454,64263700
2024-12-23,431.0788269042969,433.455820708947,428.6820054234919,432.5545379722653,19152500
2024-12-24,435.1197204589844,435.3871522905164,430.02899474815183,430.484577930417,7164500
2024-12-26,433.9114074707031,436.7143034093448,432.44561022869516,434.8721127935591,8194200
2024-12-27,426.4040832519531,431.04913980352325,422.2641488688207,430.4350863105853,18117700
2024-12-30,420.7586669921875,423.45260132830686,417.8567536350218,421.97689027997586,13158700
2024-12-31,417.4606628417969,422.64055335905056,416.6287163933971,422.01658596647053,13246500
2025-01-02,414.568603515625,421.9868450538027,410.8743686174563,421.45201157982797,16896500
2025-01-03,419.29290771484375,419.9663838035234,415.5194225803269,417.0446425061394,16662900
2025-01-06,423.7497863769531,430.15778356293015,421.4025036603563,423.8983428352595,20573600
2025-01-07,418.322265625,426.52291408196885,416.76730426764124,424.8887326935554,18139100
2025-01-08,420.4913024902344,422.87821031177674,417.5002550030301,419.4018380991605,15054600
2025-01-10,414.9350280761719,420.6398068835906,411.0426680414125,420.5605868581897,20201100
2025-01-13,413.19195556640625,414.489399057034,408.3389196630922,411.26063086426467,17604800
2025-01-14,411.6864929199219,415.7174656234234,406.783918522941,413.80596878606093,16935900
2025-01-15,422.2245178222656,424.04688082339095,414.2615595275802,415.11333355996726,19637800
2025-01-16,420.5110778808594,425.3740271428382,420.3229265289763,424.5916197701724,15300000
2025-01-17,424.91845703125,430.31623990051855,424.06671321451194,429.9299628963343,26197500
2025-01-21,424.3935241699219,426.7705180269004,421.52132200002626,426.0772445238866,26085700
2025-01-22,441.9239196777344,442.98364251820686,431.82165779523024,433.366705345479,27803800
2025-01-23,442.42901611328125,442.46864124256984,437.26895379651836,437.7641621247137,18389300
2025-01-24,439.80438232421875,442.3695576290663,437.16987060502294,440.8938466028509,15549500
2025-01-27,430.39544677734375,431.0293279263355,419.4414413066827,419.9465634582157,35647800
2025-01-28,442.9143371582031,444.08302154903276,427.24593852989443,430.43508134605355,23491700
2025-01-29,438.09100341796875,442.5974175154718,436.17950645057016,442.40923592540474,23581400
2025-01-30,411.01300048828125,418.8075747745586,409.20055129765046,414.75677425796516,54586300
2025-01-31,411.0823669433594,416.65841798837124,410.9338104783747,414.9648138373058,34161900
2025-02-03,406.9820556640625,411.4290171061556,404.7437041840203,407.6555317858933,25679100
2025-02-04,408.4181213378906,409.9532853263689,405.81332063447735,408.73506192939664,20532100
2025-02-05,409.329345703125,409.86414898425164,406.46702679712905,408.39835154322543,16316700
2025-02-06,411.8350524902344,414.19224891795665,410.0324869601977,410.0324869601977,16309800
2025-02-07,405.8232116699219,414.63791357819275,404.1890302854019,412.48872643025265,22886800
2025-02-10,408.2695617675781,411.47850211303046,406.9820321839411,409.74527293691693,20817900
2025-02-11,407.4970397949219,408.5369652151938,405.3775335991668,405.714301867279,18140600
2025-02-12,405.1200256347656,406.813629604169,400.4947666868975,403.30754628100544,19121700
2025-02-13,406.60565185546875,407.0612350423618,402.46568736983716,403.0995685212682,23891700
2025-02-14,404.515869140625,404.99128001840967,401.99031874797896,403.8820181953633,22758500
2025-02-18,405.7142639160156,406.6650553734785,402.6043413346739,404.08996621044764,21423100
2025-02-19,410.79510498046875,411.5082061808428,403.7433432351679,403.97114994678657,24114200
2025-02-20,412.968505859375,416.1243389128722,409.40578409861945,412.134891295379,23508700
2025-02-21,405.1086120605469,414.87384893021425,404.791066280818,414.1692516421462,27524800
2025-02-24,400.93060302734375,406.2597995139474,396.286166676689,405.40634791593595,26443700
2025-02-25,394.8769836425781,398.86646142853965,393.6861187086097,398.05268403794094,29387400
2025-02-26,396.6930847167969,400.53367776380867,391.25470780563023,394.9861511086002,19619000
2025-02-27,389.5477600097656,402.657388820498,389.1905096396701,398.22134834414993,21127400
2025-02-28,393.973876953125,394.6090291195634,383.6330593862238,389.67678725566606,32845700
2025-03-03,385.5384826660156,395.79001865109893,383.22619789604886,395.79001865109893,23007700
2025-03-04,385.65753173828125,389.59737098453536,378.10536303990614,380.48712304915495,29342900
2025-03-05,397.9732666015625,398.61835249883035,385.85603973587394,386.3820118850688,23433100
2025-03-06,393.8746643066406,399.09468114787944,389.6966277473878,391.28447789138556,23304600
2025-03-07,390.32183837890625,391.80050846371955,382.61088158953936,389.33936956128906,22034100
2025-03-10,377.2717590332031,383.4643412864511,374.3540930979484,382.90859827837613,32840100
2025-03-11,377.5595703125,383.0673924681545,374.0464567305875,376.1205744700273,30380200
2025-03-12,380.35809326171875,382.2932902407784,376.07093750152677,380.040547480545,24253600
2025-03-13,375.8923034667969,382.3925583494832,374.58235511618193,380.2489652043101,20473000
2025-03-14,385.6079406738281,387.2652662935844,376.6267095180303,376.8946473094157,19952800
2025-03-17,385.7468566894531,389.72637004614455,382.6406320765131,383.7620517263702,22474300
2025-03-18,380.6062316894531,384.4269877309022,378.2046343736099,384.1292790671939,19486900
2025-03-19,384.8735656738281,386.719419886704,381.0825806498319,382.60095534567967,19185500
2025-03-20,383.9010314941406,388.81343664918575,380.3680805381929,382.80938253905003,18470500
2025-03-21,388.28741455078125,388.76374837124365,379.8916675364793,380.30848991510493,39675900
2025-03-24,390.0935974121094,392.3959786933822,386.84845184017416,392.3959786933822,21004500
2025-03-25,392.15777587890625,393.34864070852024,389.65693247956807,390.9272064692555,15775000
2025-03-26,387.0072021484375,392.3066278369287,385.6178447127186,391.99898548636673,16108400
2025-03-27,387.61260986328125,389.26000188021396,384.4567767361847,387.16604684664975,13766800
2025-03-28,375.9220886230469,386.1736243280803,374.0663006272135,385.13158343812927,21632000
2025-03-31,372.5379943847656,374.20522334023684,364.449889664545,369.7096411618319,35184700
2025-04-01,379.2863464355469,379.9413357760227,370.3944277527412,371.80362246362756,19689500
2025-04-02,379.2367248535156,382.1543604865691,373.7586433966847,375.0983928958324,16092600
2025-04-03,370.27532958984375,374.6121545094563,366.5439163069489,371.94258902020607,30198000
2025-04-04,357.10614013671875,371.74407816646067,356.74888974568233,361.363555677575,49209900
2025-04-07,355.14117431640625,368.1813588125757,342.17049555544185,348.2142236601539,50425000
2025-04-08,351.86627197265625,370.8112344321485,347.5890190857086,365.46220003690814,35868900
2025-04-09,387.52325439453125,390.24245792204835,350.41733953240174,350.85399906862426,50199700
2025-04-10,378.4527282714844,380.9833427250372,365.0056552003408,379.1573256201752,38024400
2025-04-11,385.498779296875,387.0865991344375,376.0114134245454,377.7481178718862,23839200
2025-04-14,384.8636474609375,391.651677567929,381.29099206627785,390.23254912743425,19251200
2025-04-15,382.7994384765625,388.9126416904877,381.24135923720473,385.5583162962043,17199900
2025-04-16,368.7867126464844,378.71073856569086,365.2041538267982,377.7779079921512,21967800
2025-04-17,364.98577880859375,371.47609943534326,364.10255635982776,370.9104227594851,21120200
2025-04-21,356.3916015625,361.71089501866106,352.9678309109542,360.0635031391147,20807300
2025-04-22,364.0331115722656,364.9758758256959,357.12596800122816,360.6192443688487,19485000
2025-04-23,371.5456237792969,377.50003937654276,370.18600677791767,373.20291916052497,20545500
2025-04-24,384.3574523925781,385.4987394256534,372.3394733971177,372.84560833228255,22232300
2025-04-25,388.8729553222656,389.1805976978566,381.67803664886475,384.05979677325973,18973200
2025-04-28,388.18817138671875,389.75615403464093,383.70252292195136,388.9820812843996,16579400
2025-04-29,391.0462951660156,392.0982394081848,387.41409832984397,388.3270916828822,14974000
2025-04-30,392.2570495605469,393.6464071015826,381.5192464831796,387.3347110069874,36461100
2025-05-01,422.16802978515625,433.669971462135,421.67182852064957,427.8346397458207,58938100
2025-05-02,431.97296142578125,436.10135948336034,426.72314369115975,428.4598480759583,30757400
2025-05-05,432.8562316894531,436.1609188409604,428.827049490993,429.58128511716615,20136100
2025-05-06,430.0179443359375,434.4043769104007,427.8942186382879,428.91639204817295,15104200
2025-05-07,430.0576477050781,434.79139692835327,427.83464541633373,430.54391525930873,23295300
2025-05-08,434.8410339355469,440.29924790125443,432.3500938706748,434.60283673184324,23491300
2025-05-09,435.39678955078125,437.3914981181206,432.5684361749063,436.65712990925,15324200
2025-05-12,445.8467712402344,445.9559209816134,436.43878433354007,442.551987565255,22821900
2025-05-13,445.7276916503906,447.24606632617565,441.9763809723924,444.37800844651383,23618800
2025-05-14,449.498779296875,450.45147719255016,444.7352595327789,444.7352595327789,19902800
2025-05-15,450.512939453125,453.55526390744575,447.82852124457236,448.16655392379437,21992300
2025-05-16,451.6463317871094,451.73580834700897,446.1383501578063,449.43915228561843,23849800
2025-05-19,456.2197570800781,456.9355998797858,448.1963586877965,448.27591363294266,21336500
2025-05-20,455.5238342285156,455.69283539558984,451.69606398891386,452.9587181303489,15441800
2025-05-21,449.9561767578125,455.1360777634671,449.20055644956204,451.94462570262056,19216900
2025-05-22,452.2329406738281,457.5918252828005,451.27849365115543,452.32244757902833,18025600
2025-05-23,447.5799560546875,451.06969358680703,446.3173019248347,447.3811293692874,16883500
2025-05-27,458.0292663574219,458.2877744248074,453.48565331857327,453.8435898996704,20974300
2025-05-28,454.7184753417969,459.84867709346275,454.2909661144885,458.55619745791415,17086300
2025-05-29,456.0308837890625,459.05333474747385,452.68035209769624,458.884303233251,13974800
2025-05-30,457.7011413574219,459.0135248792732,452.90900269221845,457.0648535034259,34770500
2025-06-02,459.3018798828125,459.44105553120437,454.2512329224997,454.49978904014216,16626500
2025-06-03,460.29608154296875,461.4593374660713,458.19825223653834,458.8047449110186,15743800
2025-06-04,461.1908874511719,463.00038321907994,460.3457906064832,461.3201414833542,14162700
2025-06-05,464.9788818359375,466.93750520910584,461.3499686746429,462.2745901279283,20131700
2025-06-06,467.663330078125,470.6062261334739,466.07256479314685,467.37499647452495,15285600
2025-06-09,470.0196228027344,470.69568816704816,465.9134708467471,466.98725027602023,16469900
2025-06-10,468.2002258300781,470.06934244703956,464.26307487233004,468.4686555284736,15375900
2025-06-11,469.8903503417969,472.72389606625393,466.9474544926898,467.30536072753216,16399200
2025-06-12,476.104248046875,477.6453141185156,470.7851412769109,472.2764779222473,18950600
2025-06-13,472.2168273925781,476.4124557062983,470.0295518485209,473.6584649544854,16814500
2025-06-16,476.3727111816406,477.91374692205306,472.25660744971805,472.4653860858625,15626100
2025-06-17,475.279052734375,475.97499162724574,471.3419021646973,472.65428568792316,15414100
2025-06-18,477.4663391113281,478.2219594008936,471.71972301658775,475.2392860574369,17526500
2025-06-20,474.64276123046875,480.667759158903,474.1158234691147,479.44488246554124,37576200
2025-06-23,483.1930847167969,484.932977511559,469.7810065395394,475.44806772339973,24864000
2025-06-24,487.2793273925781,489.009298556199,483.9884469122188,486.1260537385937,22305600
2025-06-25,489.4268798828125,491.7036624656625,486.56353883181055,489.1982276680394,17495100
2025-06-26,494.57696533203125,495.1635541172166,489.9637493151316,490.13278082199906,21578900
2025-06-27,493.07568359375,496.4162632322767,490.1824867596744,494.6763704185467,34539200
2025-06-30,494.5372009277344,497.86785899517616,492.4691970236715,494.1693427257206,28369000
2025-07-01,489.2080993652344,495.1734457101395,488.1443023264632,493.60258452282886,19945400
2025-07-02,488.2536926269531,490.6497772469701,485.87751191483574,487.1600396387865,16319600
2025-07-03,495.9589538574219,497.2415119784696,490.59014753996934,490.9580057562307,13984800
2025-07-07,494.84539794921875,495.8694479262707,492.36978876052433,494.50736527479916,13981600
2025-07-08,493.7517395019531,495.3226311177228,491.25622643335066,494.36815380384166,11846600
2025-07-09,500.6019592285156,503.8530622357068,496.85371365827956,497.41047691930333,18659500
2025-07-10,498.58367919921875,501.52657502305914,494.87521114411277,500.14458849842043,16492100
2025-07-11,500.41302490234375,502.1131401056752,494.9248868769196,495.59103056526646,16459500
2025-07-14,500.1147766113281,501.05930198422453,498.1362796464767,498.6234399223271,12058800
2025-07-15,502.89862060546875,505.36427783294863,499.88612172349406,500.11477392946824,14927200
2025-07-16,502.69976806640625,503.793421043838,498.99133023831314,502.2623068754336,15154400
2025-07-17,508.7446594238281,510.40499725185873,502.6997578215743,502.75940886082554,17503100
2025-07-18,507.1041564941406,511.66767331118785,504.4992933518648,511.5085634207008,21209700
2025-07-21,507.1141357421875,509.1324405638626,502.6301736290422,503.7834776665751,14066800
2025-07-22,502.3517761230469,508.2475501614973,502.3517761230469,508.01886761548803,13868600
2025-07-23,502.94830322265625,503.8630030405687,497.80817995491657,503.8232255681408,16396600
2025-07-24,507.9294128417969,510.703277326071,504.37007217269974,505.83158338819493,16107000
2025-07-25,510.74310302734375,515.2966076642933,507.41241445610984,509.51021364184703,19125700
2025-07-28,509.5400390625,512.0256002286585,507.17377997770546,511.110930710653,14308000
2025-07-29,509.6096496582031,514.6304711522027,508.60547322287385,512.5525759685828,16469200
2025-07-30,510.2757568359375,512.9701269930791,506.49771598970693,512.1946027794743,26380400
2025-07-31,530.4187622070312,552.2420017670738,528.8280273057109,552.0232408256204,51617300
2025-08-01,521.0829467773438,532.7054326872741,517.8517174087783,531.9100652869249,28977600
2025-08-04,532.54638671875,535.141297909759,525.0797515616827,525.218957545317,25349000
2025-08-05,524.701904296875,534.196734767709,524.194840165689,534.077432699505,19171600
2025-08-06,521.908203125,528.6291703469228,521.0034855448089,527.8338028961505,21355700
2025-08-07,517.8318481445312,525.0399748350125,514.56081112672,523.7573865594029,16079100
2025-08-08,519.0249633789062,521.629826851029,516.4101479520375,519.5817267008259,15531000
2025-08-11,518.7565307617188,524.5429245664681,516.7183220142601,519.2834381856256,20194400
2025-08-12,526.183349609375,527.9132904806338,519.6811434112465,520.7250669698358,18667000
2025-08-13,517.5733642578125,529.6233593434064,516.3703308668756,529.0367402367135,19619200
2025-08-14,519.4623413085938,522.9123315064297,517.1358902118243,519.5418962511537,20269100
2025-08-15,517.1657104492188,523.0614541020369,516.0820397908819,519.7507304052322,25213300
2025-08-18,514.1134033203125,519.8003983365775,511.0512359172718,518.5775217659684,23760600
2025-08-19,506.8258056640625,512.1846598699071,505.61285057663105,512.0256106523992,21481000
2025-08-20,502.7991943359375,508.0486982628479,501.52658824278717,506.925219770199,27723000
2025-08-21,502.15185546875,505.5278315490841,500.6381609615915,501.6041452591809,18443300
2025-08-22,505.1295166015625,508.6150227226763,500.32946944945456,502.1618461633245,24324200
2025-08-25,502.17181396484375,506.0855321115255,502.0323791323648,504.5319946732823,21638600
2025-08-26,499.96099853515625,502.88882606141556,496.4456179190968,502.2713680297872,30835700
2025-08-27,504.6415100097656,505.1892506185915,497.82983904056124,499.9211487290224,17277900
2025-08-28,507.5295104980469,508.9734875719172,503.4066403395377,504.9900522378754,18015600
2025-08-29,504.59173583984375,507.4896888132377,502.40083415821226,506.5535790393771,20961600
2025-09-02,503.0282287597656,503.90458943006223,494.75264396148896,498.3974910813857,18128000
2025-09-03,503.2572937011719,505.68719181229375,500.2398424947412,501.70375627159575,16345100
2025-09-04,505.866455078125,506.04570238922344,501.0664078062513,502.2116394820944,15509500
2025-09-05,492.9501647949219,509.8498918622262,490.3310509759443,506.9619070760115,31994800
2025-09-08,496.13690185546875,499.1244784694731,492.9800158612091,496.04724781279185,16771000
2025-09-09,496.3460388183594,500.17013335375145,495.6389875077243,499.3535217605099,14410500
2025-09-10,498.29791259765625,501.1460848531792,494.6630336933239,500.8971201283455,21611800
2025-09-11,498.9352722167969,501.08633106619584,495.8182290284252,500.17012751524385,18881600
2025-09-12,507.7884521484375,510.42747218178897,501.7635178992086,504.55191069082485,23624900
2025-09-15,513.225830078125,513.3353599697668,504.9004642300766,506.68306017742736,17143800
2025-09-16,506.9320068359375,515.0880630075219,506.4938265025834,514.7395367165727,19711900
2025-09-17,507.9079284667969,509.1726886784055,503.8348693472275,508.5054498653079,15816600
2025-09-18,506.3444519042969,510.9453149965379,505.55771489166153,509.37184097126715,18913700
2025-09-19,515.78515625,517.1494779837726,508.1967168320822,508.44568153944795,52474100
2025-09-22,512.319580078125,515.5959337012963,510.4174557013089,513.4548737162081,20009300
2025-09-23,507.1212463378906,512.4590659268906,505.2091838485409,511.67229848312854,19799600
2025-09-24,508.0373840332031,510.35772177145367,504.82077941210207,508.26644250853604,13533700
2025-09-25,504.9303283691406,507.89799878212006,502.94857891661616,506.1950582100621,15786500
2025-09-26,509.34197998046875,511.8117209714621,504.52202659403474,507.94778361103766,16213100
2025-09-29,512.4689331054688,514.7096154882738,506.77264973451184,509.3817950243417,17617800
2025-09-30,515.8051147460938,516.0142062084105,507.54943619028296,511.11459757878936,19728200
2025-10-01,517.557861328125,518.3545363078492,509.5710533372991,512.6681599915194,22632300
2025-10-02,513.604248046875,519.439966484546,508.5652045551738,515.496404228155,21222900
2025-10-03,515.20751953125,518.3345307125708,512.8672756929882,514.9585548343116,15112300
2025-10-06,526.3811645507812,528.8309994124726,516.0541122577388,516.4623876768178,21388600
2025-10-07,521.8101196289062,527.6060256392368,519.2806599401652,526.1022689962125,14615200
2025-10-08,522.676513671875,524.7678538085896,520.923853084141,521.1130687043808,13363400
2025-10-09,520.2366943359375,522.158694647609,515.2574000210162,520.1769452354545,18343600
2025-10-10,508.84405517578125,521.4118200258811,507.5195762105422,517.4881335274953,24133800
2025-10-13,511.9212341308594,514.2714464494894,509.56105349845876,514.2714464494894,14284200
2025-10-14,511.4432373046875,513.1461778212379,503.9045785101632,508.11707238992415,14684300
2025-10-15,511.3038024902344,515.0482414945574,507.888013925759,512.8274957075639,14694700
2025-10-16,509.4913330078125,514.7096236704256,506.02576365101777,510.4573477017149,15559600
2025-10-17,511.4532470703125,513.3453425707617,505.2091921192977,506.93203901166436,19867800
2025-10-20,514.6498413085938,516.5519656323323,511.30377036778043,512.4788764440519,14665600
2025-10-21,515.5162963867188,516.5420602391357,510.91543308707116,515.3569857054445,15586200
2025-10-22,518.3843994140625,523.0549803520576,515.5661623300699,518.9919195722497,18962700
2025-10-23,518.404296875,521.7802730707533,516.4623598997719,520.2964530626382,14023500
2025-10-24,521.441650390625,523.1744351060786,518.5536961256696,520.6250388201142,15532400
2025-10-27,529.3189697265625,532.3662956890146,526.819354031342,529.577902779321,18734700
2025-10-28,539.8252563476562,551.4269763883988,538.5306518978505,547.7224103521172,29986700
2025-10-29,539.307373046875,544.0078586434945,534.507325873603,542.6833492925585,36023000
2025-10-30,523.582763671875,532.7545848667123,519.9578228356851,528.2831883129468,41023100
2025-10-31,515.6656494140625,527.1279940743384,512.9668501497666,526.6898137654194,34006400
2025-11-03,514.888916015625,522.7860691817526,512.4590180581705,517.657371934483,22374700
2025-11-04,512.2001342773438,513.4150529816625,505.73698923396887,509.6407695643784,20958700
2025-11-05,505.0597839355469,512.6980347767452,504.4821687767013,511.17434154282535,23024300
2025-11-06,495.04144287109375,503.6058351018555,493.75677643867937,503.5659922381216,27406500
2025-11-07,494.7626037597656,497.31199999791255,491.2073803526309,494.89207027354036,24019800
2025-11-10,503.9045715332031,504.7510576229119,496.73437575016374,497.9692613740871,26101500
2025-11-11,506.573486328125,507.48968986721945,500.26971300797675,502.70954902224156,17980000
2025-11-12,509.0233154296875,509.5511194130969,497.05307240824305,507.2506574723947,26574900
2025-11-13,501.205810546875,511.3735209246628,499.2140928412288,508.1967287528611,25273100
2025-11-14,508.0672607421875,509.4813936811572,495.3800287197931,496.166765720741,28505700
2025-11-17,505.3883972167969,509.9992285471841,502.8190947602184,506.34444359286346,19092800
2025-11-18,491.74517822265625,500.89712400975867,484.76419755903834,493.31862192366924,33815100
2025-11-19,485.1027526855469,493.13934080841636,480.8305097576304,488.0704229659532,23245300
2025-11-20,477.3404846191406,492.4460215630244,474.41716428973194,491.5879641710541,26802500
2025-11-21,471.04486083984375,477.8293938228302,467.20362215472323,477.4103368698009,31769200
2025-11-24,472.92059326171875,475.8139832068258,466.9542001322548,473.9183160323131,34421000
2025-11-25,475.90374755859375,478.0588322743821,463.8313270788984,472.9904142849383,28019800
2025-11-26,484.3943786621094,487.1979770584782,480.10418316215106,485.2025316262965,25709100
2025-11-28,490.88958740234375,491.5081706450152,485.54177754838196,486.48962635446395,14386700
2025-12-01,485.6315612792969,488.7444513856018,483.5463243869077,487.32770213243884,23964000
2025-12-02,488.8841552734375,492.3761849539621,485.2125428025972,485.6116258193264,19562700
2025-12-03,476.64208984375,483.13724409881166,474.1178525596479,475.23529714339696,34615100
2025-12-04,479.7449951171875,480.2239129901724,475.40489514051177,478.6674679630734,22318200
2025-12-05,482.0597229003906,482.299166614698,477.78947078944657,481.4211657314621,22608700
2025-12-08,489.9018249511719,491.17890888246444,483.2769615726175,483.7858099301447,21965900
2025-12-09,490.8995361328125,490.99931449735556,487.3875630167038,487.9862027558801,14696100
2025-12-10,477.4701843261719,483.14722906115725,473.99809828560024,482.92772884397027,35756200
2025-12-11,482.3690185546875,484.92318635563356,474.7763326037194,475.5445986070271,24669200
2025-12-12,477.4402770996094,481.3513637649093,475.2552617920193,478.72734800157895,21248100
2025-12-15,473.73870849609375,479.6252664455081,471.44392797474177,479.0066832317436,23727700
2025-12-16,475.3051452636719,476.80172935648005,469.8076832860371,470.8353364785088,20705600
2025-12-17,475.0357360839844,478.9069051052783,473.9182915104317,475.8239455574328,24527200
2025-12-18,482.87786865234375,488.4850656489584,476.8017407441929,477.10104539067044,28573500
2025-12-19,484.8134460449219,486.73904362092316,481.39123391446003,486.2501387748106,70836100
2025-12-22,483.81573486328125,487.6170561484318,481.5908021440126,485.01298390813173,16963000
2025-12-23,485.7413330078125,486.71908182827985,483.63612214595605,483.8755963136496,14683600
2025-12-24,486.90863037109375,488.04604888584674,483.7258924615979,484.5739628623746,5855900
2025-12-26,486.599365234375,487.00843522519267,484.85335038112265,485.601642461088,8842200
2025-12-29,485.9907531738281,487.23790659993216,483.0773893732932,483.7558335295542,10893400
2025-12-30,486.3699035644531,488.56487537463653,484.39440153201394,484.82341501264875,13944500
2025-12-31,482.5186767578125,487.0284031238816,482.1993981667827,486.7290680267604,15601600
2026-01-02,471.8630065917969,483.5563186075122,469.0893385249197,483.2869444224563,25571600
2026-01-05,471.773193359375,474.9858617296903,468.4308161640092,472.98042932285466,25250300
2026-01-06,477.4203186035156,477.64977534720424,468.68025764779384,472.72102257015473,23037700
2026-01-07,482.3690185546875,488.5848422406915,476.86159994291296,478.6674756822987,25564200
2026-01-08,477.0212097167969,481.5608665012806,474.7763335277468,480.14408679814625,18162600
2026-01-09,478.1885681152344,478.72734693664125,471.1247042989064,472.9804540365218,18491000
2026-01-12,476.09332275390625,479.89464390147504,474.59673866594744,475.5845048686955,23519900
2026-01-13,469.5981750488281,474.6965236309785,464.888922501957,473.5990225282599,28545800
2026-01-14,458.3338928222656,467.13381499707015,456.1289340170423,465.39775666549855,28184300
2026-01-15,455.6200866699219,463.1927988881192,454.8618076165624,463.0630900555096,23225800
2026-01-16,458.8127746582031,462.13520850615447,455.4404972994736,456.78739866953146,34246700
2026-01-20,453.48492431640625,455.7597309230742,448.2568669541529,450.1924514863621,26130000
2026-01-21,443.0986328125,451.65911099901973,437.68100562513575,451.56931960591265,37980500
2026-01-22,450.1126403808594,451.8087507279656,443.6873036586902,446.600636936346,25349400
2026-01-23,464.888916015625,470.0271819611143,449.50401819491054,450.8409629929935,38000200
2026-01-26,469.20904541015625,473.1700058760031,460.94790240319116,464.25036221183507,29291200
2026-01-27,479.485595703125,481.7703893732875,472.0825097961169,472.62128861771004,29213900
2026-01-28,480.533203125,482.63838346935967,476.9114647448887,482.10959164059926,36875400
2026-01-29,432.5128173828125,441.49232224197124,420.06122635013605,438.98802836564175,128855300
2026-01-30,429.31011962890625,438.5989157576861,425.47886802078926,438.1699022937122,58566800
2026-02-02,422.4058837890625,429.7590957240154,421.28843915961005,429.2602343395754,42219900
2026-02-03,410.2735595703125,421.0888704228976,407.6296003977664,421.0489834358989,61424100
2026-02-04,413.2467956542969,418.84400576689177,408.3080557741746,410.0640575889883,45012400
2026-02-05,392.7735290527344,407.37018733348754,391.4265972483441,406.51216038211834,66289200
2026-02-06,400.22650146484375,400.87501513504304,392.0252195920243,398.2609865133262,53515300
2026-02-09,412.65814208984375,413.94521298339265,399.9571203178888,403.9280678877113,45480500
2026-02-10,412.328857421875,422.7151545880433,411.76017861216997,418.66440278178237,44857900
2026-02-11,403.4491271972656,415.51159110220135,400.096793508188,415.2322299614449,42491000
2026-02-12,400.9248962402344,405.2749831551046,397.1036315998776,404.07770370563327,40802400
2026-02-13,400.4060974121094,404.61648859375555,397.1435245648219,403.528974460687,34091600
2026-02-17,395.95623779296875,399.60790672873594,393.6315571718042,398.31087932693146,32078800
2026-02-18,398.69000244140625,401.6432531481791,395.41747315874426,397.2233488345012,23223400
2026-02-19,398.4599914550781,404.42999267578125,396.6700134277344,400.69000244140625,28234000
2026-02-20,397.2300109863281,400.1199951171875,395.1600036621094,396.1099853515625,34015200
2026-02-23,384.4700012207031,395.3599853515625,383.1000061035156,395.0,43238300
2026-02-24,389.0,389.3599853515625,381.7099914550781,384.1400146484375,33884700
2026-02-25,400.6000061035156,401.4700012207031,390.1600036621094,390.5299987792969,43625500
2026-02-26,401.7200012207031,407.489990234375,398.739990234375,404.7099914550781,34283500
2026-02-27,393.39990234375,396.79998779296875,390.0,390.99249267578125,19204372
